DiffusionLM: 6L dim=512 heads=8 mlp=3x seq=512 batch=8
Schedule: cosine | ELBO steps: 64 | Muon LR: 0.02
Time budget: 21600.0s
  t=0.00: mask_prob=0.0000 sigma_bar=0.0000 dalpha_dt=0.0437
  t=0.25: mask_prob=0.1530 sigma_bar=0.1660 dalpha_dt=1.1225
  t=0.50: mask_prob=0.5062 sigma_bar=0.7055 dalpha_dt=1.5585
  t=0.75: mask_prob=0.8557 sigma_bar=1.9361 dalpha_dt=1.0952
  t=1.00: mask_prob=1.0000 sigma_bar=12.9281 dalpha_dt=0.0049
Parameters: 16,779,776
step 00000 (0.0%) | loss: 100.0529 | gnorm: 62.2025 | dt: 174ms | tok/s: 23,533 | remaining: 21600s
step 00020 (0.0%) | loss: 51.5692 | gnorm: 13.9493 | dt: 148ms | tok/s: 27,642 | remaining: 21598s
step 00040 (0.0%) | loss: 40.6024 | gnorm: 3.8364 | dt: 149ms | tok/s: 27,527 | remaining: 21595s
step 00060 (0.0%) | loss: 46.7912 | gnorm: 9.0523 | dt: 146ms | tok/s: 28,093 | remaining: 21592s
step 00080 (0.1%) | loss: 37.5844 | gnorm: 3.4332 | dt: 149ms | tok/s: 27,482 | remaining: 21589s
step 00100 (0.1%) | loss: 45.0955 | gnorm: 9.2305 | dt: 148ms | tok/s: 27,583 | remaining: 21586s
step 00120 (0.1%) | loss: 35.4375 | gnorm: 6.3798 | dt: 149ms | tok/s: 27,416 | remaining: 21583s
step 00140 (0.1%) | loss: 39.5384 | gnorm: 9.8638 | dt: 149ms | tok/s: 27,502 | remaining: 21580s
step 00160 (0.1%) | loss: 30.9550 | gnorm: 3.7305 | dt: 149ms | tok/s: 27,469 | remaining: 21577s
step 00180 (0.1%) | loss: 34.6580 | gnorm: 9.1819 | dt: 149ms | tok/s: 27,419 | remaining: 21574s
step 00200 (0.1%) | loss: 29.2006 | gnorm: 4.8679 | dt: 151ms | tok/s: 27,095 | remaining: 21571s
step 00220 (0.1%) | loss: 33.8839 | gnorm: 9.1668 | dt: 150ms | tok/s: 27,270 | remaining: 21568s
step 00240 (0.2%) | loss: 27.2096 | gnorm: 3.3013 | dt: 158ms | tok/s: 25,979 | remaining: 21565s
step 00260 (0.2%) | loss: 29.7458 | gnorm: 7.7941 | dt: 161ms | tok/s: 25,458 | remaining: 21562s
step 00280 (0.2%) | loss: 26.1528 | gnorm: 3.2540 | dt: 161ms | tok/s: 25,460 | remaining: 21558s
step 00300 (0.2%) | loss: 29.7871 | gnorm: 8.3206 | dt: 163ms | tok/s: 25,184 | remaining: 21555s
step 00320 (0.2%) | loss: 25.2457 | gnorm: 4.5855 | dt: 153ms | tok/s: 26,768 | remaining: 21552s
step 00340 (0.2%) | loss: 29.1360 | gnorm: 10.0598 | dt: 154ms | tok/s: 26,624 | remaining: 21549s
step 00360 (0.2%) | loss: 25.4889 | gnorm: 3.5838 | dt: 155ms | tok/s: 26,369 | remaining: 21546s
step 00380 (0.3%) | loss: 28.8748 | gnorm: 6.3746 | dt: 159ms | tok/s: 25,756 | remaining: 21543s
step 00400 (0.3%) | loss: 25.7286 | gnorm: 2.9794 | dt: 158ms | tok/s: 25,884 | remaining: 21540s
step 00420 (0.3%) | loss: 29.0777 | gnorm: 6.7823 | dt: 158ms | tok/s: 25,989 | remaining: 21536s
step 00440 (0.3%) | loss: 24.9557 | gnorm: 3.3884 | dt: 159ms | tok/s: 25,731 | remaining: 21533s
step 00460 (0.3%) | loss: 28.7525 | gnorm: 7.4418 | dt: 158ms | tok/s: 25,863 | remaining: 21530s
step 00480 (0.3%) | loss: 26.1780 | gnorm: 3.1376 | dt: 158ms | tok/s: 25,935 | remaining: 21527s
step 00500 (0.4%) | loss: 27.6141 | gnorm: 8.3237 | dt: 158ms | tok/s: 25,899 | remaining: 21524s
step 00520 (0.4%) | loss: 23.2207 | gnorm: 2.9102 | dt: 158ms | tok/s: 25,976 | remaining: 21521s
step 00540 (0.4%) | loss: 26.4861 | gnorm: 8.0185 | dt: 159ms | tok/s: 25,789 | remaining: 21517s
step 00560 (0.4%) | loss: 23.9162 | gnorm: 2.9596 | dt: 165ms | tok/s: 24,818 | remaining: 21514s
step 00580 (0.4%) | loss: 26.9286 | gnorm: 8.1981 | dt: 156ms | tok/s: 26,265 | remaining: 21511s
step 00600 (0.4%) | loss: 22.3623 | gnorm: 3.1000 | dt: 158ms | tok/s: 25,871 | remaining: 21508s
step 00620 (0.4%) | loss: 25.9286 | gnorm: 7.5706 | dt: 162ms | tok/s: 25,345 | remaining: 21505s
step 00640 (0.5%) | loss: 21.8160 | gnorm: 3.5284 | dt: 162ms | tok/s: 25,320 | remaining: 21502s
step 00660 (0.5%) | loss: 28.2370 | gnorm: 8.5615 | dt: 157ms | tok/s: 26,048 | remaining: 21498s
step 00680 (0.5%) | loss: 23.2402 | gnorm: 3.1498 | dt: 152ms | tok/s: 26,917 | remaining: 21495s
step 00700 (0.5%) | loss: 26.7651 | gnorm: 7.9918 | dt: 149ms | tok/s: 27,524 | remaining: 21492s
step 00720 (0.5%) | loss: 23.8446 | gnorm: 4.6893 | dt: 151ms | tok/s: 27,134 | remaining: 21489s
step 00740 (0.5%) | loss: 25.8444 | gnorm: 8.2917 | dt: 150ms | tok/s: 27,246 | remaining: 21486s
step 00760 (0.5%) | loss: 22.1670 | gnorm: 2.5674 | dt: 152ms | tok/s: 26,906 | remaining: 21483s
step 00780 (0.6%) | loss: 24.2727 | gnorm: 6.8813 | dt: 158ms | tok/s: 25,844 | remaining: 21480s
step 00800 (0.6%) | loss: 21.0501 | gnorm: 2.9310 | dt: 157ms | tok/s: 26,042 | remaining: 21477s
step 00820 (0.6%) | loss: 25.5123 | gnorm: 7.1327 | dt: 162ms | tok/s: 25,359 | remaining: 21474s
step 00840 (0.6%) | loss: 22.5622 | gnorm: 3.2190 | dt: 155ms | tok/s: 26,436 | remaining: 21471s
step 00860 (0.6%) | loss: 24.0749 | gnorm: 7.1923 | dt: 156ms | tok/s: 26,298 | remaining: 21468s
step 00880 (0.6%) | loss: 21.4244 | gnorm: 2.9977 | dt: 160ms | tok/s: 25,559 | remaining: 21464s
step 00900 (0.6%) | loss: 23.7968 | gnorm: 5.8514 | dt: 155ms | tok/s: 26,349 | remaining: 21461s
step 00920 (0.7%) | loss: 20.7840 | gnorm: 3.0191 | dt: 152ms | tok/s: 26,928 | remaining: 21458s
step 00940 (0.7%) | loss: 22.6635 | gnorm: 6.6611 | dt: 152ms | tok/s: 26,899 | remaining: 21455s
step 00960 (0.7%) | loss: 21.5473 | gnorm: 2.6547 | dt: 155ms | tok/s: 26,351 | remaining: 21452s
step 00980 (0.7%) | loss: 23.0971 | gnorm: 6.3686 | dt: 150ms | tok/s: 27,311 | remaining: 21449s
step 01000 (0.7%) | loss: 19.8845 | gnorm: 2.9344 | dt: 166ms | tok/s: 24,706 | remaining: 21446s
step 01020 (0.7%) | loss: 22.7547 | gnorm: 7.3755 | dt: 151ms | tok/s: 27,118 | remaining: 21443s
step 01040 (0.7%) | loss: 20.3617 | gnorm: 4.2948 | dt: 149ms | tok/s: 27,410 | remaining: 21440s
step 01060 (0.8%) | loss: 22.8288 | gnorm: 7.2468 | dt: 151ms | tok/s: 27,171 | remaining: 21437s
step 01080 (0.8%) | loss: 19.7661 | gnorm: 3.3185 | dt: 158ms | tok/s: 25,902 | remaining: 21434s
step 01100 (0.8%) | loss: 23.6838 | gnorm: 7.9111 | dt: 150ms | tok/s: 27,335 | remaining: 21431s
step 01120 (0.8%) | loss: 20.3765 | gnorm: 2.3481 | dt: 149ms | tok/s: 27,513 | remaining: 21428s
step 01140 (0.8%) | loss: 22.4506 | gnorm: 6.3219 | dt: 151ms | tok/s: 27,157 | remaining: 21425s
step 01160 (0.8%) | loss: 20.4870 | gnorm: 3.2823 | dt: 151ms | tok/s: 27,112 | remaining: 21422s
step 01180 (0.8%) | loss: 22.7679 | gnorm: 7.8743 | dt: 151ms | tok/s: 27,189 | remaining: 21419s
step 01200 (0.9%) | loss: 20.1969 | gnorm: 3.2960 | dt: 150ms | tok/s: 27,302 | remaining: 21416s
step 01220 (0.9%) | loss: 21.9144 | gnorm: 6.9240 | dt: 149ms | tok/s: 27,573 | remaining: 21413s
step 01240 (0.9%) | loss: 19.9360 | gnorm: 2.5750 | dt: 151ms | tok/s: 27,054 | remaining: 21410s
step 01260 (0.9%) | loss: 23.3051 | gnorm: 11.0568 | dt: 149ms | tok/s: 27,539 | remaining: 21407s
step 01280 (0.9%) | loss: 20.7377 | gnorm: 2.5930 | dt: 158ms | tok/s: 25,954 | remaining: 21403s
step 01300 (0.9%) | loss: 22.8646 | gnorm: 5.3503 | dt: 151ms | tok/s: 27,208 | remaining: 21400s
step 01320 (0.9%) | loss: 18.4005 | gnorm: 3.4337 | dt: 149ms | tok/s: 27,412 | remaining: 21397s
step 01340 (1.0%) | loss: 21.6713 | gnorm: 6.5327 | dt: 150ms | tok/s: 27,383 | remaining: 21394s
step 01360 (1.0%) | loss: 18.7183 | gnorm: 3.3367 | dt: 153ms | tok/s: 26,703 | remaining: 21391s
step 01380 (1.0%) | loss: 20.7772 | gnorm: 7.0301 | dt: 151ms | tok/s: 27,127 | remaining: 21388s
step 01400 (1.0%) | loss: 18.9688 | gnorm: 4.2594 | dt: 153ms | tok/s: 26,815 | remaining: 21385s
step 01420 (1.0%) | loss: 21.1981 | gnorm: 7.5694 | dt: 158ms | tok/s: 25,994 | remaining: 21382s
step 01440 (1.0%) | loss: 18.2792 | gnorm: 3.3175 | dt: 152ms | tok/s: 27,004 | remaining: 21379s
step 01460 (1.0%) | loss: 22.2877 | gnorm: 5.6320 | dt: 153ms | tok/s: 26,805 | remaining: 21376s
step 01480 (1.1%) | loss: 22.5031 | gnorm: 2.9581 | dt: 155ms | tok/s: 26,449 | remaining: 21373s
step 01500 (1.1%) | loss: 22.3963 | gnorm: 7.4229 | dt: 154ms | tok/s: 26,671 | remaining: 21370s
step 01520 (1.1%) | loss: 19.1300 | gnorm: 2.4073 | dt: 156ms | tok/s: 26,240 | remaining: 21367s
step 01540 (1.1%) | loss: 21.0721 | gnorm: 7.4673 | dt: 157ms | tok/s: 26,163 | remaining: 21364s
step 01560 (1.1%) | loss: 19.4901 | gnorm: 3.2899 | dt: 155ms | tok/s: 26,440 | remaining: 21361s
step 01580 (1.1%) | loss: 22.9145 | gnorm: 7.2385 | dt: 156ms | tok/s: 26,302 | remaining: 21357s
step 01600 (1.1%) | loss: 19.4748 | gnorm: 2.5193 | dt: 158ms | tok/s: 25,944 | remaining: 21354s
step 01620 (1.2%) | loss: 21.9845 | gnorm: 6.7958 | dt: 157ms | tok/s: 26,156 | remaining: 21351s
step 01640 (1.2%) | loss: 19.0756 | gnorm: 2.4537 | dt: 155ms | tok/s: 26,422 | remaining: 21348s
step 01660 (1.2%) | loss: 21.8576 | gnorm: 6.6701 | dt: 158ms | tok/s: 25,987 | remaining: 21345s
step 01680 (1.2%) | loss: 19.1267 | gnorm: 2.6206 | dt: 159ms | tok/s: 25,763 | remaining: 21342s
step 01700 (1.2%) | loss: 20.8941 | gnorm: 8.0568 | dt: 158ms | tok/s: 25,850 | remaining: 21339s
step 01720 (1.2%) | loss: 22.4609 | gnorm: 3.6618 | dt: 159ms | tok/s: 25,720 | remaining: 21335s
step 01740 (1.2%) | loss: 21.1147 | gnorm: 6.8152 | dt: 160ms | tok/s: 25,552 | remaining: 21332s
step 01760 (1.3%) | loss: 17.9944 | gnorm: 3.3221 | dt: 160ms | tok/s: 25,595 | remaining: 21329s
step 01780 (1.3%) | loss: 21.2511 | gnorm: 7.7289 | dt: 161ms | tok/s: 25,478 | remaining: 21326s
step 01800 (1.3%) | loss: 18.7149 | gnorm: 3.2968 | dt: 158ms | tok/s: 25,856 | remaining: 21323s
step 01820 (1.3%) | loss: 20.6352 | gnorm: 6.9796 | dt: 160ms | tok/s: 25,615 | remaining: 21319s
step 01840 (1.3%) | loss: 18.8943 | gnorm: 2.3331 | dt: 160ms | tok/s: 25,559 | remaining: 21316s
step 01860 (1.3%) | loss: 22.6978 | gnorm: 8.6645 | dt: 161ms | tok/s: 25,495 | remaining: 21313s
step 01880 (1.3%) | loss: 18.3680 | gnorm: 3.1082 | dt: 163ms | tok/s: 25,189 | remaining: 21310s
step 01900 (1.4%) | loss: 21.1044 | gnorm: 6.6213 | dt: 163ms | tok/s: 25,204 | remaining: 21306s
step 01920 (1.4%) | loss: 17.9079 | gnorm: 2.8816 | dt: 163ms | tok/s: 25,116 | remaining: 21303s
step 01940 (1.4%) | loss: 20.8836 | gnorm: 7.6275 | dt: 163ms | tok/s: 25,117 | remaining: 21300s
step 01960 (1.4%) | loss: 18.2388 | gnorm: 2.8135 | dt: 164ms | tok/s: 24,954 | remaining: 21297s
step 01980 (1.4%) | loss: 19.9034 | gnorm: 7.5154 | dt: 164ms | tok/s: 25,035 | remaining: 21293s
step 02000 (1.4%) | loss: 19.4612 | gnorm: 2.5833 | dt: 164ms | tok/s: 24,977 | remaining: 21290s
step 02020 (1.4%) | loss: 20.0543 | gnorm: 5.3769 | dt: 164ms | tok/s: 24,966 | remaining: 21287s
step 02040 (1.5%) | loss: 18.1937 | gnorm: 3.0011 | dt: 164ms | tok/s: 24,956 | remaining: 21283s
step 02060 (1.5%) | loss: 18.6967 | gnorm: 6.7690 | dt: 163ms | tok/s: 25,083 | remaining: 21280s
step 02080 (1.5%) | loss: 18.0370 | gnorm: 2.7929 | dt: 164ms | tok/s: 24,930 | remaining: 21277s
step 02100 (1.5%) | loss: 19.1413 | gnorm: 7.0005 | dt: 163ms | tok/s: 25,124 | remaining: 21274s
step 02120 (1.5%) | loss: 18.1483 | gnorm: 2.4807 | dt: 163ms | tok/s: 25,133 | remaining: 21270s
step 02140 (1.5%) | loss: 19.9695 | gnorm: 5.6685 | dt: 162ms | tok/s: 25,271 | remaining: 21267s
step 02160 (1.6%) | loss: 18.1820 | gnorm: 2.8711 | dt: 163ms | tok/s: 25,171 | remaining: 21264s
step 02180 (1.6%) | loss: 21.0582 | gnorm: 7.4625 | dt: 164ms | tok/s: 24,916 | remaining: 21260s
step 02200 (1.6%) | loss: 18.2770 | gnorm: 3.5271 | dt: 167ms | tok/s: 24,588 | remaining: 21257s
step 02220 (1.6%) | loss: 20.9554 | gnorm: 5.9948 | dt: 168ms | tok/s: 24,356 | remaining: 21254s
step 02240 (1.6%) | loss: 18.4756 | gnorm: 2.7972 | dt: 167ms | tok/s: 24,591 | remaining: 21250s
step 02260 (1.6%) | loss: 20.1185 | gnorm: 7.8878 | dt: 164ms | tok/s: 25,024 | remaining: 21247s
step 02280 (1.6%) | loss: 18.1977 | gnorm: 3.2553 | dt: 169ms | tok/s: 24,273 | remaining: 21244s
step 02300 (1.7%) | loss: 21.2799 | gnorm: 7.0782 | dt: 166ms | tok/s: 24,680 | remaining: 21241s
step 02320 (1.7%) | loss: 18.5113 | gnorm: 2.5058 | dt: 164ms | tok/s: 24,948 | remaining: 21237s
step 02340 (1.7%) | loss: 20.6213 | gnorm: 6.7753 | dt: 163ms | tok/s: 25,184 | remaining: 21234s
step 02360 (1.7%) | loss: 17.8227 | gnorm: 2.9314 | dt: 156ms | tok/s: 26,254 | remaining: 21231s
step 02380 (1.7%) | loss: 19.3585 | gnorm: 6.4994 | dt: 162ms | tok/s: 25,248 | remaining: 21227s
step 02400 (1.7%) | loss: 16.9654 | gnorm: 2.6314 | dt: 164ms | tok/s: 24,964 | remaining: 21224s
step 02420 (1.8%) | loss: 19.2282 | gnorm: 5.9187 | dt: 162ms | tok/s: 25,210 | remaining: 21221s
step 02440 (1.8%) | loss: 18.2857 | gnorm: 2.4994 | dt: 162ms | tok/s: 25,297 | remaining: 21218s
step 02460 (1.8%) | loss: 18.3229 | gnorm: 6.4466 | dt: 163ms | tok/s: 25,157 | remaining: 21214s
step 02480 (1.8%) | loss: 16.8708 | gnorm: 3.3126 | dt: 163ms | tok/s: 25,199 | remaining: 21211s
step 02500 (1.8%) | loss: 19.7535 | gnorm: 5.9846 | dt: 162ms | tok/s: 25,214 | remaining: 21208s
step 02520 (1.8%) | loss: 17.1530 | gnorm: 2.7107 | dt: 160ms | tok/s: 25,659 | remaining: 21205s
step 02540 (1.8%) | loss: 18.6034 | gnorm: 5.1977 | dt: 161ms | tok/s: 25,435 | remaining: 21201s
step 02560 (1.9%) | loss: 16.0039 | gnorm: 2.7961 | dt: 162ms | tok/s: 25,234 | remaining: 21198s
step 02580 (1.9%) | loss: 19.5011 | gnorm: 6.0498 | dt: 162ms | tok/s: 25,359 | remaining: 21195s
step 02600 (1.9%) | loss: 18.0196 | gnorm: 2.5546 | dt: 163ms | tok/s: 25,112 | remaining: 21192s
step 02620 (1.9%) | loss: 20.1315 | gnorm: 6.9292 | dt: 161ms | tok/s: 25,462 | remaining: 21189s
step 02640 (1.9%) | loss: 17.4189 | gnorm: 2.7229 | dt: 163ms | tok/s: 25,198 | remaining: 21185s
step 02660 (1.9%) | loss: 19.1059 | gnorm: 6.0724 | dt: 159ms | tok/s: 25,692 | remaining: 21182s
step 02680 (1.9%) | loss: 18.4523 | gnorm: 3.1232 | dt: 158ms | tok/s: 25,862 | remaining: 21179s
step 02700 (2.0%) | loss: 22.2116 | gnorm: 5.9064 | dt: 159ms | tok/s: 25,742 | remaining: 21176s
step 02720 (2.0%) | loss: 16.6703 | gnorm: 2.3390 | dt: 159ms | tok/s: 25,733 | remaining: 21173s
step 02740 (2.0%) | loss: 20.4598 | gnorm: 7.3010 | dt: 160ms | tok/s: 25,583 | remaining: 21169s
step 02760 (2.0%) | loss: 17.5879 | gnorm: 2.4050 | dt: 161ms | tok/s: 25,471 | remaining: 21166s
step 02780 (2.0%) | loss: 19.8228 | gnorm: 6.5764 | dt: 161ms | tok/s: 25,478 | remaining: 21163s
step 02800 (2.0%) | loss: 17.3672 | gnorm: 2.4724 | dt: 161ms | tok/s: 25,419 | remaining: 21160s
step 02820 (2.1%) | loss: 20.1356 | gnorm: 6.1707 | dt: 157ms | tok/s: 26,108 | remaining: 21157s
step 02840 (2.1%) | loss: 18.0691 | gnorm: 4.2665 | dt: 159ms | tok/s: 25,830 | remaining: 21153s
step 02860 (2.1%) | loss: 18.7883 | gnorm: 6.0939 | dt: 158ms | tok/s: 25,930 | remaining: 21150s
step 02880 (2.1%) | loss: 17.4154 | gnorm: 3.4420 | dt: 159ms | tok/s: 25,796 | remaining: 21147s
step 02900 (2.1%) | loss: 19.3399 | gnorm: 6.1536 | dt: 160ms | tok/s: 25,596 | remaining: 21144s
step 02920 (2.1%) | loss: 17.2264 | gnorm: 2.5004 | dt: 160ms | tok/s: 25,560 | remaining: 21141s
step 02940 (2.1%) | loss: 20.8482 | gnorm: 7.0720 | dt: 156ms | tok/s: 26,205 | remaining: 21138s
step 02960 (2.2%) | loss: 16.8951 | gnorm: 2.5223 | dt: 158ms | tok/s: 25,950 | remaining: 21134s
step 02980 (2.2%) | loss: 23.7607 | gnorm: 8.3504 | dt: 157ms | tok/s: 26,158 | remaining: 21131s
step 03000 (2.2%) | loss: 18.5169 | gnorm: 2.4264 | dt: 157ms | tok/s: 26,013 | remaining: 21128s
step 03020 (2.2%) | loss: 20.0540 | gnorm: 5.7412 | dt: 158ms | tok/s: 25,986 | remaining: 21125s
step 03040 (2.2%) | loss: 17.4774 | gnorm: 2.4792 | dt: 162ms | tok/s: 25,335 | remaining: 21122s
step 03060 (2.2%) | loss: 18.2121 | gnorm: 5.5862 | dt: 156ms | tok/s: 26,273 | remaining: 21119s
step 03080 (2.2%) | loss: 16.9181 | gnorm: 2.6512 | dt: 157ms | tok/s: 26,129 | remaining: 21115s
step 03100 (2.3%) | loss: 18.2511 | gnorm: 5.5205 | dt: 158ms | tok/s: 25,867 | remaining: 21112s
step 03120 (2.3%) | loss: 16.7600 | gnorm: 2.3214 | dt: 157ms | tok/s: 26,024 | remaining: 21109s
step 03140 (2.3%) | loss: 18.7795 | gnorm: 6.2966 | dt: 159ms | tok/s: 25,759 | remaining: 21106s
step 03160 (2.3%) | loss: 16.6424 | gnorm: 2.3701 | dt: 157ms | tok/s: 26,111 | remaining: 21103s
step 03180 (2.3%) | loss: 19.1615 | gnorm: 6.3968 | dt: 157ms | tok/s: 26,080 | remaining: 21100s
step 03200 (2.3%) | loss: 17.8307 | gnorm: 2.3865 | dt: 157ms | tok/s: 26,151 | remaining: 21096s
step 03220 (2.3%) | loss: 19.1598 | gnorm: 5.9171 | dt: 158ms | tok/s: 25,875 | remaining: 21093s
step 03240 (2.4%) | loss: 16.3422 | gnorm: 2.4646 | dt: 159ms | tok/s: 25,719 | remaining: 21090s
step 03260 (2.4%) | loss: 18.9144 | gnorm: 4.7995 | dt: 158ms | tok/s: 25,891 | remaining: 21087s
step 03280 (2.4%) | loss: 17.5942 | gnorm: 2.6688 | dt: 158ms | tok/s: 25,973 | remaining: 21084s
step 03300 (2.4%) | loss: 18.3140 | gnorm: 5.9953 | dt: 157ms | tok/s: 26,130 | remaining: 21081s
step 03320 (2.4%) | loss: 16.5871 | gnorm: 2.9522 | dt: 159ms | tok/s: 25,837 | remaining: 21078s
step 03340 (2.4%) | loss: 18.9464 | gnorm: 6.2611 | dt: 160ms | tok/s: 25,672 | remaining: 21074s
step 03360 (2.4%) | loss: 16.1930 | gnorm: 3.0655 | dt: 156ms | tok/s: 26,260 | remaining: 21071s
step 03380 (2.5%) | loss: 17.4655 | gnorm: 6.3429 | dt: 158ms | tok/s: 25,893 | remaining: 21068s
step 03400 (2.5%) | loss: 16.3317 | gnorm: 2.5621 | dt: 157ms | tok/s: 26,069 | remaining: 21065s
step 03420 (2.5%) | loss: 19.0938 | gnorm: 5.5633 | dt: 159ms | tok/s: 25,718 | remaining: 21062s
step 03440 (2.5%) | loss: 16.8757 | gnorm: 2.7836 | dt: 159ms | tok/s: 25,692 | remaining: 21059s
step 03460 (2.5%) | loss: 18.7109 | gnorm: 5.9774 | dt: 155ms | tok/s: 26,497 | remaining: 21056s
step 03480 (2.5%) | loss: 16.4569 | gnorm: 2.3821 | dt: 156ms | tok/s: 26,250 | remaining: 21052s
step 03500 (2.5%) | loss: 17.7235 | gnorm: 5.9738 | dt: 157ms | tok/s: 26,030 | remaining: 21049s
step 03520 (2.6%) | loss: 16.7365 | gnorm: 2.4786 | dt: 158ms | tok/s: 25,928 | remaining: 21046s
step 03540 (2.6%) | loss: 20.0045 | gnorm: 5.8213 | dt: 154ms | tok/s: 26,535 | remaining: 21043s
step 03560 (2.6%) | loss: 16.6239 | gnorm: 2.2611 | dt: 156ms | tok/s: 26,216 | remaining: 21040s
step 03580 (2.6%) | loss: 18.8497 | gnorm: 4.9182 | dt: 157ms | tok/s: 26,009 | remaining: 21037s
step 03600 (2.6%) | loss: 16.1809 | gnorm: 2.1815 | dt: 159ms | tok/s: 25,718 | remaining: 21034s
step 03620 (2.6%) | loss: 18.0293 | gnorm: 5.2996 | dt: 155ms | tok/s: 26,345 | remaining: 21031s
step 03640 (2.7%) | loss: 16.4425 | gnorm: 2.4405 | dt: 156ms | tok/s: 26,329 | remaining: 21027s
step 03660 (2.7%) | loss: 17.2939 | gnorm: 6.2493 | dt: 155ms | tok/s: 26,451 | remaining: 21024s
step 03680 (2.7%) | loss: 15.8742 | gnorm: 3.0970 | dt: 157ms | tok/s: 26,139 | remaining: 21021s
step 03700 (2.7%) | loss: 18.4442 | gnorm: 8.3182 | dt: 157ms | tok/s: 26,113 | remaining: 21018s
step 03720 (2.7%) | loss: 16.1423 | gnorm: 2.3147 | dt: 159ms | tok/s: 25,724 | remaining: 21015s
step 03740 (2.7%) | loss: 16.2561 | gnorm: 6.8053 | dt: 158ms | tok/s: 25,923 | remaining: 21012s
step 03760 (2.7%) | loss: 16.2253 | gnorm: 3.0832 | dt: 157ms | tok/s: 26,044 | remaining: 21009s
step 03780 (2.8%) | loss: 18.6076 | gnorm: 5.9018 | dt: 159ms | tok/s: 25,824 | remaining: 21005s
step 03800 (2.8%) | loss: 16.4270 | gnorm: 2.3841 | dt: 156ms | tok/s: 26,216 | remaining: 21002s
step 03820 (2.8%) | loss: 17.2012 | gnorm: 5.9613 | dt: 158ms | tok/s: 25,969 | remaining: 20999s
step 03840 (2.8%) | loss: 15.5329 | gnorm: 2.4881 | dt: 158ms | tok/s: 25,972 | remaining: 20996s
step 03860 (2.8%) | loss: 17.2020 | gnorm: 6.2578 | dt: 159ms | tok/s: 25,742 | remaining: 20993s
step 03880 (2.8%) | loss: 15.8919 | gnorm: 2.8067 | dt: 158ms | tok/s: 25,854 | remaining: 20990s
step 03900 (2.8%) | loss: 15.9358 | gnorm: 4.8364 | dt: 157ms | tok/s: 26,094 | remaining: 20987s
step 03920 (2.9%) | loss: 15.5393 | gnorm: 2.3564 | dt: 156ms | tok/s: 26,179 | remaining: 20984s
step 03940 (2.9%) | loss: 17.8878 | gnorm: 5.7014 | dt: 159ms | tok/s: 25,840 | remaining: 20980s
step 03960 (2.9%) | loss: 16.2486 | gnorm: 3.7855 | dt: 155ms | tok/s: 26,442 | remaining: 20977s
step 03980 (2.9%) | loss: 17.9838 | gnorm: 5.4698 | dt: 156ms | tok/s: 26,220 | remaining: 20974s
step 04000 (2.9%) | loss: 15.8658 | gnorm: 3.2215 | dt: 157ms | tok/s: 26,011 | remaining: 20971s
step 04020 (2.9%) | loss: 16.9500 | gnorm: 6.1250 | dt: 159ms | tok/s: 25,767 | remaining: 20968s
step 04040 (2.9%) | loss: 15.8901 | gnorm: 2.4953 | dt: 157ms | tok/s: 26,060 | remaining: 20965s
step 04060 (3.0%) | loss: 17.1434 | gnorm: 6.8159 | dt: 156ms | tok/s: 26,257 | remaining: 20962s
step 04080 (3.0%) | loss: 15.7374 | gnorm: 2.4677 | dt: 158ms | tok/s: 25,994 | remaining: 20959s
step 04100 (3.0%) | loss: 16.7043 | gnorm: 5.6984 | dt: 158ms | tok/s: 25,857 | remaining: 20955s
step 04120 (3.0%) | loss: 15.6298 | gnorm: 2.5713 | dt: 154ms | tok/s: 26,602 | remaining: 20952s
step 04140 (3.0%) | loss: 17.0805 | gnorm: 5.1710 | dt: 156ms | tok/s: 26,267 | remaining: 20949s
step 04160 (3.0%) | loss: 16.2068 | gnorm: 2.6877 | dt: 156ms | tok/s: 26,228 | remaining: 20946s
step 04180 (3.0%) | loss: 15.8477 | gnorm: 5.6981 | dt: 158ms | tok/s: 25,845 | remaining: 20943s
step 04200 (3.1%) | loss: 15.0486 | gnorm: 2.3143 | dt: 161ms | tok/s: 25,405 | remaining: 20940s
step 04220 (3.1%) | loss: 16.2998 | gnorm: 5.3252 | dt: 156ms | tok/s: 26,257 | remaining: 20937s
step 04240 (3.1%) | loss: 15.4049 | gnorm: 3.0310 | dt: 157ms | tok/s: 26,116 | remaining: 20933s
step 04260 (3.1%) | loss: 16.7288 | gnorm: 5.1055 | dt: 157ms | tok/s: 26,010 | remaining: 20930s
step 04280 (3.1%) | loss: 14.7253 | gnorm: 2.1953 | dt: 159ms | tok/s: 25,820 | remaining: 20927s
step 04300 (3.1%) | loss: 18.0626 | gnorm: 5.1733 | dt: 159ms | tok/s: 25,786 | remaining: 20924s
step 04320 (3.1%) | loss: 15.6710 | gnorm: 2.7856 | dt: 156ms | tok/s: 26,209 | remaining: 20921s
step 04340 (3.2%) | loss: 15.8653 | gnorm: 5.1730 | dt: 156ms | tok/s: 26,223 | remaining: 20918s
step 04360 (3.2%) | loss: 14.7092 | gnorm: 2.7752 | dt: 157ms | tok/s: 26,031 | remaining: 20915s
step 04380 (3.2%) | loss: 15.8801 | gnorm: 4.7562 | dt: 158ms | tok/s: 25,853 | remaining: 20911s
step 04400 (3.2%) | loss: 15.8168 | gnorm: 3.1589 | dt: 154ms | tok/s: 26,638 | remaining: 20908s
step 04420 (3.2%) | loss: 16.2410 | gnorm: 4.7040 | dt: 155ms | tok/s: 26,372 | remaining: 20905s
step 04440 (3.2%) | loss: 14.4258 | gnorm: 2.6087 | dt: 157ms | tok/s: 26,105 | remaining: 20902s
step 04460 (3.2%) | loss: 15.5768 | gnorm: 6.6684 | dt: 156ms | tok/s: 26,194 | remaining: 20899s
step 04480 (3.3%) | loss: 14.6951 | gnorm: 2.8982 | dt: 158ms | tok/s: 25,931 | remaining: 20896s
step 04500 (3.3%) | loss: 15.8621 | gnorm: 5.8582 | dt: 157ms | tok/s: 26,078 | remaining: 20893s
step 04520 (3.3%) | loss: 14.6853 | gnorm: 2.3985 | dt: 157ms | tok/s: 26,089 | remaining: 20889s
step 04540 (3.3%) | loss: 16.0351 | gnorm: 5.6028 | dt: 155ms | tok/s: 26,351 | remaining: 20886s
step 04560 (3.3%) | loss: 15.5229 | gnorm: 2.3700 | dt: 158ms | tok/s: 25,896 | remaining: 20883s
step 04580 (3.3%) | loss: 15.9307 | gnorm: 5.2705 | dt: 156ms | tok/s: 26,338 | remaining: 20880s
step 04600 (3.3%) | loss: 15.9414 | gnorm: 2.7820 | dt: 157ms | tok/s: 26,090 | remaining: 20877s
step 04620 (3.4%) | loss: 15.3435 | gnorm: 6.0356 | dt: 158ms | tok/s: 25,871 | remaining: 20874s
step 04640 (3.4%) | loss: 14.7795 | gnorm: 2.7033 | dt: 158ms | tok/s: 25,862 | remaining: 20871s
step 04660 (3.4%) | loss: 17.3664 | gnorm: 5.7226 | dt: 160ms | tok/s: 25,573 | remaining: 20867s
step 04680 (3.4%) | loss: 15.1166 | gnorm: 3.1475 | dt: 156ms | tok/s: 26,190 | remaining: 20864s
step 04700 (3.4%) | loss: 15.7135 | gnorm: 4.5798 | dt: 157ms | tok/s: 26,115 | remaining: 20861s
step 04720 (3.4%) | loss: 14.9313 | gnorm: 2.6973 | dt: 157ms | tok/s: 26,058 | remaining: 20858s
step 04740 (3.4%) | loss: 16.6932 | gnorm: 5.3688 | dt: 158ms | tok/s: 25,984 | remaining: 20855s
step 04760 (3.5%) | loss: 14.4969 | gnorm: 2.2934 | dt: 161ms | tok/s: 25,481 | remaining: 20852s
step 04780 (3.5%) | loss: 16.1146 | gnorm: 5.5096 | dt: 155ms | tok/s: 26,345 | remaining: 20849s
step 04800 (3.5%) | loss: 14.9619 | gnorm: 2.5449 | dt: 157ms | tok/s: 26,024 | remaining: 20845s
step 04820 (3.5%) | loss: 15.3923 | gnorm: 5.0046 | dt: 159ms | tok/s: 25,795 | remaining: 20842s
step 04840 (3.5%) | loss: 14.2573 | gnorm: 2.4785 | dt: 158ms | tok/s: 25,909 | remaining: 20839s
step 04860 (3.5%) | loss: 15.4113 | gnorm: 5.5108 | dt: 159ms | tok/s: 25,724 | remaining: 20836s
step 04880 (3.6%) | loss: 15.0546 | gnorm: 2.7489 | dt: 160ms | tok/s: 25,632 | remaining: 20833s
step 04900 (3.6%) | loss: 16.6904 | gnorm: 5.6224 | dt: 157ms | tok/s: 26,093 | remaining: 20830s
step 04920 (3.6%) | loss: 14.0913 | gnorm: 2.4916 | dt: 157ms | tok/s: 26,141 | remaining: 20826s
step 04940 (3.6%) | loss: 15.7374 | gnorm: 5.1768 | dt: 158ms | tok/s: 25,877 | remaining: 20823s
step 04960 (3.6%) | loss: 14.3488 | gnorm: 2.4798 | dt: 159ms | tok/s: 25,754 | remaining: 20820s
step 04980 (3.6%) | loss: 15.0212 | gnorm: 4.9614 | dt: 160ms | tok/s: 25,590 | remaining: 20817s
step 05000 (3.6%) | loss: 14.3559 | gnorm: 2.3981 | dt: 155ms | tok/s: 26,368 | remaining: 20814s
step 05020 (3.7%) | loss: 15.9234 | gnorm: 4.6210 | dt: 157ms | tok/s: 26,039 | remaining: 20811s
step 05040 (3.7%) | loss: 14.2733 | gnorm: 2.5308 | dt: 157ms | tok/s: 26,117 | remaining: 20807s
step 05060 (3.7%) | loss: 16.1474 | gnorm: 6.1076 | dt: 158ms | tok/s: 25,861 | remaining: 20804s
step 05080 (3.7%) | loss: 14.5154 | gnorm: 4.5713 | dt: 159ms | tok/s: 25,737 | remaining: 20801s
step 05100 (3.7%) | loss: 14.7621 | gnorm: 6.2357 | dt: 160ms | tok/s: 25,570 | remaining: 20798s
step 05120 (3.7%) | loss: 14.5455 | gnorm: 2.4506 | dt: 156ms | tok/s: 26,309 | remaining: 20795s
step 05140 (3.7%) | loss: 15.0997 | gnorm: 4.4712 | dt: 157ms | tok/s: 26,047 | remaining: 20792s
step 05160 (3.8%) | loss: 14.3693 | gnorm: 2.7646 | dt: 159ms | tok/s: 25,778 | remaining: 20788s
step 05180 (3.8%) | loss: 15.9138 | gnorm: 5.6515 | dt: 159ms | tok/s: 25,783 | remaining: 20785s
step 05200 (3.8%) | loss: 14.1606 | gnorm: 2.3922 | dt: 159ms | tok/s: 25,742 | remaining: 20782s
step 05220 (3.8%) | loss: 15.8127 | gnorm: 6.0697 | dt: 158ms | tok/s: 25,856 | remaining: 20779s
step 05240 (3.8%) | loss: 14.8888 | gnorm: 2.5443 | dt: 156ms | tok/s: 26,264 | remaining: 20776s
step 05260 (3.8%) | loss: 15.8969 | gnorm: 5.4843 | dt: 158ms | tok/s: 25,984 | remaining: 20773s
step 05280 (3.8%) | loss: 17.7379 | gnorm: 2.6869 | dt: 159ms | tok/s: 25,782 | remaining: 20769s
step 05300 (3.9%) | loss: 15.6570 | gnorm: 4.7010 | dt: 158ms | tok/s: 25,943 | remaining: 20766s
step 05320 (3.9%) | loss: 14.1303 | gnorm: 2.3610 | dt: 159ms | tok/s: 25,733 | remaining: 20763s
step 05340 (3.9%) | loss: 15.4538 | gnorm: 6.5268 | dt: 160ms | tok/s: 25,597 | remaining: 20760s
step 05360 (3.9%) | loss: 14.2969 | gnorm: 2.6099 | dt: 158ms | tok/s: 25,964 | remaining: 20757s
step 05380 (3.9%) | loss: 16.3144 | gnorm: 6.1549 | dt: 157ms | tok/s: 26,043 | remaining: 20754s
step 05400 (3.9%) | loss: 14.4291 | gnorm: 2.5131 | dt: 158ms | tok/s: 25,954 | remaining: 20750s
step 05420 (3.9%) | loss: 15.4018 | gnorm: 5.3511 | dt: 158ms | tok/s: 25,981 | remaining: 20747s
step 05440 (4.0%) | loss: 14.6589 | gnorm: 2.1994 | dt: 160ms | tok/s: 25,651 | remaining: 20744s
step 05460 (4.0%) | loss: 16.4690 | gnorm: 5.0802 | dt: 159ms | tok/s: 25,716 | remaining: 20741s
step 05480 (4.0%) | loss: 14.2099 | gnorm: 2.5837 | dt: 162ms | tok/s: 25,323 | remaining: 20738s
step 05500 (4.0%) | loss: 16.1457 | gnorm: 5.2659 | dt: 157ms | tok/s: 26,077 | remaining: 20734s
step 05520 (4.0%) | loss: 15.5901 | gnorm: 2.5664 | dt: 159ms | tok/s: 25,789 | remaining: 20731s
step 05540 (4.0%) | loss: 16.5049 | gnorm: 6.4116 | dt: 156ms | tok/s: 26,175 | remaining: 20728s
step 05560 (4.1%) | loss: 14.5829 | gnorm: 2.4271 | dt: 159ms | tok/s: 25,834 | remaining: 20725s
step 05580 (4.1%) | loss: 15.7446 | gnorm: 7.1853 | dt: 160ms | tok/s: 25,645 | remaining: 20722s
step 05600 (4.1%) | loss: 15.1153 | gnorm: 2.5475 | dt: 159ms | tok/s: 25,751 | remaining: 20719s
step 05620 (4.1%) | loss: 16.0673 | gnorm: 5.0523 | dt: 163ms | tok/s: 25,125 | remaining: 20715s
step 05640 (4.1%) | loss: 15.4992 | gnorm: 2.5509 | dt: 157ms | tok/s: 26,123 | remaining: 20712s
step 05660 (4.1%) | loss: 15.5798 | gnorm: 5.4392 | dt: 157ms | tok/s: 26,082 | remaining: 20709s
step 05680 (4.1%) | loss: 14.3015 | gnorm: 2.4504 | dt: 157ms | tok/s: 26,158 | remaining: 20706s
step 05700 (4.2%) | loss: 15.2657 | gnorm: 6.0457 | dt: 156ms | tok/s: 26,206 | remaining: 20703s
step 05720 (4.2%) | loss: 14.6399 | gnorm: 2.2316 | dt: 159ms | tok/s: 25,756 | remaining: 20699s
step 05740 (4.2%) | loss: 16.3805 | gnorm: 4.4860 | dt: 159ms | tok/s: 25,734 | remaining: 20696s
step 05760 (4.2%) | loss: 15.2173 | gnorm: 2.4084 | dt: 162ms | tok/s: 25,281 | remaining: 20693s
step 05780 (4.2%) | loss: 15.6565 | gnorm: 4.7471 | dt: 158ms | tok/s: 25,968 | remaining: 20690s
step 05800 (4.2%) | loss: 13.9696 | gnorm: 2.6642 | dt: 157ms | tok/s: 26,046 | remaining: 20687s
step 05820 (4.2%) | loss: 22.7695 | gnorm: 5.8297 | dt: 158ms | tok/s: 25,999 | remaining: 20684s
step 05840 (4.3%) | loss: 15.6720 | gnorm: 2.3348 | dt: 158ms | tok/s: 25,913 | remaining: 20680s
step 05860 (4.3%) | loss: 15.6939 | gnorm: 4.9965 | dt: 159ms | tok/s: 25,838 | remaining: 20677s
step 05880 (4.3%) | loss: 14.2221 | gnorm: 2.3160 | dt: 159ms | tok/s: 25,703 | remaining: 20674s
step 05900 (4.3%) | loss: 15.5199 | gnorm: 5.5330 | dt: 157ms | tok/s: 26,126 | remaining: 20671s
step 05920 (4.3%) | loss: 14.8276 | gnorm: 2.8305 | dt: 157ms | tok/s: 26,072 | remaining: 20668s
step 05940 (4.3%) | loss: 16.2005 | gnorm: 6.1117 | dt: 156ms | tok/s: 26,314 | remaining: 20665s
step 05960 (4.3%) | loss: 15.0009 | gnorm: 2.9829 | dt: 159ms | tok/s: 25,797 | remaining: 20661s
step 05980 (4.4%) | loss: 15.2106 | gnorm: 5.7620 | dt: 159ms | tok/s: 25,819 | remaining: 20658s
step 06000 (4.4%) | loss: 14.3939 | gnorm: 2.1662 | dt: 160ms | tok/s: 25,658 | remaining: 20655s
step 06020 (4.4%) | loss: 14.7097 | gnorm: 4.7525 | dt: 157ms | tok/s: 26,109 | remaining: 20652s
step 06040 (4.4%) | loss: 14.1057 | gnorm: 2.5085 | dt: 157ms | tok/s: 26,084 | remaining: 20649s
step 06060 (4.4%) | loss: 15.5023 | gnorm: 5.0250 | dt: 157ms | tok/s: 26,053 | remaining: 20646s
step 06080 (4.4%) | loss: 14.8618 | gnorm: 2.8601 | dt: 157ms | tok/s: 26,043 | remaining: 20642s
step 06100 (4.4%) | loss: 15.8407 | gnorm: 5.4955 | dt: 159ms | tok/s: 25,746 | remaining: 20639s
step 06120 (4.5%) | loss: 14.1172 | gnorm: 2.3725 | dt: 159ms | tok/s: 25,829 | remaining: 20636s
step 06140 (4.5%) | loss: 16.3191 | gnorm: 5.6151 | dt: 154ms | tok/s: 26,539 | remaining: 20633s
step 06160 (4.5%) | loss: 14.5040 | gnorm: 2.7433 | dt: 157ms | tok/s: 26,087 | remaining: 20630s
step 06180 (4.5%) | loss: 15.5359 | gnorm: 5.6405 | dt: 159ms | tok/s: 25,839 | remaining: 20627s
step 06200 (4.5%) | loss: 14.8925 | gnorm: 2.7473 | dt: 159ms | tok/s: 25,841 | remaining: 20623s
step 06220 (4.5%) | loss: 14.5620 | gnorm: 6.2844 | dt: 158ms | tok/s: 25,897 | remaining: 20620s
step 06240 (4.5%) | loss: 14.3283 | gnorm: 2.3940 | dt: 160ms | tok/s: 25,604 | remaining: 20617s
step 06260 (4.6%) | loss: 15.2428 | gnorm: 5.7065 | dt: 156ms | tok/s: 26,210 | remaining: 20614s
step 06280 (4.6%) | loss: 14.4972 | gnorm: 3.2231 | dt: 157ms | tok/s: 26,112 | remaining: 20611s
step 06300 (4.6%) | loss: 15.8647 | gnorm: 5.8165 | dt: 158ms | tok/s: 25,967 | remaining: 20608s
step 06320 (4.6%) | loss: 13.8018 | gnorm: 2.3465 | dt: 160ms | tok/s: 25,647 | remaining: 20604s
step 06340 (4.6%) | loss: 15.5764 | gnorm: 6.1451 | dt: 160ms | tok/s: 25,615 | remaining: 20601s
step 06360 (4.6%) | loss: 14.4583 | gnorm: 2.8899 | dt: 159ms | tok/s: 25,746 | remaining: 20598s
step 06380 (4.7%) | loss: 16.4032 | gnorm: 5.1219 | dt: 159ms | tok/s: 25,692 | remaining: 20595s
step 06400 (4.7%) | loss: 14.4343 | gnorm: 2.8470 | dt: 157ms | tok/s: 26,100 | remaining: 20592s
step 06420 (4.7%) | loss: 15.7870 | gnorm: 4.6603 | dt: 157ms | tok/s: 26,079 | remaining: 20589s
step 06440 (4.7%) | loss: 14.7736 | gnorm: 2.7699 | dt: 158ms | tok/s: 25,846 | remaining: 20585s
step 06460 (4.7%) | loss: 15.4816 | gnorm: 5.4392 | dt: 159ms | tok/s: 25,824 | remaining: 20582s
step 06480 (4.7%) | loss: 14.2266 | gnorm: 2.1999 | dt: 161ms | tok/s: 25,502 | remaining: 20579s
step 06500 (4.7%) | loss: 14.8478 | gnorm: 4.2425 | dt: 157ms | tok/s: 26,079 | remaining: 20576s
step 06520 (4.8%) | loss: 13.9902 | gnorm: 3.2850 | dt: 158ms | tok/s: 25,966 | remaining: 20573s
step 06540 (4.8%) | loss: 15.6295 | gnorm: 5.8027 | dt: 157ms | tok/s: 26,139 | remaining: 20570s
step 06560 (4.8%) | loss: 15.5759 | gnorm: 2.7506 | dt: 158ms | tok/s: 25,881 | remaining: 20566s
step 06580 (4.8%) | loss: 15.3834 | gnorm: 4.8467 | dt: 158ms | tok/s: 25,904 | remaining: 20563s
step 06600 (4.8%) | loss: 14.4750 | gnorm: 2.6911 | dt: 160ms | tok/s: 25,536 | remaining: 20560s
step 06620 (4.8%) | loss: 14.8553 | gnorm: 5.9249 | dt: 156ms | tok/s: 26,219 | remaining: 20557s
step 06640 (4.8%) | loss: 14.7986 | gnorm: 2.6731 | dt: 156ms | tok/s: 26,253 | remaining: 20554s
step 06660 (4.9%) | loss: 14.9708 | gnorm: 5.5193 | dt: 157ms | tok/s: 26,158 | remaining: 20551s
step 06680 (4.9%) | loss: 14.2896 | gnorm: 2.2615 | dt: 158ms | tok/s: 25,877 | remaining: 20547s
step 06700 (4.9%) | loss: 14.2470 | gnorm: 5.9630 | dt: 161ms | tok/s: 25,465 | remaining: 20544s
step 06720 (4.9%) | loss: 13.8374 | gnorm: 2.6619 | dt: 156ms | tok/s: 26,323 | remaining: 20541s
step 06740 (4.9%) | loss: 14.5373 | gnorm: 6.3883 | dt: 157ms | tok/s: 26,150 | remaining: 20538s
step 06760 (4.9%) | loss: 14.3569 | gnorm: 2.3848 | dt: 156ms | tok/s: 26,203 | remaining: 20535s
step 06780 (4.9%) | loss: 14.9280 | gnorm: 5.4454 | dt: 158ms | tok/s: 25,889 | remaining: 20532s
step 06800 (5.0%) | loss: 14.4966 | gnorm: 2.6690 | dt: 160ms | tok/s: 25,561 | remaining: 20528s
step 06820 (5.0%) | loss: 14.4330 | gnorm: 5.1714 | dt: 155ms | tok/s: 26,439 | remaining: 20525s
step 06840 (5.0%) | loss: 14.4443 | gnorm: 2.6345 | dt: 157ms | tok/s: 26,113 | remaining: 20522s
step 06860 (5.0%) | loss: 15.4978 | gnorm: 5.8485 | dt: 159ms | tok/s: 25,765 | remaining: 20519s
step 06880 (5.0%) | loss: 13.8967 | gnorm: 2.4385 | dt: 159ms | tok/s: 25,762 | remaining: 20516s
step 06900 (5.0%) | loss: 15.1925 | gnorm: 5.6353 | dt: 162ms | tok/s: 25,212 | remaining: 20513s
step 06920 (5.0%) | loss: 14.7996 | gnorm: 3.2896 | dt: 158ms | tok/s: 26,000 | remaining: 20510s
step 06940 (5.1%) | loss: 15.6397 | gnorm: 4.3202 | dt: 157ms | tok/s: 26,069 | remaining: 20506s
step 06960 (5.1%) | loss: 13.9621 | gnorm: 2.2399 | dt: 156ms | tok/s: 26,256 | remaining: 20503s
step 06980 (5.1%) | loss: 14.9407 | gnorm: 4.7216 | dt: 158ms | tok/s: 25,998 | remaining: 20500s
step 07000 (5.1%) | loss: 13.3727 | gnorm: 2.3035 | dt: 160ms | tok/s: 25,544 | remaining: 20497s
step 07020 (5.1%) | loss: 14.1535 | gnorm: 4.8584 | dt: 156ms | tok/s: 26,335 | remaining: 20494s
step 07040 (5.1%) | loss: 13.6619 | gnorm: 2.4789 | dt: 157ms | tok/s: 26,016 | remaining: 20491s
step 07060 (5.1%) | loss: 14.5746 | gnorm: 4.8199 | dt: 158ms | tok/s: 25,987 | remaining: 20487s
step 07080 (5.2%) | loss: 12.9846 | gnorm: 2.4929 | dt: 158ms | tok/s: 25,869 | remaining: 20484s
step 07100 (5.2%) | loss: 15.3074 | gnorm: 5.7969 | dt: 162ms | tok/s: 25,257 | remaining: 20481s
step 07120 (5.2%) | loss: 14.0609 | gnorm: 2.4441 | dt: 156ms | tok/s: 26,318 | remaining: 20478s
step 07140 (5.2%) | loss: 14.9088 | gnorm: 4.6750 | dt: 156ms | tok/s: 26,227 | remaining: 20475s
step 07160 (5.2%) | loss: 13.6626 | gnorm: 2.6659 | dt: 158ms | tok/s: 25,972 | remaining: 20472s
step 07180 (5.2%) | loss: 14.2041 | gnorm: 5.0232 | dt: 159ms | tok/s: 25,790 | remaining: 20469s
step 07200 (5.3%) | loss: 12.5903 | gnorm: 2.6495 | dt: 161ms | tok/s: 25,507 | remaining: 20465s
step 07220 (5.3%) | loss: 14.1689 | gnorm: 4.9874 | dt: 155ms | tok/s: 26,476 | remaining: 20462s
step 07240 (5.3%) | loss: 13.5712 | gnorm: 2.4633 | dt: 157ms | tok/s: 26,051 | remaining: 20459s
step 07260 (5.3%) | loss: 15.0681 | gnorm: 5.1782 | dt: 157ms | tok/s: 26,033 | remaining: 20456s
step 07280 (5.3%) | loss: 13.3673 | gnorm: 2.3837 | dt: 158ms | tok/s: 25,864 | remaining: 20453s
step 07300 (5.3%) | loss: 15.7183 | gnorm: 5.7838 | dt: 160ms | tok/s: 25,623 | remaining: 20450s
step 07320 (5.3%) | loss: 13.2546 | gnorm: 2.2134 | dt: 155ms | tok/s: 26,383 | remaining: 20447s
step 07340 (5.4%) | loss: 14.5352 | gnorm: 4.6239 | dt: 157ms | tok/s: 26,108 | remaining: 20443s
step 07360 (5.4%) | loss: 13.5337 | gnorm: 3.3072 | dt: 158ms | tok/s: 25,976 | remaining: 20440s
step 07380 (5.4%) | loss: 14.2814 | gnorm: 4.9888 | dt: 158ms | tok/s: 25,928 | remaining: 20437s
step 07400 (5.4%) | loss: 13.0348 | gnorm: 2.4113 | dt: 160ms | tok/s: 25,658 | remaining: 20434s
step 07420 (5.4%) | loss: 14.4709 | gnorm: 4.6852 | dt: 156ms | tok/s: 26,270 | remaining: 20431s
step 07440 (5.4%) | loss: 14.1632 | gnorm: 2.6354 | dt: 157ms | tok/s: 26,139 | remaining: 20428s
step 07460 (5.4%) | loss: 14.4720 | gnorm: 5.2156 | dt: 156ms | tok/s: 26,217 | remaining: 20424s
step 07480 (5.5%) | loss: 12.9047 | gnorm: 2.6210 | dt: 159ms | tok/s: 25,816 | remaining: 20421s
step 07500 (5.5%) | loss: 15.2463 | gnorm: 5.0189 | dt: 161ms | tok/s: 25,473 | remaining: 20418s
step 07520 (5.5%) | loss: 12.4001 | gnorm: 2.7255 | dt: 156ms | tok/s: 26,285 | remaining: 20415s
step 07540 (5.5%) | loss: 14.2703 | gnorm: 4.4463 | dt: 157ms | tok/s: 26,058 | remaining: 20412s
step 07560 (5.5%) | loss: 12.6506 | gnorm: 2.7727 | dt: 157ms | tok/s: 26,143 | remaining: 20409s
step 07580 (5.5%) | loss: 13.1722 | gnorm: 4.3760 | dt: 158ms | tok/s: 25,875 | remaining: 20406s
step 07600 (5.5%) | loss: 13.8210 | gnorm: 2.3790 | dt: 160ms | tok/s: 25,613 | remaining: 20402s
step 07620 (5.6%) | loss: 13.9966 | gnorm: 5.2152 | dt: 157ms | tok/s: 26,130 | remaining: 20399s
step 07640 (5.6%) | loss: 15.2760 | gnorm: 2.5064 | dt: 157ms | tok/s: 26,135 | remaining: 20396s
step 07660 (5.6%) | loss: 14.5686 | gnorm: 4.8243 | dt: 154ms | tok/s: 26,546 | remaining: 20393s
step 07680 (5.6%) | loss: 13.2766 | gnorm: 2.7146 | dt: 158ms | tok/s: 25,881 | remaining: 20390s
step 07700 (5.6%) | loss: 14.9444 | gnorm: 5.6690 | dt: 159ms | tok/s: 25,790 | remaining: 20387s
step 07720 (5.6%) | loss: 13.5608 | gnorm: 2.4239 | dt: 159ms | tok/s: 25,754 | remaining: 20383s
step 07740 (5.6%) | loss: 14.9982 | gnorm: 5.2314 | dt: 157ms | tok/s: 26,098 | remaining: 20380s
step 07760 (5.7%) | loss: 13.5819 | gnorm: 2.2427 | dt: 157ms | tok/s: 26,010 | remaining: 20377s
step 07780 (5.7%) | loss: 13.1802 | gnorm: 5.1331 | dt: 158ms | tok/s: 25,866 | remaining: 20374s
step 07800 (5.7%) | loss: 12.2503 | gnorm: 2.5651 | dt: 159ms | tok/s: 25,740 | remaining: 20371s
step 07820 (5.7%) | loss: 13.4503 | gnorm: 5.5178 | dt: 161ms | tok/s: 25,409 | remaining: 20368s
step 07840 (5.7%) | loss: 13.6742 | gnorm: 5.5560 | dt: 157ms | tok/s: 26,073 | remaining: 20364s
step 07860 (5.7%) | loss: 15.4396 | gnorm: 5.5602 | dt: 157ms | tok/s: 26,070 | remaining: 20361s
step 07880 (5.7%) | loss: 13.2920 | gnorm: 2.4422 | dt: 158ms | tok/s: 25,934 | remaining: 20358s
step 07900 (5.8%) | loss: 14.4178 | gnorm: 4.7292 | dt: 158ms | tok/s: 25,918 | remaining: 20355s
step 07920 (5.8%) | loss: 14.0984 | gnorm: 2.3716 | dt: 159ms | tok/s: 25,768 | remaining: 20352s
step 07940 (5.8%) | loss: 13.5962 | gnorm: 5.2863 | dt: 160ms | tok/s: 25,629 | remaining: 20349s
step 07960 (5.8%) | loss: 13.3578 | gnorm: 2.6598 | dt: 157ms | tok/s: 26,122 | remaining: 20345s
step 07980 (5.8%) | loss: 14.6194 | gnorm: 4.5106 | dt: 157ms | tok/s: 26,120 | remaining: 20342s
step 08000 (5.8%) | loss: 13.2664 | gnorm: 2.8940 | dt: 158ms | tok/s: 25,995 | remaining: 20339s
step 08020 (5.9%) | loss: 14.5524 | gnorm: 5.8144 | dt: 159ms | tok/s: 25,820 | remaining: 20336s
step 08040 (5.9%) | loss: 13.3286 | gnorm: 2.7110 | dt: 162ms | tok/s: 25,253 | remaining: 20333s
step 08060 (5.9%) | loss: 15.7850 | gnorm: 5.0511 | dt: 156ms | tok/s: 26,189 | remaining: 20330s
step 08080 (5.9%) | loss: 14.1880 | gnorm: 2.4848 | dt: 158ms | tok/s: 25,977 | remaining: 20326s
step 08100 (5.9%) | loss: 14.1373 | gnorm: 4.4216 | dt: 157ms | tok/s: 26,008 | remaining: 20323s
step 08120 (5.9%) | loss: 13.6627 | gnorm: 2.6174 | dt: 158ms | tok/s: 25,851 | remaining: 20320s
step 08140 (5.9%) | loss: 14.7610 | gnorm: 6.0951 | dt: 159ms | tok/s: 25,721 | remaining: 20317s
step 08160 (6.0%) | loss: 13.2104 | gnorm: 2.3449 | dt: 160ms | tok/s: 25,596 | remaining: 20314s
step 08180 (6.0%) | loss: 14.2103 | gnorm: 4.7614 | dt: 156ms | tok/s: 26,243 | remaining: 20311s
step 08200 (6.0%) | loss: 12.7709 | gnorm: 2.5036 | dt: 156ms | tok/s: 26,221 | remaining: 20307s
step 08220 (6.0%) | loss: 14.6807 | gnorm: 4.5878 | dt: 159ms | tok/s: 25,746 | remaining: 20304s
step 08240 (6.0%) | loss: 13.3102 | gnorm: 2.9828 | dt: 159ms | tok/s: 25,833 | remaining: 20301s
step 08260 (6.0%) | loss: 14.3561 | gnorm: 4.8524 | dt: 159ms | tok/s: 25,806 | remaining: 20298s
step 08280 (6.0%) | loss: 12.7989 | gnorm: 2.2858 | dt: 159ms | tok/s: 25,790 | remaining: 20295s
step 08300 (6.1%) | loss: 13.3296 | gnorm: 4.0114 | dt: 161ms | tok/s: 25,512 | remaining: 20292s
step 08320 (6.1%) | loss: 13.1985 | gnorm: 2.4518 | dt: 156ms | tok/s: 26,193 | remaining: 20288s
step 08340 (6.1%) | loss: 13.9290 | gnorm: 4.6475 | dt: 157ms | tok/s: 26,162 | remaining: 20285s
step 08360 (6.1%) | loss: 13.1203 | gnorm: 2.7248 | dt: 158ms | tok/s: 25,928 | remaining: 20282s
step 08380 (6.1%) | loss: 13.8184 | gnorm: 4.5085 | dt: 158ms | tok/s: 25,864 | remaining: 20279s
step 08400 (6.1%) | loss: 12.9959 | gnorm: 2.1785 | dt: 161ms | tok/s: 25,492 | remaining: 20276s
step 08420 (6.1%) | loss: 14.4015 | gnorm: 4.8283 | dt: 158ms | tok/s: 25,994 | remaining: 20273s
step 08440 (6.2%) | loss: 12.8153 | gnorm: 2.1397 | dt: 157ms | tok/s: 26,037 | remaining: 20270s
step 08460 (6.2%) | loss: 14.4582 | gnorm: 5.0848 | dt: 157ms | tok/s: 26,022 | remaining: 20266s
step 08480 (6.2%) | loss: 13.0324 | gnorm: 2.1398 | dt: 158ms | tok/s: 25,986 | remaining: 20263s
step 08500 (6.2%) | loss: 14.3626 | gnorm: 18.7589 | dt: 158ms | tok/s: 25,848 | remaining: 20260s
step 08520 (6.2%) | loss: 13.6577 | gnorm: 2.3701 | dt: 159ms | tok/s: 25,789 | remaining: 20257s
step 08540 (6.2%) | loss: 13.4270 | gnorm: 4.4944 | dt: 156ms | tok/s: 26,305 | remaining: 20254s
step 08560 (6.2%) | loss: 13.4283 | gnorm: 2.3165 | dt: 156ms | tok/s: 26,202 | remaining: 20251s
step 08580 (6.3%) | loss: 13.2167 | gnorm: 5.0677 | dt: 157ms | tok/s: 26,095 | remaining: 20247s
step 08600 (6.3%) | loss: 13.1811 | gnorm: 2.2111 | dt: 159ms | tok/s: 25,820 | remaining: 20244s
step 08620 (6.3%) | loss: 15.0215 | gnorm: 5.6599 | dt: 160ms | tok/s: 25,529 | remaining: 20241s
step 08640 (6.3%) | loss: 13.7899 | gnorm: 2.4147 | dt: 156ms | tok/s: 26,285 | remaining: 20238s
step 08660 (6.3%) | loss: 15.3457 | gnorm: 5.0258 | dt: 156ms | tok/s: 26,331 | remaining: 20235s
step 08680 (6.3%) | loss: 13.7633 | gnorm: 2.1440 | dt: 157ms | tok/s: 26,044 | remaining: 20232s
step 08700 (6.3%) | loss: 13.8133 | gnorm: 4.9033 | dt: 157ms | tok/s: 26,086 | remaining: 20229s
step 08720 (6.4%) | loss: 12.7658 | gnorm: 2.3231 | dt: 159ms | tok/s: 25,756 | remaining: 20225s
step 08740 (6.4%) | loss: 14.0252 | gnorm: 4.4021 | dt: 157ms | tok/s: 26,114 | remaining: 20222s
step 08760 (6.4%) | loss: 14.1324 | gnorm: 2.6051 | dt: 156ms | tok/s: 26,296 | remaining: 20219s
step 08780 (6.4%) | loss: 14.0896 | gnorm: 4.5583 | dt: 158ms | tok/s: 26,005 | remaining: 20216s
step 08800 (6.4%) | loss: 13.4563 | gnorm: 2.6229 | dt: 157ms | tok/s: 26,068 | remaining: 20213s
step 08820 (6.4%) | loss: 14.3671 | gnorm: 4.5775 | dt: 159ms | tok/s: 25,774 | remaining: 20210s
step 08840 (6.5%) | loss: 14.1113 | gnorm: 2.3787 | dt: 157ms | tok/s: 26,109 | remaining: 20206s
step 08860 (6.5%) | loss: 13.6888 | gnorm: 4.4684 | dt: 156ms | tok/s: 26,187 | remaining: 20203s
step 08880 (6.5%) | loss: 13.1191 | gnorm: 2.0880 | dt: 158ms | tok/s: 25,997 | remaining: 20200s
step 08900 (6.5%) | loss: 17.2529 | gnorm: 4.3593 | dt: 159ms | tok/s: 25,755 | remaining: 20197s
step 08920 (6.5%) | loss: 13.3621 | gnorm: 2.5089 | dt: 158ms | tok/s: 25,875 | remaining: 20194s
step 08940 (6.5%) | loss: 14.2992 | gnorm: 5.4133 | dt: 155ms | tok/s: 26,439 | remaining: 20191s
step 08960 (6.5%) | loss: 13.5976 | gnorm: 2.5527 | dt: 156ms | tok/s: 26,212 | remaining: 20188s
step 08980 (6.6%) | loss: 13.8929 | gnorm: 5.4507 | dt: 157ms | tok/s: 26,092 | remaining: 20184s
step 09000 (6.6%) | loss: 13.1503 | gnorm: 2.3705 | dt: 158ms | tok/s: 25,922 | remaining: 20181s
step 09020 (6.6%) | loss: 12.6811 | gnorm: 4.3647 | dt: 160ms | tok/s: 25,599 | remaining: 20178s
step 09040 (6.6%) | loss: 12.8068 | gnorm: 2.1769 | dt: 157ms | tok/s: 26,104 | remaining: 20175s
step 09060 (6.6%) | loss: 15.8470 | gnorm: 5.9633 | dt: 157ms | tok/s: 26,055 | remaining: 20172s
step 09080 (6.6%) | loss: 15.4607 | gnorm: 2.5065 | dt: 158ms | tok/s: 25,992 | remaining: 20169s
step 09100 (6.6%) | loss: 16.8764 | gnorm: 5.9556 | dt: 159ms | tok/s: 25,787 | remaining: 20165s
step 09120 (6.7%) | loss: 13.9920 | gnorm: 2.7399 | dt: 159ms | tok/s: 25,683 | remaining: 20162s
step 09140 (6.7%) | loss: 15.3415 | gnorm: 4.3980 | dt: 157ms | tok/s: 26,096 | remaining: 20159s
step 09160 (6.7%) | loss: 13.4622 | gnorm: 2.3609 | dt: 156ms | tok/s: 26,338 | remaining: 20156s
step 09180 (6.7%) | loss: 13.7600 | gnorm: 5.1747 | dt: 155ms | tok/s: 26,432 | remaining: 20153s
step 09200 (6.7%) | loss: 13.3319 | gnorm: 2.7761 | dt: 157ms | tok/s: 26,104 | remaining: 20150s
step 09220 (6.7%) | loss: 14.2348 | gnorm: 4.2446 | dt: 159ms | tok/s: 25,819 | remaining: 20146s
step 09240 (6.7%) | loss: 13.1481 | gnorm: 2.5867 | dt: 158ms | tok/s: 25,865 | remaining: 20143s
step 09260 (6.8%) | loss: 14.0571 | gnorm: 4.6355 | dt: 155ms | tok/s: 26,499 | remaining: 20140s
step 09280 (6.8%) | loss: 13.3510 | gnorm: 2.3372 | dt: 157ms | tok/s: 26,105 | remaining: 20137s
step 09300 (6.8%) | loss: 14.7735 | gnorm: 5.9340 | dt: 159ms | tok/s: 25,799 | remaining: 20134s
step 09320 (6.8%) | loss: 12.8620 | gnorm: 2.6111 | dt: 158ms | tok/s: 25,843 | remaining: 20131s
step 09340 (6.8%) | loss: 13.8719 | gnorm: 4.4419 | dt: 160ms | tok/s: 25,566 | remaining: 20127s
step 09360 (6.8%) | loss: 12.9918 | gnorm: 2.7436 | dt: 158ms | tok/s: 25,960 | remaining: 20124s
step 09380 (6.8%) | loss: 14.6425 | gnorm: 5.2973 | dt: 155ms | tok/s: 26,385 | remaining: 20121s
step 09400 (6.9%) | loss: 13.4355 | gnorm: 2.3340 | dt: 157ms | tok/s: 26,032 | remaining: 20118s
step 09420 (6.9%) | loss: 14.9825 | gnorm: 5.5011 | dt: 158ms | tok/s: 25,853 | remaining: 20115s
step 09440 (6.9%) | loss: 13.5346 | gnorm: 2.3517 | dt: 157ms | tok/s: 26,043 | remaining: 20112s
step 09460 (6.9%) | loss: 14.2560 | gnorm: 4.4277 | dt: 158ms | tok/s: 25,844 | remaining: 20108s
step 09480 (6.9%) | loss: 12.6024 | gnorm: 2.7592 | dt: 155ms | tok/s: 26,373 | remaining: 20105s
step 09500 (6.9%) | loss: 13.9160 | gnorm: 5.1884 | dt: 157ms | tok/s: 26,146 | remaining: 20102s
step 09520 (6.9%) | loss: 13.3629 | gnorm: 2.4633 | dt: 157ms | tok/s: 26,025 | remaining: 20099s
step 09540 (7.0%) | loss: 14.6003 | gnorm: 4.7300 | dt: 158ms | tok/s: 25,912 | remaining: 20096s
step 09560 (7.0%) | loss: 14.3996 | gnorm: 2.3510 | dt: 158ms | tok/s: 25,962 | remaining: 20093s
step 09580 (7.0%) | loss: 14.3324 | gnorm: 5.3601 | dt: 160ms | tok/s: 25,627 | remaining: 20090s
step 09600 (7.0%) | loss: 13.2810 | gnorm: 2.6413 | dt: 157ms | tok/s: 26,117 | remaining: 20086s
step 09620 (7.0%) | loss: 14.1647 | gnorm: 4.4398 | dt: 157ms | tok/s: 26,007 | remaining: 20083s
step 09640 (7.0%) | loss: 14.0073 | gnorm: 2.2823 | dt: 158ms | tok/s: 25,889 | remaining: 20080s
step 09660 (7.1%) | loss: 14.8431 | gnorm: 5.4670 | dt: 159ms | tok/s: 25,792 | remaining: 20077s
step 09680 (7.1%) | loss: 13.7204 | gnorm: 2.1453 | dt: 160ms | tok/s: 25,566 | remaining: 20074s
step 09700 (7.1%) | loss: 14.4854 | gnorm: 4.4760 | dt: 156ms | tok/s: 26,245 | remaining: 20071s
step 09720 (7.1%) | loss: 13.4350 | gnorm: 2.0355 | dt: 157ms | tok/s: 26,026 | remaining: 20067s
step 09740 (7.1%) | loss: 14.0225 | gnorm: 4.2297 | dt: 158ms | tok/s: 25,933 | remaining: 20064s
step 09760 (7.1%) | loss: 13.0282 | gnorm: 2.6006 | dt: 161ms | tok/s: 25,495 | remaining: 20061s
step 09780 (7.1%) | loss: 14.4658 | gnorm: 4.5099 | dt: 162ms | tok/s: 25,356 | remaining: 20058s
step 09800 (7.2%) | loss: 12.9440 | gnorm: 2.3261 | dt: 157ms | tok/s: 26,152 | remaining: 20055s
step 09820 (7.2%) | loss: 13.3256 | gnorm: 4.8127 | dt: 154ms | tok/s: 26,575 | remaining: 20052s
step 09840 (7.2%) | loss: 13.1628 | gnorm: 3.2337 | dt: 157ms | tok/s: 26,091 | remaining: 20049s
step 09860 (7.2%) | loss: 14.5586 | gnorm: 4.9000 | dt: 158ms | tok/s: 25,849 | remaining: 20045s
step 09880 (7.2%) | loss: 13.1730 | gnorm: 2.9013 | dt: 160ms | tok/s: 25,677 | remaining: 20042s
step 09900 (7.2%) | loss: 15.2102 | gnorm: 6.1924 | dt: 155ms | tok/s: 26,472 | remaining: 20039s
step 09920 (7.2%) | loss: 12.8464 | gnorm: 2.3050 | dt: 158ms | tok/s: 25,947 | remaining: 20036s
step 09940 (7.3%) | loss: 13.3015 | gnorm: 5.5403 | dt: 155ms | tok/s: 26,501 | remaining: 20033s
step 09960 (7.3%) | loss: 13.1163 | gnorm: 2.4385 | dt: 159ms | tok/s: 25,823 | remaining: 20030s
step 09980 (7.3%) | loss: 14.0691 | gnorm: 4.6788 | dt: 161ms | tok/s: 25,442 | remaining: 20026s
step 10000 (7.3%) | loss: 13.9511 | gnorm: 2.6295 | dt: 154ms | tok/s: 26,627 | remaining: 20023s
step 10020 (7.3%) | loss: 13.8784 | gnorm: 5.3281 | dt: 157ms | tok/s: 26,111 | remaining: 20020s
step 10040 (7.3%) | loss: 11.9019 | gnorm: 2.4679 | dt: 157ms | tok/s: 26,073 | remaining: 20017s
step 10060 (7.3%) | loss: 13.5330 | gnorm: 4.1553 | dt: 159ms | tok/s: 25,776 | remaining: 20014s
step 10080 (7.4%) | loss: 12.6835 | gnorm: 2.5887 | dt: 160ms | tok/s: 25,522 | remaining: 20011s
step 10100 (7.4%) | loss: 14.5855 | gnorm: 4.6870 | dt: 159ms | tok/s: 25,718 | remaining: 20007s
step 10120 (7.4%) | loss: 13.5572 | gnorm: 2.7180 | dt: 155ms | tok/s: 26,358 | remaining: 20004s
step 10140 (7.4%) | loss: 15.3284 | gnorm: 5.5274 | dt: 157ms | tok/s: 26,077 | remaining: 20001s
step 10160 (7.4%) | loss: 12.1552 | gnorm: 2.5419 | dt: 152ms | tok/s: 26,867 | remaining: 19998s
step 10180 (7.4%) | loss: 13.4690 | gnorm: 4.5283 | dt: 158ms | tok/s: 25,997 | remaining: 19995s
step 10200 (7.4%) | loss: 11.9575 | gnorm: 2.1241 | dt: 157ms | tok/s: 26,028 | remaining: 19992s
step 10220 (7.5%) | loss: 13.9947 | gnorm: 4.5523 | dt: 159ms | tok/s: 25,731 | remaining: 19989s
step 10240 (7.5%) | loss: 13.2580 | gnorm: 2.4047 | dt: 156ms | tok/s: 26,205 | remaining: 19985s
step 10260 (7.5%) | loss: 14.3476 | gnorm: 4.9357 | dt: 158ms | tok/s: 25,961 | remaining: 19982s
step 10280 (7.5%) | loss: 13.1409 | gnorm: 2.5086 | dt: 157ms | tok/s: 26,091 | remaining: 19979s
step 10300 (7.5%) | loss: 13.8536 | gnorm: 5.2237 | dt: 158ms | tok/s: 25,887 | remaining: 19976s
step 10320 (7.5%) | loss: 13.0326 | gnorm: 2.1043 | dt: 157ms | tok/s: 26,070 | remaining: 19973s
step 10340 (7.5%) | loss: 14.4985 | gnorm: 5.3155 | dt: 157ms | tok/s: 26,030 | remaining: 19970s
step 10360 (7.6%) | loss: 12.6686 | gnorm: 2.4354 | dt: 156ms | tok/s: 26,274 | remaining: 19966s
step 10380 (7.6%) | loss: 13.5942 | gnorm: 5.0360 | dt: 157ms | tok/s: 26,063 | remaining: 19963s
step 10400 (7.6%) | loss: 12.3486 | gnorm: 2.0843 | dt: 158ms | tok/s: 25,972 | remaining: 19960s
step 10420 (7.6%) | loss: 13.1936 | gnorm: 5.6124 | dt: 159ms | tok/s: 25,750 | remaining: 19957s
step 10440 (7.6%) | loss: 13.1135 | gnorm: 2.4668 | dt: 156ms | tok/s: 26,249 | remaining: 19954s
step 10460 (7.6%) | loss: 13.7357 | gnorm: 4.8211 | dt: 158ms | tok/s: 25,950 | remaining: 19951s
step 10480 (7.6%) | loss: 12.9708 | gnorm: 3.3005 | dt: 158ms | tok/s: 25,880 | remaining: 19948s
step 10500 (7.7%) | loss: 13.7208 | gnorm: 4.4319 | dt: 158ms | tok/s: 25,895 | remaining: 19944s
step 10520 (7.7%) | loss: 12.5957 | gnorm: 2.4023 | dt: 158ms | tok/s: 25,847 | remaining: 19941s
step 10540 (7.7%) | loss: 13.3016 | gnorm: 4.9577 | dt: 155ms | tok/s: 26,380 | remaining: 19938s
step 10560 (7.7%) | loss: 13.4104 | gnorm: 2.9127 | dt: 157ms | tok/s: 26,093 | remaining: 19935s
step 10580 (7.7%) | loss: 13.4829 | gnorm: 5.6462 | dt: 158ms | tok/s: 25,938 | remaining: 19932s
step 10600 (7.7%) | loss: 12.6716 | gnorm: 2.4139 | dt: 159ms | tok/s: 25,724 | remaining: 19929s
step 10620 (7.8%) | loss: 13.7872 | gnorm: 4.9705 | dt: 161ms | tok/s: 25,511 | remaining: 19925s
step 10640 (7.8%) | loss: 12.7213 | gnorm: 2.4444 | dt: 156ms | tok/s: 26,305 | remaining: 19922s
step 10660 (7.8%) | loss: 14.1241 | gnorm: 5.7902 | dt: 158ms | tok/s: 25,938 | remaining: 19919s
step 10680 (7.8%) | loss: 13.2269 | gnorm: 2.4947 | dt: 158ms | tok/s: 25,885 | remaining: 19916s
step 10700 (7.8%) | loss: 14.4056 | gnorm: 5.2597 | dt: 168ms | tok/s: 24,440 | remaining: 19913s
step 10720 (7.8%) | loss: 12.6859 | gnorm: 2.6260 | dt: 160ms | tok/s: 25,565 | remaining: 19910s
step 10740 (7.8%) | loss: 13.3580 | gnorm: 4.7298 | dt: 156ms | tok/s: 26,226 | remaining: 19907s
step 10760 (7.9%) | loss: 12.5459 | gnorm: 2.8013 | dt: 157ms | tok/s: 26,101 | remaining: 19903s
step 10780 (7.9%) | loss: 13.6224 | gnorm: 5.0226 | dt: 156ms | tok/s: 26,190 | remaining: 19900s
step 10800 (7.9%) | loss: 12.8090 | gnorm: 2.3090 | dt: 158ms | tok/s: 25,883 | remaining: 19897s
step 10820 (7.9%) | loss: 13.4710 | gnorm: 4.8157 | dt: 159ms | tok/s: 25,836 | remaining: 19894s
step 10840 (7.9%) | loss: 12.5808 | gnorm: 2.2521 | dt: 160ms | tok/s: 25,635 | remaining: 19891s
step 10860 (7.9%) | loss: 12.9753 | gnorm: 5.2142 | dt: 155ms | tok/s: 26,351 | remaining: 19888s
step 10880 (7.9%) | loss: 12.5950 | gnorm: 2.6342 | dt: 157ms | tok/s: 26,121 | remaining: 19884s
step 10900 (8.0%) | loss: 13.5408 | gnorm: 5.7190 | dt: 158ms | tok/s: 25,978 | remaining: 19881s
step 10920 (8.0%) | loss: 12.7754 | gnorm: 2.7818 | dt: 159ms | tok/s: 25,721 | remaining: 19878s
step 10940 (8.0%) | loss: 14.4625 | gnorm: 6.4834 | dt: 159ms | tok/s: 25,717 | remaining: 19875s
step 10960 (8.0%) | loss: 12.8671 | gnorm: 3.0722 | dt: 158ms | tok/s: 25,896 | remaining: 19872s
step 10980 (8.0%) | loss: 14.0339 | gnorm: 4.0488 | dt: 156ms | tok/s: 26,206 | remaining: 19869s
step 11000 (8.0%) | loss: 12.7456 | gnorm: 2.3709 | dt: 157ms | tok/s: 26,151 | remaining: 19865s
step 11020 (8.0%) | loss: 13.8801 | gnorm: 4.5011 | dt: 159ms | tok/s: 25,819 | remaining: 19862s
step 11040 (8.1%) | loss: 12.3086 | gnorm: 2.7623 | dt: 159ms | tok/s: 25,842 | remaining: 19859s
step 11060 (8.1%) | loss: 14.5075 | gnorm: 6.3084 | dt: 162ms | tok/s: 25,339 | remaining: 19856s
step 11080 (8.1%) | loss: 12.6623 | gnorm: 2.2365 | dt: 166ms | tok/s: 24,706 | remaining: 19853s
step 11100 (8.1%) | loss: 13.7689 | gnorm: 5.4686 | dt: 156ms | tok/s: 26,175 | remaining: 19850s
step 11120 (8.1%) | loss: 12.6546 | gnorm: 2.4907 | dt: 157ms | tok/s: 26,100 | remaining: 19846s
step 11140 (8.1%) | loss: 12.6610 | gnorm: 6.3973 | dt: 159ms | tok/s: 25,806 | remaining: 19843s
step 11160 (8.1%) | loss: 11.8978 | gnorm: 2.2916 | dt: 159ms | tok/s: 25,718 | remaining: 19840s
step 11180 (8.2%) | loss: 12.7822 | gnorm: 3.9772 | dt: 160ms | tok/s: 25,565 | remaining: 19837s
step 11200 (8.2%) | loss: 12.4138 | gnorm: 2.5643 | dt: 157ms | tok/s: 26,076 | remaining: 19834s
step 11220 (8.2%) | loss: 13.6939 | gnorm: 5.0038 | dt: 157ms | tok/s: 26,087 | remaining: 19831s
step 11240 (8.2%) | loss: 12.7113 | gnorm: 2.4660 | dt: 158ms | tok/s: 25,969 | remaining: 19827s
step 11260 (8.2%) | loss: 12.7712 | gnorm: 4.4360 | dt: 159ms | tok/s: 25,748 | remaining: 19824s
step 11280 (8.2%) | loss: 12.2688 | gnorm: 2.3753 | dt: 160ms | tok/s: 25,666 | remaining: 19821s
step 11300 (8.2%) | loss: 13.6542 | gnorm: 4.7100 | dt: 157ms | tok/s: 26,146 | remaining: 19818s
step 11320 (8.3%) | loss: 12.4392 | gnorm: 2.6978 | dt: 158ms | tok/s: 25,927 | remaining: 19815s
step 11340 (8.3%) | loss: 12.7604 | gnorm: 5.2508 | dt: 158ms | tok/s: 25,998 | remaining: 19812s
step 11360 (8.3%) | loss: 12.3905 | gnorm: 2.5140 | dt: 158ms | tok/s: 25,935 | remaining: 19808s
step 11380 (8.3%) | loss: 14.4843 | gnorm: 4.9474 | dt: 159ms | tok/s: 25,716 | remaining: 19805s
step 11400 (8.3%) | loss: 12.5676 | gnorm: 2.4600 | dt: 158ms | tok/s: 25,940 | remaining: 19802s
step 11420 (8.3%) | loss: 13.2872 | gnorm: 4.6494 | dt: 156ms | tok/s: 26,208 | remaining: 19799s
step 11440 (8.4%) | loss: 13.9050 | gnorm: 3.2045 | dt: 157ms | tok/s: 26,144 | remaining: 19796s
step 11460 (8.4%) | loss: 12.7444 | gnorm: 6.0194 | dt: 166ms | tok/s: 24,683 | remaining: 19793s
step 11480 (8.4%) | loss: 11.8955 | gnorm: 2.5040 | dt: 158ms | tok/s: 25,855 | remaining: 19790s
step 11500 (8.4%) | loss: 13.0683 | gnorm: 4.0719 | dt: 161ms | tok/s: 25,454 | remaining: 19786s
step 11520 (8.4%) | loss: 13.8789 | gnorm: 2.4639 | dt: 157ms | tok/s: 26,139 | remaining: 19783s
step 11540 (8.4%) | loss: 13.4889 | gnorm: 4.3862 | dt: 157ms | tok/s: 26,096 | remaining: 19780s
step 11560 (8.4%) | loss: 12.7752 | gnorm: 2.5424 | dt: 158ms | tok/s: 25,988 | remaining: 19777s
step 11580 (8.5%) | loss: 12.9939 | gnorm: 5.7779 | dt: 159ms | tok/s: 25,783 | remaining: 19774s
step 11600 (8.5%) | loss: 12.9453 | gnorm: 2.3770 | dt: 160ms | tok/s: 25,578 | remaining: 19771s
step 11620 (8.5%) | loss: 13.7227 | gnorm: 5.9272 | dt: 157ms | tok/s: 26,132 | remaining: 19767s
step 11640 (8.5%) | loss: 12.3711 | gnorm: 2.3384 | dt: 157ms | tok/s: 26,056 | remaining: 19764s
step 11660 (8.5%) | loss: 12.7522 | gnorm: 5.2322 | dt: 155ms | tok/s: 26,356 | remaining: 19761s
step 11680 (8.5%) | loss: 11.6986 | gnorm: 2.7279 | dt: 158ms | tok/s: 25,881 | remaining: 19758s
step 11700 (8.5%) | loss: 12.4973 | gnorm: 5.2502 | dt: 159ms | tok/s: 25,818 | remaining: 19755s
step 11720 (8.6%) | loss: 12.4499 | gnorm: 2.6694 | dt: 161ms | tok/s: 25,495 | remaining: 19752s
step 11740 (8.6%) | loss: 13.3294 | gnorm: 4.6680 | dt: 157ms | tok/s: 26,137 | remaining: 19748s
step 11760 (8.6%) | loss: 12.3470 | gnorm: 2.3554 | dt: 157ms | tok/s: 26,143 | remaining: 19745s
step 11780 (8.6%) | loss: 12.2992 | gnorm: 4.7429 | dt: 157ms | tok/s: 26,152 | remaining: 19742s
step 11800 (8.6%) | loss: 12.4676 | gnorm: 2.4429 | dt: 159ms | tok/s: 25,761 | remaining: 19739s
step 11820 (8.6%) | loss: 14.3993 | gnorm: 4.7885 | dt: 160ms | tok/s: 25,533 | remaining: 19736s
step 11840 (8.6%) | loss: 12.7911 | gnorm: 2.8495 | dt: 158ms | tok/s: 25,950 | remaining: 19733s
step 11860 (8.7%) | loss: 14.9297 | gnorm: 5.1961 | dt: 157ms | tok/s: 26,169 | remaining: 19729s
step 11880 (8.7%) | loss: 13.3914 | gnorm: 1.9987 | dt: 158ms | tok/s: 25,994 | remaining: 19726s
step 11900 (8.7%) | loss: 13.3725 | gnorm: 4.6632 | dt: 158ms | tok/s: 25,852 | remaining: 19723s
step 11920 (8.7%) | loss: 12.7815 | gnorm: 2.5829 | dt: 160ms | tok/s: 25,536 | remaining: 19720s
step 11940 (8.7%) | loss: 14.7669 | gnorm: 5.1944 | dt: 155ms | tok/s: 26,419 | remaining: 19717s
step 11960 (8.7%) | loss: 12.7145 | gnorm: 2.3116 | dt: 156ms | tok/s: 26,174 | remaining: 19714s
step 11980 (8.7%) | loss: 13.1405 | gnorm: 5.9416 | dt: 156ms | tok/s: 26,262 | remaining: 19711s
step 12000 (8.8%) | loss: 12.4939 | gnorm: 3.0341 | dt: 158ms | tok/s: 26,004 | remaining: 19707s
step 12020 (8.8%) | loss: 12.6782 | gnorm: 5.0073 | dt: 159ms | tok/s: 25,810 | remaining: 19704s
step 12040 (8.8%) | loss: 13.1602 | gnorm: 2.4030 | dt: 161ms | tok/s: 25,427 | remaining: 19701s
step 12060 (8.8%) | loss: 13.1520 | gnorm: 4.1546 | dt: 155ms | tok/s: 26,393 | remaining: 19698s
step 12080 (8.8%) | loss: 12.8602 | gnorm: 2.6590 | dt: 157ms | tok/s: 26,045 | remaining: 19695s
step 12100 (8.8%) | loss: 12.0190 | gnorm: 4.4333 | dt: 158ms | tok/s: 25,885 | remaining: 19692s
step 12120 (8.8%) | loss: 12.0023 | gnorm: 2.4326 | dt: 159ms | tok/s: 25,840 | remaining: 19688s
step 12140 (8.9%) | loss: 12.7654 | gnorm: 4.3227 | dt: 159ms | tok/s: 25,739 | remaining: 19685s
step 12160 (8.9%) | loss: 17.2155 | gnorm: 2.6805 | dt: 155ms | tok/s: 26,372 | remaining: 19682s
step 12180 (8.9%) | loss: 15.6086 | gnorm: 4.8359 | dt: 155ms | tok/s: 26,353 | remaining: 19679s
step 12200 (8.9%) | loss: 13.0614 | gnorm: 2.6262 | dt: 157ms | tok/s: 26,016 | remaining: 19676s
step 12220 (8.9%) | loss: 15.4809 | gnorm: 8.5598 | dt: 159ms | tok/s: 25,791 | remaining: 19673s
step 12240 (8.9%) | loss: 12.7478 | gnorm: 2.3663 | dt: 162ms | tok/s: 25,297 | remaining: 19669s
step 12260 (9.0%) | loss: 12.6399 | gnorm: 5.6199 | dt: 157ms | tok/s: 26,152 | remaining: 19666s
step 12280 (9.0%) | loss: 13.1334 | gnorm: 2.6313 | dt: 158ms | tok/s: 25,959 | remaining: 19663s
step 12300 (9.0%) | loss: 12.3535 | gnorm: 4.9795 | dt: 158ms | tok/s: 25,874 | remaining: 19660s
step 12320 (9.0%) | loss: 12.4716 | gnorm: 2.4686 | dt: 159ms | tok/s: 25,776 | remaining: 19657s
step 12340 (9.0%) | loss: 13.9509 | gnorm: 5.6357 | dt: 160ms | tok/s: 25,661 | remaining: 19654s
step 12360 (9.0%) | loss: 12.5565 | gnorm: 2.3372 | dt: 158ms | tok/s: 25,937 | remaining: 19651s
step 12380 (9.0%) | loss: 12.9900 | gnorm: 4.8049 | dt: 158ms | tok/s: 25,910 | remaining: 19647s
step 12400 (9.1%) | loss: 12.8439 | gnorm: 2.2637 | dt: 157ms | tok/s: 26,066 | remaining: 19644s
step 12420 (9.1%) | loss: 13.1337 | gnorm: 6.0257 | dt: 159ms | tok/s: 25,717 | remaining: 19641s
step 12440 (9.1%) | loss: 12.7708 | gnorm: 3.4427 | dt: 161ms | tok/s: 25,473 | remaining: 19638s
step 12460 (9.1%) | loss: 14.1330 | gnorm: 5.2322 | dt: 161ms | tok/s: 25,450 | remaining: 19635s
step 12480 (9.1%) | loss: 12.8040 | gnorm: 2.1739 | dt: 156ms | tok/s: 26,239 | remaining: 19632s
step 12500 (9.1%) | loss: 13.8593 | gnorm: 4.5417 | dt: 157ms | tok/s: 26,145 | remaining: 19628s
step 12520 (9.1%) | loss: 13.3746 | gnorm: 2.3818 | dt: 158ms | tok/s: 25,973 | remaining: 19625s
step 12540 (9.2%) | loss: 12.6473 | gnorm: 4.8239 | dt: 158ms | tok/s: 25,988 | remaining: 19622s
step 12560 (9.2%) | loss: 12.4715 | gnorm: 2.6876 | dt: 159ms | tok/s: 25,810 | remaining: 19619s
step 12580 (9.2%) | loss: 13.6760 | gnorm: 4.9246 | dt: 158ms | tok/s: 25,865 | remaining: 19616s
step 12600 (9.2%) | loss: 13.1541 | gnorm: 2.3988 | dt: 155ms | tok/s: 26,373 | remaining: 19613s
step 12620 (9.2%) | loss: 13.8819 | gnorm: 5.0629 | dt: 157ms | tok/s: 26,155 | remaining: 19609s
step 12640 (9.2%) | loss: 12.1375 | gnorm: 2.6670 | dt: 158ms | tok/s: 25,946 | remaining: 19606s
step 12660 (9.2%) | loss: 13.0849 | gnorm: 4.6991 | dt: 158ms | tok/s: 25,857 | remaining: 19603s
step 12680 (9.3%) | loss: 13.2420 | gnorm: 2.8186 | dt: 159ms | tok/s: 25,728 | remaining: 19600s
step 12700 (9.3%) | loss: 12.9930 | gnorm: 5.0289 | dt: 159ms | tok/s: 25,788 | remaining: 19597s
step 12720 (9.3%) | loss: 12.6893 | gnorm: 2.0973 | dt: 156ms | tok/s: 26,300 | remaining: 19594s
step 12740 (9.3%) | loss: 11.8272 | gnorm: 4.8645 | dt: 155ms | tok/s: 26,449 | remaining: 19590s
step 12760 (9.3%) | loss: 12.5440 | gnorm: 2.4177 | dt: 157ms | tok/s: 26,130 | remaining: 19587s
step 12780 (9.3%) | loss: 14.0404 | gnorm: 5.2363 | dt: 158ms | tok/s: 25,928 | remaining: 19584s
step 12800 (9.3%) | loss: 12.0187 | gnorm: 2.5391 | dt: 162ms | tok/s: 25,326 | remaining: 19581s
step 12820 (9.4%) | loss: 13.5291 | gnorm: 5.4436 | dt: 156ms | tok/s: 26,191 | remaining: 19578s
step 12840 (9.4%) | loss: 13.1601 | gnorm: 2.4328 | dt: 158ms | tok/s: 25,882 | remaining: 19575s
step 12860 (9.4%) | loss: 13.8554 | gnorm: 4.7012 | dt: 158ms | tok/s: 25,958 | remaining: 19571s
step 12880 (9.4%) | loss: 13.0010 | gnorm: 2.5219 | dt: 157ms | tok/s: 26,020 | remaining: 19568s
step 12900 (9.4%) | loss: 12.8845 | gnorm: 5.3427 | dt: 159ms | tok/s: 25,757 | remaining: 19565s
step 12920 (9.4%) | loss: 13.2378 | gnorm: 2.3207 | dt: 161ms | tok/s: 25,377 | remaining: 19562s
step 12940 (9.4%) | loss: 14.1763 | gnorm: 4.7297 | dt: 156ms | tok/s: 26,326 | remaining: 19559s
step 12960 (9.5%) | loss: 12.9858 | gnorm: 2.1560 | dt: 157ms | tok/s: 26,111 | remaining: 19556s
step 12980 (9.5%) | loss: 13.7971 | gnorm: 4.2913 | dt: 157ms | tok/s: 26,013 | remaining: 19552s
step 13000 (9.5%) | loss: 12.4141 | gnorm: 2.2048 | dt: 160ms | tok/s: 25,641 | remaining: 19549s
step 13020 (9.5%) | loss: 13.5948 | gnorm: 4.1125 | dt: 163ms | tok/s: 25,195 | remaining: 19546s
step 13040 (9.5%) | loss: 12.3520 | gnorm: 2.5224 | dt: 158ms | tok/s: 25,950 | remaining: 19543s
step 13060 (9.5%) | loss: 13.3956 | gnorm: 6.0006 | dt: 157ms | tok/s: 26,053 | remaining: 19540s
step 13080 (9.6%) | loss: 12.8054 | gnorm: 2.3637 | dt: 157ms | tok/s: 26,158 | remaining: 19537s
step 13100 (9.6%) | loss: 13.2700 | gnorm: 4.6451 | dt: 158ms | tok/s: 25,937 | remaining: 19534s
step 13120 (9.6%) | loss: 13.0896 | gnorm: 2.3101 | dt: 160ms | tok/s: 25,595 | remaining: 19530s
step 13140 (9.6%) | loss: 12.6839 | gnorm: 4.2124 | dt: 158ms | tok/s: 25,910 | remaining: 19527s
step 13160 (9.6%) | loss: 12.5942 | gnorm: 2.7798 | dt: 157ms | tok/s: 26,136 | remaining: 19524s
step 13180 (9.6%) | loss: 14.0261 | gnorm: 6.0129 | dt: 158ms | tok/s: 25,930 | remaining: 19521s
step 13200 (9.6%) | loss: 12.5652 | gnorm: 2.5065 | dt: 158ms | tok/s: 25,936 | remaining: 19518s
step 13220 (9.7%) | loss: 13.9473 | gnorm: 4.9688 | dt: 159ms | tok/s: 25,829 | remaining: 19515s
step 13240 (9.7%) | loss: 13.0654 | gnorm: 2.6837 | dt: 159ms | tok/s: 25,745 | remaining: 19511s
step 13260 (9.7%) | loss: 14.1276 | gnorm: 3.9204 | dt: 156ms | tok/s: 26,173 | remaining: 19508s
step 13280 (9.7%) | loss: 12.9705 | gnorm: 2.8652 | dt: 156ms | tok/s: 26,300 | remaining: 19505s
step 13300 (9.7%) | loss: 10.8612 | gnorm: 4.8286 | dt: 157ms | tok/s: 26,122 | remaining: 19502s
step 13320 (9.7%) | loss: 12.2182 | gnorm: 3.0275 | dt: 159ms | tok/s: 25,724 | remaining: 19499s
step 13340 (9.7%) | loss: 13.7626 | gnorm: 4.2394 | dt: 160ms | tok/s: 25,576 | remaining: 19496s
step 13360 (9.8%) | loss: 12.3424 | gnorm: 2.3118 | dt: 155ms | tok/s: 26,349 | remaining: 19492s
step 13380 (9.8%) | loss: 13.9048 | gnorm: 5.4510 | dt: 156ms | tok/s: 26,222 | remaining: 19489s
step 13400 (9.8%) | loss: 12.4016 | gnorm: 2.7192 | dt: 158ms | tok/s: 25,963 | remaining: 19486s
step 13420 (9.8%) | loss: 13.7504 | gnorm: 6.0458 | dt: 158ms | tok/s: 25,848 | remaining: 19483s
step 13440 (9.8%) | loss: 12.5592 | gnorm: 2.4768 | dt: 160ms | tok/s: 25,597 | remaining: 19480s
step 13460 (9.8%) | loss: 14.4116 | gnorm: 6.1259 | dt: 157ms | tok/s: 26,069 | remaining: 19477s
step 13480 (9.8%) | loss: 12.9809 | gnorm: 2.3984 | dt: 157ms | tok/s: 26,053 | remaining: 19474s
step 13500 (9.9%) | loss: 12.4835 | gnorm: 5.8578 | dt: 157ms | tok/s: 26,027 | remaining: 19470s
step 13520 (9.9%) | loss: 13.0868 | gnorm: 2.4245 | dt: 158ms | tok/s: 25,851 | remaining: 19467s
step 13540 (9.9%) | loss: 12.7678 | gnorm: 4.7954 | dt: 160ms | tok/s: 25,669 | remaining: 19464s
step 13560 (9.9%) | loss: 12.0714 | gnorm: 2.5119 | dt: 158ms | tok/s: 25,933 | remaining: 19461s
step 13580 (9.9%) | loss: 13.7672 | gnorm: 4.6515 | dt: 157ms | tok/s: 26,148 | remaining: 19458s
step 13600 (9.9%) | loss: 11.6766 | gnorm: 2.5990 | dt: 156ms | tok/s: 26,231 | remaining: 19455s
step 13620 (9.9%) | loss: 13.7384 | gnorm: 4.6929 | dt: 158ms | tok/s: 25,879 | remaining: 19451s
step 13640 (10.0%) | loss: 12.1819 | gnorm: 2.7779 | dt: 158ms | tok/s: 25,868 | remaining: 19448s
step 13660 (10.0%) | loss: 13.3456 | gnorm: 5.2442 | dt: 160ms | tok/s: 25,568 | remaining: 19445s
step 13680 (10.0%) | loss: 11.8732 | gnorm: 2.1475 | dt: 156ms | tok/s: 26,197 | remaining: 19442s
step 13700 (10.0%) | loss: 13.0680 | gnorm: 4.3654 | dt: 166ms | tok/s: 24,662 | remaining: 19439s
step 13720 (10.0%) | loss: 12.1799 | gnorm: 2.6933 | dt: 158ms | tok/s: 25,877 | remaining: 19436s
step 13740 (10.0%) | loss: 12.5239 | gnorm: 5.3155 | dt: 158ms | tok/s: 25,895 | remaining: 19432s
step 13760 (10.0%) | loss: 10.9091 | gnorm: 2.4479 | dt: 162ms | tok/s: 25,303 | remaining: 19429s
step 13780 (10.1%) | loss: 12.6368 | gnorm: 4.6970 | dt: 159ms | tok/s: 25,761 | remaining: 19426s
step 13800 (10.1%) | loss: 12.3101 | gnorm: 2.2303 | dt: 156ms | tok/s: 26,246 | remaining: 19423s
step 13820 (10.1%) | loss: 12.8692 | gnorm: 4.9924 | dt: 158ms | tok/s: 25,933 | remaining: 19420s
step 13840 (10.1%) | loss: 12.7215 | gnorm: 3.1941 | dt: 156ms | tok/s: 26,193 | remaining: 19417s
step 13860 (10.1%) | loss: 12.9064 | gnorm: 4.4802 | dt: 157ms | tok/s: 26,097 | remaining: 19413s
step 13880 (10.1%) | loss: 12.3796 | gnorm: 3.0544 | dt: 159ms | tok/s: 25,832 | remaining: 19410s
step 13900 (10.2%) | loss: 12.3926 | gnorm: 4.8227 | dt: 160ms | tok/s: 25,580 | remaining: 19407s
step 13920 (10.2%) | loss: 11.7354 | gnorm: 2.3386 | dt: 156ms | tok/s: 26,294 | remaining: 19404s
step 13940 (10.2%) | loss: 13.2455 | gnorm: 5.5426 | dt: 159ms | tok/s: 25,738 | remaining: 19401s
step 13960 (10.2%) | loss: 12.3273 | gnorm: 2.5036 | dt: 160ms | tok/s: 25,666 | remaining: 19398s
step 13980 (10.2%) | loss: 12.4375 | gnorm: 4.3564 | dt: 160ms | tok/s: 25,679 | remaining: 19394s
step 14000 (10.2%) | loss: 12.2977 | gnorm: 2.4071 | dt: 159ms | tok/s: 25,738 | remaining: 19391s
step 14020 (10.2%) | loss: 12.2844 | gnorm: 4.4956 | dt: 159ms | tok/s: 25,792 | remaining: 19388s
step 14040 (10.3%) | loss: 12.3859 | gnorm: 2.5667 | dt: 156ms | tok/s: 26,280 | remaining: 19385s
step 14060 (10.3%) | loss: 12.6858 | gnorm: 4.6046 | dt: 158ms | tok/s: 25,955 | remaining: 19382s
step 14080 (10.3%) | loss: 11.9208 | gnorm: 2.6664 | dt: 158ms | tok/s: 25,906 | remaining: 19379s
step 14100 (10.3%) | loss: 13.2203 | gnorm: 4.1124 | dt: 159ms | tok/s: 25,739 | remaining: 19375s
step 14120 (10.3%) | loss: 12.6996 | gnorm: 2.3128 | dt: 161ms | tok/s: 25,394 | remaining: 19372s
step 14140 (10.3%) | loss: 12.1260 | gnorm: 4.3598 | dt: 159ms | tok/s: 25,777 | remaining: 19369s
step 14160 (10.3%) | loss: 12.1360 | gnorm: 2.2279 | dt: 157ms | tok/s: 26,145 | remaining: 19366s
step 14180 (10.4%) | loss: 13.1194 | gnorm: 5.2311 | dt: 156ms | tok/s: 26,259 | remaining: 19363s
step 14200 (10.4%) | loss: 11.5154 | gnorm: 2.4432 | dt: 157ms | tok/s: 26,113 | remaining: 19360s
step 14220 (10.4%) | loss: 13.7085 | gnorm: 5.2234 | dt: 158ms | tok/s: 25,921 | remaining: 19356s
step 14240 (10.4%) | loss: 12.2338 | gnorm: 2.1569 | dt: 161ms | tok/s: 25,426 | remaining: 19353s
step 14260 (10.4%) | loss: 11.7416 | gnorm: 4.3128 | dt: 155ms | tok/s: 26,406 | remaining: 19350s
step 14280 (10.4%) | loss: 12.4770 | gnorm: 3.1350 | dt: 158ms | tok/s: 25,932 | remaining: 19347s
step 14300 (10.4%) | loss: 13.3468 | gnorm: 3.7876 | dt: 157ms | tok/s: 26,169 | remaining: 19344s
step 14320 (10.5%) | loss: 12.7139 | gnorm: 2.3480 | dt: 160ms | tok/s: 25,623 | remaining: 19341s
step 14340 (10.5%) | loss: 13.2591 | gnorm: 6.1119 | dt: 159ms | tok/s: 25,738 | remaining: 19338s
step 14360 (10.5%) | loss: 12.2841 | gnorm: 2.5039 | dt: 160ms | tok/s: 25,616 | remaining: 19334s
step 14380 (10.5%) | loss: 11.8850 | gnorm: 4.4450 | dt: 156ms | tok/s: 26,282 | remaining: 19331s
step 14400 (10.5%) | loss: 12.0773 | gnorm: 2.5373 | dt: 157ms | tok/s: 26,064 | remaining: 19328s
step 14420 (10.5%) | loss: 12.5909 | gnorm: 4.1470 | dt: 157ms | tok/s: 26,172 | remaining: 19325s
step 14440 (10.5%) | loss: 12.2867 | gnorm: 2.9713 | dt: 159ms | tok/s: 25,800 | remaining: 19322s
step 14460 (10.6%) | loss: 13.1711 | gnorm: 4.4157 | dt: 162ms | tok/s: 25,323 | remaining: 19319s
step 14480 (10.6%) | loss: 12.1165 | gnorm: 2.1951 | dt: 156ms | tok/s: 26,205 | remaining: 19315s
step 14500 (10.6%) | loss: 12.3613 | gnorm: 5.2676 | dt: 157ms | tok/s: 26,081 | remaining: 19312s
step 14520 (10.6%) | loss: 12.2206 | gnorm: 2.4620 | dt: 158ms | tok/s: 25,903 | remaining: 19309s
step 14540 (10.6%) | loss: 12.9822 | gnorm: 4.2891 | dt: 158ms | tok/s: 25,899 | remaining: 19306s
step 14560 (10.6%) | loss: 11.5570 | gnorm: 2.4251 | dt: 158ms | tok/s: 25,917 | remaining: 19303s
step 14580 (10.6%) | loss: 12.3134 | gnorm: 5.4291 | dt: 160ms | tok/s: 25,599 | remaining: 19300s
step 14600 (10.7%) | loss: 11.8736 | gnorm: 2.7377 | dt: 156ms | tok/s: 26,189 | remaining: 19296s
step 14620 (10.7%) | loss: 12.0651 | gnorm: 5.2515 | dt: 156ms | tok/s: 26,207 | remaining: 19293s
step 14640 (10.7%) | loss: 12.0085 | gnorm: 2.3252 | dt: 157ms | tok/s: 26,061 | remaining: 19290s
step 14660 (10.7%) | loss: 12.8013 | gnorm: 5.0370 | dt: 159ms | tok/s: 25,708 | remaining: 19287s
step 14680 (10.7%) | loss: 11.6656 | gnorm: 2.8401 | dt: 161ms | tok/s: 25,417 | remaining: 19284s
step 14700 (10.7%) | loss: 11.9481 | gnorm: 4.9783 | dt: 158ms | tok/s: 25,983 | remaining: 19281s
step 14720 (10.8%) | loss: 11.6719 | gnorm: 2.3471 | dt: 158ms | tok/s: 25,863 | remaining: 19277s
step 14740 (10.8%) | loss: 12.6113 | gnorm: 5.3381 | dt: 158ms | tok/s: 25,968 | remaining: 19274s
step 14760 (10.8%) | loss: 12.4058 | gnorm: 2.6165 | dt: 159ms | tok/s: 25,811 | remaining: 19271s
step 14780 (10.8%) | loss: 12.7062 | gnorm: 4.6663 | dt: 159ms | tok/s: 25,741 | remaining: 19268s
step 14800 (10.8%) | loss: 12.0461 | gnorm: 2.1640 | dt: 157ms | tok/s: 26,039 | remaining: 19265s
step 14820 (10.8%) | loss: 13.5073 | gnorm: 4.4849 | dt: 157ms | tok/s: 26,024 | remaining: 19262s
step 14840 (10.8%) | loss: 12.8936 | gnorm: 2.5200 | dt: 157ms | tok/s: 26,160 | remaining: 19259s
step 14860 (10.9%) | loss: 12.7058 | gnorm: 4.9935 | dt: 158ms | tok/s: 25,868 | remaining: 19255s
step 14880 (10.9%) | loss: 11.8047 | gnorm: 2.3005 | dt: 160ms | tok/s: 25,678 | remaining: 19252s
step 14900 (10.9%) | loss: 11.5890 | gnorm: 4.6138 | dt: 158ms | tok/s: 25,876 | remaining: 19249s
step 14920 (10.9%) | loss: 11.1890 | gnorm: 2.4846 | dt: 157ms | tok/s: 26,135 | remaining: 19246s
step 14940 (10.9%) | loss: 11.9786 | gnorm: 4.9779 | dt: 157ms | tok/s: 26,008 | remaining: 19243s
step 14960 (10.9%) | loss: 12.4438 | gnorm: 2.1864 | dt: 157ms | tok/s: 26,028 | remaining: 19240s
step 14980 (10.9%) | loss: 13.5478 | gnorm: 4.1920 | dt: 158ms | tok/s: 25,950 | remaining: 19236s
step 15000 (11.0%) | loss: 11.8378 | gnorm: 2.3510 | dt: 159ms | tok/s: 25,835 | remaining: 19233s
step 15020 (11.0%) | loss: 12.4385 | gnorm: 5.1188 | dt: 156ms | tok/s: 26,224 | remaining: 19230s
step 15040 (11.0%) | loss: 11.8631 | gnorm: 2.1394 | dt: 156ms | tok/s: 26,215 | remaining: 19227s
step 15060 (11.0%) | loss: 13.2410 | gnorm: 4.8746 | dt: 158ms | tok/s: 25,992 | remaining: 19224s
step 15080 (11.0%) | loss: 12.9265 | gnorm: 2.4745 | dt: 158ms | tok/s: 25,889 | remaining: 19221s
step 15100 (11.0%) | loss: 12.8744 | gnorm: 5.8099 | dt: 160ms | tok/s: 25,637 | remaining: 19218s
step 15120 (11.0%) | loss: 12.0275 | gnorm: 2.1093 | dt: 156ms | tok/s: 26,273 | remaining: 19214s
step 15140 (11.1%) | loss: 12.9970 | gnorm: 5.0694 | dt: 156ms | tok/s: 26,234 | remaining: 19211s
step 15160 (11.1%) | loss: 12.6896 | gnorm: 2.3428 | dt: 157ms | tok/s: 26,082 | remaining: 19208s
step 15180 (11.1%) | loss: 13.1833 | gnorm: 3.9414 | dt: 159ms | tok/s: 25,780 | remaining: 19205s
step 15200 (11.1%) | loss: 12.2911 | gnorm: 2.0963 | dt: 159ms | tok/s: 25,749 | remaining: 19202s
step 15220 (11.1%) | loss: 12.8698 | gnorm: 5.7001 | dt: 156ms | tok/s: 26,319 | remaining: 19199s
step 15240 (11.1%) | loss: 13.1518 | gnorm: 2.5645 | dt: 158ms | tok/s: 25,932 | remaining: 19195s
step 15260 (11.1%) | loss: 12.8659 | gnorm: 4.4680 | dt: 158ms | tok/s: 25,960 | remaining: 19192s
step 15280 (11.2%) | loss: 12.7254 | gnorm: 2.4877 | dt: 159ms | tok/s: 25,812 | remaining: 19189s
step 15300 (11.2%) | loss: 12.9815 | gnorm: 4.1458 | dt: 160ms | tok/s: 25,628 | remaining: 19186s
step 15320 (11.2%) | loss: 12.4096 | gnorm: 2.4102 | dt: 160ms | tok/s: 25,643 | remaining: 19183s
step 15340 (11.2%) | loss: 13.4762 | gnorm: 5.5491 | dt: 158ms | tok/s: 25,986 | remaining: 19180s
step 15360 (11.2%) | loss: 12.9873 | gnorm: 2.4054 | dt: 158ms | tok/s: 25,859 | remaining: 19176s
step 15380 (11.2%) | loss: 13.5961 | gnorm: 3.9527 | dt: 158ms | tok/s: 25,855 | remaining: 19173s
step 15400 (11.2%) | loss: 12.7881 | gnorm: 2.2385 | dt: 160ms | tok/s: 25,642 | remaining: 19170s
step 15420 (11.3%) | loss: 12.3273 | gnorm: 6.2042 | dt: 160ms | tok/s: 25,568 | remaining: 19167s
step 15440 (11.3%) | loss: 12.2040 | gnorm: 2.1660 | dt: 158ms | tok/s: 25,981 | remaining: 19164s
step 15460 (11.3%) | loss: 13.2219 | gnorm: 4.5651 | dt: 156ms | tok/s: 26,270 | remaining: 19161s
step 15480 (11.3%) | loss: 12.7617 | gnorm: 2.5208 | dt: 156ms | tok/s: 26,223 | remaining: 19158s
step 15500 (11.3%) | loss: 13.4126 | gnorm: 5.4221 | dt: 157ms | tok/s: 26,047 | remaining: 19154s
step 15520 (11.3%) | loss: 12.2340 | gnorm: 2.3477 | dt: 160ms | tok/s: 25,651 | remaining: 19151s
step 15540 (11.4%) | loss: 13.2414 | gnorm: 4.9478 | dt: 158ms | tok/s: 25,851 | remaining: 19148s
step 15560 (11.4%) | loss: 12.5862 | gnorm: 2.4777 | dt: 159ms | tok/s: 25,790 | remaining: 19145s
step 15580 (11.4%) | loss: 12.9591 | gnorm: 4.7473 | dt: 157ms | tok/s: 26,026 | remaining: 19142s
step 15600 (11.4%) | loss: 13.0279 | gnorm: 2.4063 | dt: 159ms | tok/s: 25,770 | remaining: 19139s
step 15620 (11.4%) | loss: 12.8301 | gnorm: 4.9630 | dt: 159ms | tok/s: 25,841 | remaining: 19135s
step 15640 (11.4%) | loss: 12.1802 | gnorm: 2.2154 | dt: 160ms | tok/s: 25,649 | remaining: 19132s
step 15660 (11.4%) | loss: 13.4016 | gnorm: 5.0933 | dt: 158ms | tok/s: 26,006 | remaining: 19129s
step 15680 (11.5%) | loss: 12.5089 | gnorm: 2.2220 | dt: 156ms | tok/s: 26,181 | remaining: 19126s
step 15700 (11.5%) | loss: 12.5553 | gnorm: 4.6139 | dt: 158ms | tok/s: 25,934 | remaining: 19123s
step 15720 (11.5%) | loss: 11.9376 | gnorm: 2.5995 | dt: 158ms | tok/s: 26,005 | remaining: 19120s
step 15740 (11.5%) | loss: 12.2721 | gnorm: 4.9787 | dt: 158ms | tok/s: 25,879 | remaining: 19116s
step 15760 (11.5%) | loss: 12.1395 | gnorm: 2.3364 | dt: 159ms | tok/s: 25,760 | remaining: 19113s
step 15780 (11.5%) | loss: 11.8792 | gnorm: 5.1127 | dt: 161ms | tok/s: 25,506 | remaining: 19110s
step 15800 (11.5%) | loss: 12.4323 | gnorm: 2.3976 | dt: 154ms | tok/s: 26,522 | remaining: 19107s
step 15820 (11.6%) | loss: 13.4956 | gnorm: 3.8651 | dt: 158ms | tok/s: 25,860 | remaining: 19104s
step 15840 (11.6%) | loss: 12.5352 | gnorm: 2.3653 | dt: 158ms | tok/s: 25,900 | remaining: 19100s
step 15860 (11.6%) | loss: 12.4663 | gnorm: 5.7568 | dt: 158ms | tok/s: 26,002 | remaining: 19097s
step 15880 (11.6%) | loss: 11.4243 | gnorm: 2.3028 | dt: 160ms | tok/s: 25,653 | remaining: 19094s
step 15900 (11.6%) | loss: 12.6953 | gnorm: 3.9596 | dt: 162ms | tok/s: 25,329 | remaining: 19091s
step 15920 (11.6%) | loss: 12.6064 | gnorm: 2.4564 | dt: 157ms | tok/s: 26,105 | remaining: 19088s
step 15940 (11.6%) | loss: 13.2413 | gnorm: 4.3797 | dt: 157ms | tok/s: 26,051 | remaining: 19085s
step 15960 (11.7%) | loss: 12.0877 | gnorm: 2.3522 | dt: 159ms | tok/s: 25,805 | remaining: 19081s
step 15980 (11.7%) | loss: 13.4454 | gnorm: 5.2323 | dt: 158ms | tok/s: 25,870 | remaining: 19078s
step 16000 (11.7%) | loss: 12.2364 | gnorm: 2.1808 | dt: 159ms | tok/s: 25,778 | remaining: 19075s
step 16020 (11.7%) | loss: 13.2670 | gnorm: 4.6452 | dt: 159ms | tok/s: 25,723 | remaining: 19072s
step 16040 (11.7%) | loss: 12.3680 | gnorm: 2.1722 | dt: 156ms | tok/s: 26,206 | remaining: 19069s
step 16060 (11.7%) | loss: 13.1169 | gnorm: 5.3706 | dt: 157ms | tok/s: 26,060 | remaining: 19066s
step 16080 (11.7%) | loss: 11.6404 | gnorm: 2.3063 | dt: 158ms | tok/s: 25,937 | remaining: 19063s
step 16100 (11.8%) | loss: 13.0780 | gnorm: 4.5225 | dt: 158ms | tok/s: 25,881 | remaining: 19059s
step 16120 (11.8%) | loss: 12.4235 | gnorm: 2.4117 | dt: 161ms | tok/s: 25,451 | remaining: 19056s
step 16140 (11.8%) | loss: 13.1653 | gnorm: 5.7091 | dt: 156ms | tok/s: 26,310 | remaining: 19053s
step 16160 (11.8%) | loss: 12.5783 | gnorm: 2.2135 | dt: 158ms | tok/s: 25,967 | remaining: 19050s
step 16180 (11.8%) | loss: 12.5387 | gnorm: 5.0815 | dt: 158ms | tok/s: 25,943 | remaining: 19047s
step 16200 (11.8%) | loss: 12.1944 | gnorm: 2.1363 | dt: 158ms | tok/s: 25,910 | remaining: 19044s
step 16220 (11.8%) | loss: 13.0906 | gnorm: 4.5319 | dt: 160ms | tok/s: 25,590 | remaining: 19040s
step 16240 (11.9%) | loss: 12.3872 | gnorm: 2.0756 | dt: 158ms | tok/s: 25,934 | remaining: 19037s
step 16260 (11.9%) | loss: 12.4719 | gnorm: 5.0220 | dt: 157ms | tok/s: 26,011 | remaining: 19034s
step 16280 (11.9%) | loss: 12.1100 | gnorm: 2.5781 | dt: 156ms | tok/s: 26,248 | remaining: 19031s
step 16300 (11.9%) | loss: 12.4981 | gnorm: 5.0730 | dt: 158ms | tok/s: 25,848 | remaining: 19028s
step 16320 (11.9%) | loss: 12.1709 | gnorm: 2.5040 | dt: 158ms | tok/s: 25,898 | remaining: 19025s
step 16340 (11.9%) | loss: 13.3318 | gnorm: 4.4538 | dt: 160ms | tok/s: 25,631 | remaining: 19021s
step 16360 (12.0%) | loss: 11.9119 | gnorm: 2.4589 | dt: 156ms | tok/s: 26,271 | remaining: 19018s
step 16380 (12.0%) | loss: 13.2652 | gnorm: 4.4091 | dt: 157ms | tok/s: 26,138 | remaining: 19015s
step 16400 (12.0%) | loss: 11.9276 | gnorm: 2.2619 | dt: 158ms | tok/s: 25,922 | remaining: 19012s
step 16420 (12.0%) | loss: 13.1654 | gnorm: 5.6036 | dt: 159ms | tok/s: 25,801 | remaining: 19009s
step 16440 (12.0%) | loss: 12.3922 | gnorm: 2.8219 | dt: 161ms | tok/s: 25,463 | remaining: 19006s
step 16460 (12.0%) | loss: 12.2070 | gnorm: 4.5306 | dt: 155ms | tok/s: 26,409 | remaining: 19003s
step 16480 (12.0%) | loss: 11.9737 | gnorm: 2.4207 | dt: 156ms | tok/s: 26,206 | remaining: 18999s
step 16500 (12.1%) | loss: 13.2800 | gnorm: 4.6973 | dt: 157ms | tok/s: 26,057 | remaining: 18996s
step 16520 (12.1%) | loss: 13.5305 | gnorm: 2.4641 | dt: 158ms | tok/s: 25,907 | remaining: 18993s
step 16540 (12.1%) | loss: 13.1749 | gnorm: 4.3241 | dt: 162ms | tok/s: 25,299 | remaining: 18990s
step 16560 (12.1%) | loss: 13.3013 | gnorm: 2.5272 | dt: 155ms | tok/s: 26,471 | remaining: 18987s
step 16580 (12.1%) | loss: 13.8974 | gnorm: 5.0915 | dt: 157ms | tok/s: 26,062 | remaining: 18984s
step 16600 (12.1%) | loss: 12.2949 | gnorm: 2.5548 | dt: 155ms | tok/s: 26,399 | remaining: 18980s
step 16620 (12.1%) | loss: 11.8348 | gnorm: 4.5675 | dt: 159ms | tok/s: 25,833 | remaining: 18977s
step 16640 (12.2%) | loss: 11.3004 | gnorm: 2.0703 | dt: 162ms | tok/s: 25,265 | remaining: 18974s
step 16660 (12.2%) | loss: 12.9739 | gnorm: 4.9448 | dt: 156ms | tok/s: 26,259 | remaining: 18971s
step 16680 (12.2%) | loss: 12.5630 | gnorm: 2.3261 | dt: 157ms | tok/s: 26,134 | remaining: 18968s
step 16700 (12.2%) | loss: 15.6440 | gnorm: 4.5146 | dt: 158ms | tok/s: 25,954 | remaining: 18965s
step 16720 (12.2%) | loss: 12.6158 | gnorm: 2.3299 | dt: 158ms | tok/s: 25,861 | remaining: 18962s
step 16740 (12.2%) | loss: 14.6109 | gnorm: 4.4523 | dt: 158ms | tok/s: 25,851 | remaining: 18958s
step 16760 (12.2%) | loss: 11.7005 | gnorm: 2.7049 | dt: 158ms | tok/s: 25,991 | remaining: 18955s
step 16780 (12.3%) | loss: 12.7481 | gnorm: 4.6641 | dt: 157ms | tok/s: 26,144 | remaining: 18952s
step 16800 (12.3%) | loss: 12.0819 | gnorm: 2.5049 | dt: 157ms | tok/s: 26,105 | remaining: 18949s
step 16820 (12.3%) | loss: 13.2066 | gnorm: 4.9974 | dt: 158ms | tok/s: 25,946 | remaining: 18946s
step 16840 (12.3%) | loss: 12.1424 | gnorm: 2.1374 | dt: 160ms | tok/s: 25,593 | remaining: 18943s
step 16860 (12.3%) | loss: 13.5507 | gnorm: 4.6080 | dt: 160ms | tok/s: 25,639 | remaining: 18939s
step 16880 (12.3%) | loss: 11.8681 | gnorm: 2.7950 | dt: 156ms | tok/s: 26,311 | remaining: 18936s
step 16900 (12.3%) | loss: 13.6875 | gnorm: 4.3132 | dt: 157ms | tok/s: 26,082 | remaining: 18933s
step 16920 (12.4%) | loss: 12.1768 | gnorm: 2.2817 | dt: 158ms | tok/s: 25,902 | remaining: 18930s
step 16940 (12.4%) | loss: 13.2378 | gnorm: 4.0100 | dt: 160ms | tok/s: 25,653 | remaining: 18927s
step 16960 (12.4%) | loss: 12.1642 | gnorm: 2.1489 | dt: 160ms | tok/s: 25,608 | remaining: 18924s
step 16980 (12.4%) | loss: 12.9084 | gnorm: 4.4480 | dt: 156ms | tok/s: 26,186 | remaining: 18920s
step 17000 (12.4%) | loss: 12.1212 | gnorm: 2.6046 | dt: 156ms | tok/s: 26,188 | remaining: 18917s
step 17020 (12.4%) | loss: 13.2060 | gnorm: 5.2701 | dt: 158ms | tok/s: 25,955 | remaining: 18914s
step 17040 (12.4%) | loss: 12.3960 | gnorm: 2.5366 | dt: 158ms | tok/s: 25,864 | remaining: 18911s
step 17060 (12.5%) | loss: 12.9802 | gnorm: 5.4010 | dt: 160ms | tok/s: 25,584 | remaining: 18908s
step 17080 (12.5%) | loss: 12.2908 | gnorm: 2.1796 | dt: 161ms | tok/s: 25,434 | remaining: 18905s
step 17100 (12.5%) | loss: 12.0960 | gnorm: 5.0413 | dt: 156ms | tok/s: 26,277 | remaining: 18901s
step 17120 (12.5%) | loss: 11.6090 | gnorm: 2.0656 | dt: 157ms | tok/s: 26,083 | remaining: 18898s
step 17140 (12.5%) | loss: 12.2181 | gnorm: 3.9113 | dt: 159ms | tok/s: 25,809 | remaining: 18895s
step 17160 (12.5%) | loss: 11.2498 | gnorm: 2.0921 | dt: 158ms | tok/s: 25,853 | remaining: 18892s
step 17180 (12.6%) | loss: 12.1785 | gnorm: 5.0317 | dt: 159ms | tok/s: 25,756 | remaining: 18889s
step 17200 (12.6%) | loss: 11.6576 | gnorm: 2.5418 | dt: 159ms | tok/s: 25,752 | remaining: 18886s
step 17220 (12.6%) | loss: 12.9544 | gnorm: 4.0366 | dt: 162ms | tok/s: 25,256 | remaining: 18882s
step 17240 (12.6%) | loss: 12.1437 | gnorm: 1.9576 | dt: 157ms | tok/s: 26,107 | remaining: 18879s
step 17260 (12.6%) | loss: 12.0853 | gnorm: 4.1833 | dt: 157ms | tok/s: 26,061 | remaining: 18876s
step 17280 (12.6%) | loss: 12.8062 | gnorm: 2.4509 | dt: 158ms | tok/s: 25,912 | remaining: 18873s
step 17300 (12.6%) | loss: 12.7074 | gnorm: 4.6816 | dt: 159ms | tok/s: 25,835 | remaining: 18870s
step 17320 (12.7%) | loss: 11.8488 | gnorm: 2.2945 | dt: 159ms | tok/s: 25,785 | remaining: 18866s
step 17340 (12.7%) | loss: 12.3684 | gnorm: 4.5164 | dt: 161ms | tok/s: 25,504 | remaining: 18863s
step 17360 (12.7%) | loss: 11.8552 | gnorm: 2.3051 | dt: 157ms | tok/s: 26,023 | remaining: 18860s
step 17380 (12.7%) | loss: 11.9169 | gnorm: 5.0192 | dt: 157ms | tok/s: 26,037 | remaining: 18857s
step 17400 (12.7%) | loss: 11.4092 | gnorm: 2.3486 | dt: 158ms | tok/s: 26,004 | remaining: 18854s
step 17420 (12.7%) | loss: 12.2258 | gnorm: 5.4433 | dt: 158ms | tok/s: 25,903 | remaining: 18851s
step 17440 (12.7%) | loss: 12.3989 | gnorm: 2.3214 | dt: 159ms | tok/s: 25,785 | remaining: 18847s
step 17460 (12.8%) | loss: 13.0732 | gnorm: 4.0544 | dt: 162ms | tok/s: 25,214 | remaining: 18844s
step 17480 (12.8%) | loss: 11.4197 | gnorm: 2.9115 | dt: 157ms | tok/s: 26,031 | remaining: 18841s
step 17500 (12.8%) | loss: 12.0911 | gnorm: 4.1755 | dt: 157ms | tok/s: 26,088 | remaining: 18838s
step 17520 (12.8%) | loss: 11.3644 | gnorm: 2.5110 | dt: 158ms | tok/s: 26,002 | remaining: 18835s
step 17540 (12.8%) | loss: 11.7890 | gnorm: 3.8547 | dt: 159ms | tok/s: 25,824 | remaining: 18832s
step 17560 (12.8%) | loss: 11.1135 | gnorm: 2.1088 | dt: 152ms | tok/s: 26,945 | remaining: 18828s
step 17580 (12.8%) | loss: 12.3090 | gnorm: 4.8905 | dt: 158ms | tok/s: 25,873 | remaining: 18825s
step 17600 (12.9%) | loss: 12.1073 | gnorm: 2.2218 | dt: 161ms | tok/s: 25,464 | remaining: 18822s
step 17620 (12.9%) | loss: 11.7901 | gnorm: 4.9956 | dt: 156ms | tok/s: 26,214 | remaining: 18819s
step 17640 (12.9%) | loss: 11.7125 | gnorm: 2.4814 | dt: 158ms | tok/s: 25,942 | remaining: 18816s
step 17660 (12.9%) | loss: 12.1748 | gnorm: 4.2599 | dt: 158ms | tok/s: 25,926 | remaining: 18813s
step 17680 (12.9%) | loss: 12.5851 | gnorm: 2.6925 | dt: 159ms | tok/s: 25,790 | remaining: 18809s
step 17700 (12.9%) | loss: 11.3927 | gnorm: 3.9365 | dt: 159ms | tok/s: 25,785 | remaining: 18806s
step 17720 (12.9%) | loss: 11.3003 | gnorm: 2.1999 | dt: 161ms | tok/s: 25,417 | remaining: 18803s
step 17740 (13.0%) | loss: 13.1978 | gnorm: 4.3815 | dt: 157ms | tok/s: 26,135 | remaining: 18800s
step 17760 (13.0%) | loss: 11.4405 | gnorm: 2.3464 | dt: 157ms | tok/s: 26,059 | remaining: 18797s
step 17780 (13.0%) | loss: 11.8613 | gnorm: 4.7851 | dt: 158ms | tok/s: 25,869 | remaining: 18794s
step 17800 (13.0%) | loss: 12.1277 | gnorm: 2.3166 | dt: 159ms | tok/s: 25,753 | remaining: 18790s
step 17820 (13.0%) | loss: 12.1518 | gnorm: 4.4100 | dt: 157ms | tok/s: 26,087 | remaining: 18787s
step 17840 (13.0%) | loss: 11.1845 | gnorm: 2.3294 | dt: 157ms | tok/s: 26,018 | remaining: 18784s
step 17860 (13.1%) | loss: 11.2125 | gnorm: 4.7095 | dt: 157ms | tok/s: 26,088 | remaining: 18781s
step 17880 (13.1%) | loss: 11.2738 | gnorm: 2.4219 | dt: 158ms | tok/s: 25,944 | remaining: 18778s
step 17900 (13.1%) | loss: 13.2481 | gnorm: 6.0233 | dt: 158ms | tok/s: 25,915 | remaining: 18775s
step 17920 (13.1%) | loss: 11.4703 | gnorm: 2.5277 | dt: 159ms | tok/s: 25,713 | remaining: 18772s
step 17940 (13.1%) | loss: 12.2464 | gnorm: 4.1346 | dt: 160ms | tok/s: 25,673 | remaining: 18768s
step 17960 (13.1%) | loss: 12.1923 | gnorm: 3.2460 | dt: 157ms | tok/s: 26,122 | remaining: 18765s
step 17980 (13.1%) | loss: 12.4539 | gnorm: 4.4839 | dt: 157ms | tok/s: 26,128 | remaining: 18762s
step 18000 (13.2%) | loss: 11.4967 | gnorm: 2.8502 | dt: 158ms | tok/s: 25,998 | remaining: 18759s
step 18020 (13.2%) | loss: 12.3634 | gnorm: 5.5901 | dt: 158ms | tok/s: 25,974 | remaining: 18756s
step 18040 (13.2%) | loss: 11.6072 | gnorm: 2.2963 | dt: 160ms | tok/s: 25,618 | remaining: 18753s
step 18060 (13.2%) | loss: 12.9365 | gnorm: 5.0305 | dt: 156ms | tok/s: 26,275 | remaining: 18749s
step 18080 (13.2%) | loss: 13.2248 | gnorm: 2.2711 | dt: 156ms | tok/s: 26,190 | remaining: 18746s
step 18100 (13.2%) | loss: 14.0127 | gnorm: 4.7455 | dt: 157ms | tok/s: 26,017 | remaining: 18743s
step 18120 (13.2%) | loss: 12.7271 | gnorm: 2.6298 | dt: 158ms | tok/s: 25,882 | remaining: 18740s
step 18140 (13.3%) | loss: 12.4499 | gnorm: 5.3437 | dt: 158ms | tok/s: 25,988 | remaining: 18737s
step 18160 (13.3%) | loss: 12.3852 | gnorm: 2.3894 | dt: 160ms | tok/s: 25,555 | remaining: 18734s
step 18180 (13.3%) | loss: 12.5226 | gnorm: 3.8346 | dt: 156ms | tok/s: 26,224 | remaining: 18730s
step 18200 (13.3%) | loss: 12.1079 | gnorm: 2.3823 | dt: 157ms | tok/s: 26,050 | remaining: 18727s
step 18220 (13.3%) | loss: 12.9438 | gnorm: 3.3301 | dt: 159ms | tok/s: 25,842 | remaining: 18724s
step 18240 (13.3%) | loss: 12.2673 | gnorm: 2.3876 | dt: 158ms | tok/s: 26,006 | remaining: 18721s
step 18260 (13.3%) | loss: 12.7692 | gnorm: 4.1162 | dt: 159ms | tok/s: 25,712 | remaining: 18718s
step 18280 (13.4%) | loss: 11.8223 | gnorm: 2.5827 | dt: 159ms | tok/s: 25,790 | remaining: 18715s
step 18300 (13.4%) | loss: 12.5802 | gnorm: 4.8214 | dt: 156ms | tok/s: 26,332 | remaining: 18711s
step 18320 (13.4%) | loss: 12.0493 | gnorm: 2.2452 | dt: 156ms | tok/s: 26,205 | remaining: 18708s
step 18340 (13.4%) | loss: 12.8057 | gnorm: 3.4742 | dt: 158ms | tok/s: 25,921 | remaining: 18705s
step 18360 (13.4%) | loss: 12.1415 | gnorm: 2.4650 | dt: 159ms | tok/s: 25,709 | remaining: 18702s
step 18380 (13.4%) | loss: 11.5733 | gnorm: 5.0791 | dt: 161ms | tok/s: 25,463 | remaining: 18699s
step 18400 (13.4%) | loss: 11.4318 | gnorm: 2.2664 | dt: 158ms | tok/s: 25,910 | remaining: 18696s
step 18420 (13.5%) | loss: 12.2946 | gnorm: 4.7251 | dt: 158ms | tok/s: 25,876 | remaining: 18692s
step 18440 (13.5%) | loss: 11.9446 | gnorm: 2.3916 | dt: 158ms | tok/s: 25,872 | remaining: 18689s
step 18460 (13.5%) | loss: 12.2114 | gnorm: 4.7048 | dt: 159ms | tok/s: 25,701 | remaining: 18686s
step 18480 (13.5%) | loss: 11.2098 | gnorm: 2.2041 | dt: 159ms | tok/s: 25,700 | remaining: 18683s
step 18500 (13.5%) | loss: 13.2007 | gnorm: 4.8100 | dt: 162ms | tok/s: 25,259 | remaining: 18680s
step 18520 (13.5%) | loss: 11.6943 | gnorm: 2.7521 | dt: 163ms | tok/s: 25,097 | remaining: 18677s
step 18540 (13.5%) | loss: 12.3179 | gnorm: 5.0102 | dt: 157ms | tok/s: 26,079 | remaining: 18673s
step 18560 (13.6%) | loss: 11.5735 | gnorm: 2.1192 | dt: 159ms | tok/s: 25,696 | remaining: 18670s
step 18580 (13.6%) | loss: 13.3287 | gnorm: 5.1768 | dt: 157ms | tok/s: 26,053 | remaining: 18667s
step 18600 (13.6%) | loss: 13.9989 | gnorm: 2.1276 | dt: 160ms | tok/s: 25,558 | remaining: 18664s
step 18620 (13.6%) | loss: 12.4051 | gnorm: 5.4216 | dt: 159ms | tok/s: 25,821 | remaining: 18661s
step 18640 (13.6%) | loss: 12.2368 | gnorm: 2.7686 | dt: 156ms | tok/s: 26,202 | remaining: 18658s
step 18660 (13.6%) | loss: 11.8378 | gnorm: 4.2978 | dt: 158ms | tok/s: 25,946 | remaining: 18654s
step 18680 (13.7%) | loss: 11.2606 | gnorm: 2.2286 | dt: 158ms | tok/s: 25,858 | remaining: 18651s
step 18700 (13.7%) | loss: 11.9933 | gnorm: 4.9641 | dt: 159ms | tok/s: 25,762 | remaining: 18648s
step 18720 (13.7%) | loss: 12.2864 | gnorm: 2.6710 | dt: 160ms | tok/s: 25,557 | remaining: 18645s
step 18740 (13.7%) | loss: 13.0357 | gnorm: 4.4815 | dt: 158ms | tok/s: 25,876 | remaining: 18642s
step 18760 (13.7%) | loss: 11.5806 | gnorm: 2.9584 | dt: 156ms | tok/s: 26,334 | remaining: 18639s
step 18780 (13.7%) | loss: 13.0288 | gnorm: 6.4743 | dt: 157ms | tok/s: 26,015 | remaining: 18635s
step 18800 (13.7%) | loss: 12.0976 | gnorm: 2.3433 | dt: 158ms | tok/s: 25,863 | remaining: 18632s
step 18820 (13.8%) | loss: 12.0825 | gnorm: 4.7645 | dt: 159ms | tok/s: 25,826 | remaining: 18629s
step 18840 (13.8%) | loss: 11.6730 | gnorm: 2.3224 | dt: 163ms | tok/s: 25,110 | remaining: 18626s
step 18860 (13.8%) | loss: 11.8861 | gnorm: 4.0791 | dt: 156ms | tok/s: 26,258 | remaining: 18623s
step 18880 (13.8%) | loss: 12.4220 | gnorm: 2.3565 | dt: 158ms | tok/s: 26,003 | remaining: 18620s
step 18900 (13.8%) | loss: 12.6035 | gnorm: 5.6257 | dt: 158ms | tok/s: 25,919 | remaining: 18616s
step 18920 (13.8%) | loss: 12.8061 | gnorm: 2.5073 | dt: 159ms | tok/s: 25,735 | remaining: 18613s
step 18940 (13.8%) | loss: 12.8321 | gnorm: 4.6572 | dt: 160ms | tok/s: 25,617 | remaining: 18610s
step 18960 (13.9%) | loss: 12.3991 | gnorm: 2.3516 | dt: 163ms | tok/s: 25,054 | remaining: 18607s
step 18980 (13.9%) | loss: 12.6071 | gnorm: 4.6017 | dt: 159ms | tok/s: 25,802 | remaining: 18604s
step 19000 (13.9%) | loss: 11.8583 | gnorm: 2.4843 | dt: 156ms | tok/s: 26,207 | remaining: 18601s
step 19020 (13.9%) | loss: 12.4656 | gnorm: 3.9855 | dt: 157ms | tok/s: 26,100 | remaining: 18597s
step 19040 (13.9%) | loss: 11.9556 | gnorm: 2.1123 | dt: 159ms | tok/s: 25,717 | remaining: 18594s
step 19060 (13.9%) | loss: 13.7614 | gnorm: 5.8216 | dt: 159ms | tok/s: 25,771 | remaining: 18591s
step 19080 (13.9%) | loss: 12.2255 | gnorm: 2.5593 | dt: 161ms | tok/s: 25,366 | remaining: 18588s
step 19100 (14.0%) | loss: 12.5067 | gnorm: 4.1979 | dt: 156ms | tok/s: 26,201 | remaining: 18585s
step 19120 (14.0%) | loss: 11.8310 | gnorm: 2.5756 | dt: 158ms | tok/s: 25,889 | remaining: 18582s
step 19140 (14.0%) | loss: 12.9520 | gnorm: 5.9270 | dt: 159ms | tok/s: 25,706 | remaining: 18578s
step 19160 (14.0%) | loss: 11.6887 | gnorm: 2.5726 | dt: 159ms | tok/s: 25,753 | remaining: 18575s
step 19180 (14.0%) | loss: 12.7373 | gnorm: 4.5477 | dt: 159ms | tok/s: 25,772 | remaining: 18572s
step 19200 (14.0%) | loss: 12.1156 | gnorm: 2.4437 | dt: 163ms | tok/s: 25,166 | remaining: 18569s
step 19220 (14.0%) | loss: 12.4245 | gnorm: 4.9943 | dt: 159ms | tok/s: 25,690 | remaining: 18566s
step 19240 (14.1%) | loss: 11.8769 | gnorm: 2.4201 | dt: 156ms | tok/s: 26,255 | remaining: 18563s
step 19260 (14.1%) | loss: 12.7174 | gnorm: 5.0688 | dt: 158ms | tok/s: 25,866 | remaining: 18559s
step 19280 (14.1%) | loss: 11.5951 | gnorm: 2.3030 | dt: 159ms | tok/s: 25,780 | remaining: 18556s
step 19300 (14.1%) | loss: 12.6521 | gnorm: 4.4790 | dt: 159ms | tok/s: 25,825 | remaining: 18553s
step 19320 (14.1%) | loss: 11.1423 | gnorm: 2.2279 | dt: 160ms | tok/s: 25,633 | remaining: 18550s
step 19340 (14.1%) | loss: 13.5360 | gnorm: 4.5493 | dt: 159ms | tok/s: 25,767 | remaining: 18547s
step 19360 (14.1%) | loss: 12.0341 | gnorm: 2.3292 | dt: 157ms | tok/s: 26,102 | remaining: 18544s
step 19380 (14.2%) | loss: 12.6165 | gnorm: 4.8546 | dt: 156ms | tok/s: 26,177 | remaining: 18540s
step 19400 (14.2%) | loss: 11.7443 | gnorm: 2.5188 | dt: 159ms | tok/s: 25,837 | remaining: 18537s
step 19420 (14.2%) | loss: 12.5513 | gnorm: 5.1239 | dt: 180ms | tok/s: 22,815 | remaining: 18534s
step 19440 (14.2%) | loss: 11.8733 | gnorm: 2.3788 | dt: 160ms | tok/s: 25,668 | remaining: 18531s
step 19460 (14.2%) | loss: 12.5982 | gnorm: 5.2027 | dt: 161ms | tok/s: 25,426 | remaining: 18528s
step 19480 (14.2%) | loss: 11.3784 | gnorm: 2.1673 | dt: 164ms | tok/s: 24,991 | remaining: 18524s
step 19500 (14.3%) | loss: 12.1890 | gnorm: 4.8363 | dt: 158ms | tok/s: 25,977 | remaining: 18521s
step 19520 (14.3%) | loss: 11.8891 | gnorm: 2.3955 | dt: 158ms | tok/s: 25,921 | remaining: 18518s
step 19540 (14.3%) | loss: 12.8840 | gnorm: 4.1721 | dt: 158ms | tok/s: 25,913 | remaining: 18515s
step 19560 (14.3%) | loss: 11.4782 | gnorm: 2.0532 | dt: 159ms | tok/s: 25,760 | remaining: 18512s
step 19580 (14.3%) | loss: 12.0696 | gnorm: 3.6324 | dt: 177ms | tok/s: 23,143 | remaining: 18509s
step 19600 (14.3%) | loss: 11.8206 | gnorm: 2.1131 | dt: 158ms | tok/s: 25,914 | remaining: 18505s
step 19620 (14.3%) | loss: 12.3028 | gnorm: 4.0123 | dt: 157ms | tok/s: 26,059 | remaining: 18502s
step 19640 (14.4%) | loss: 11.7092 | gnorm: 2.2760 | dt: 158ms | tok/s: 25,960 | remaining: 18499s
step 19660 (14.4%) | loss: 13.6723 | gnorm: 5.8657 | dt: 158ms | tok/s: 25,916 | remaining: 18496s
step 19680 (14.4%) | loss: 12.3032 | gnorm: 2.3057 | dt: 160ms | tok/s: 25,673 | remaining: 18493s
step 19700 (14.4%) | loss: 12.6195 | gnorm: 5.4549 | dt: 162ms | tok/s: 25,333 | remaining: 18490s
step 19720 (14.4%) | loss: 11.3166 | gnorm: 2.1632 | dt: 157ms | tok/s: 26,010 | remaining: 18486s
step 19740 (14.4%) | loss: 12.1349 | gnorm: 3.9800 | dt: 158ms | tok/s: 25,919 | remaining: 18483s
step 19760 (14.4%) | loss: 11.7254 | gnorm: 2.0576 | dt: 157ms | tok/s: 26,032 | remaining: 18480s
step 19780 (14.5%) | loss: 12.8601 | gnorm: 4.7742 | dt: 158ms | tok/s: 25,920 | remaining: 18477s
step 19800 (14.5%) | loss: 11.6734 | gnorm: 2.4511 | dt: 159ms | tok/s: 25,741 | remaining: 18474s
step 19820 (14.5%) | loss: 13.1298 | gnorm: 5.5001 | dt: 162ms | tok/s: 25,315 | remaining: 18471s
step 19840 (14.5%) | loss: 11.1955 | gnorm: 2.3735 | dt: 157ms | tok/s: 26,147 | remaining: 18467s
step 19860 (14.5%) | loss: 13.0228 | gnorm: 5.1272 | dt: 157ms | tok/s: 26,076 | remaining: 18464s
step 19880 (14.5%) | loss: 12.7914 | gnorm: 3.8192 | dt: 158ms | tok/s: 25,984 | remaining: 18461s
step 19900 (14.5%) | loss: 12.8022 | gnorm: 4.6345 | dt: 159ms | tok/s: 25,715 | remaining: 18458s
step 19920 (14.6%) | loss: 11.5767 | gnorm: 2.6075 | dt: 159ms | tok/s: 25,750 | remaining: 18455s
step 19940 (14.6%) | loss: 11.5094 | gnorm: 4.5734 | dt: 161ms | tok/s: 25,415 | remaining: 18452s
step 19960 (14.6%) | loss: 11.0277 | gnorm: 2.1171 | dt: 156ms | tok/s: 26,183 | remaining: 18448s
step 19980 (14.6%) | loss: 12.2804 | gnorm: 5.7445 | dt: 158ms | tok/s: 25,934 | remaining: 18445s
step 20000 (14.6%) | loss: 11.4584 | gnorm: 2.2326 | dt: 158ms | tok/s: 25,912 | remaining: 18442s
step 20020 (14.6%) | loss: 11.9444 | gnorm: 5.1662 | dt: 159ms | tok/s: 25,826 | remaining: 18439s
step 20040 (14.6%) | loss: 11.2237 | gnorm: 2.2371 | dt: 160ms | tok/s: 25,678 | remaining: 18436s
step 20060 (14.7%) | loss: 12.1324 | gnorm: 4.3564 | dt: 162ms | tok/s: 25,359 | remaining: 18433s
step 20080 (14.7%) | loss: 11.2585 | gnorm: 2.1941 | dt: 159ms | tok/s: 25,720 | remaining: 18429s
step 20100 (14.7%) | loss: 12.5341 | gnorm: 5.1532 | dt: 156ms | tok/s: 26,277 | remaining: 18426s
step 20120 (14.7%) | loss: 11.4693 | gnorm: 2.1213 | dt: 157ms | tok/s: 26,092 | remaining: 18423s
step 20140 (14.7%) | loss: 12.0225 | gnorm: 5.0602 | dt: 158ms | tok/s: 25,937 | remaining: 18420s
step 20160 (14.7%) | loss: 10.4884 | gnorm: 2.1861 | dt: 159ms | tok/s: 25,717 | remaining: 18417s
step 20180 (14.8%) | loss: 12.3743 | gnorm: 5.1933 | dt: 160ms | tok/s: 25,579 | remaining: 18413s
step 20200 (14.8%) | loss: 12.0939 | gnorm: 2.5156 | dt: 160ms | tok/s: 25,675 | remaining: 18410s
step 20220 (14.8%) | loss: 11.6705 | gnorm: 4.4784 | dt: 156ms | tok/s: 26,336 | remaining: 18407s
step 20240 (14.8%) | loss: 11.3639 | gnorm: 2.2627 | dt: 158ms | tok/s: 25,995 | remaining: 18404s
step 20260 (14.8%) | loss: 12.4204 | gnorm: 4.0829 | dt: 158ms | tok/s: 25,938 | remaining: 18401s
step 20280 (14.8%) | loss: 11.7510 | gnorm: 2.3248 | dt: 160ms | tok/s: 25,667 | remaining: 18398s
step 20300 (14.8%) | loss: 11.7862 | gnorm: 4.6897 | dt: 160ms | tok/s: 25,642 | remaining: 18394s
step 20320 (14.9%) | loss: 12.5059 | gnorm: 2.4218 | dt: 161ms | tok/s: 25,489 | remaining: 18391s
step 20340 (14.9%) | loss: 11.3919 | gnorm: 4.0940 | dt: 156ms | tok/s: 26,182 | remaining: 18388s
step 20360 (14.9%) | loss: 11.2711 | gnorm: 3.0483 | dt: 158ms | tok/s: 25,997 | remaining: 18385s
step 20380 (14.9%) | loss: 12.7207 | gnorm: 4.8678 | dt: 158ms | tok/s: 25,929 | remaining: 18382s
step 20400 (14.9%) | loss: 11.3470 | gnorm: 2.1131 | dt: 160ms | tok/s: 25,572 | remaining: 18379s
step 20420 (14.9%) | loss: 11.6465 | gnorm: 3.9960 | dt: 160ms | tok/s: 25,561 | remaining: 18375s
step 20440 (14.9%) | loss: 11.4218 | gnorm: 2.1260 | dt: 158ms | tok/s: 25,940 | remaining: 18372s
step 20460 (15.0%) | loss: 12.5591 | gnorm: 5.0567 | dt: 157ms | tok/s: 26,093 | remaining: 18369s
step 20480 (15.0%) | loss: 11.2761 | gnorm: 2.6354 | dt: 157ms | tok/s: 26,044 | remaining: 18366s
step 20500 (15.0%) | loss: 11.4499 | gnorm: 5.1047 | dt: 158ms | tok/s: 25,966 | remaining: 18363s
step 20520 (15.0%) | loss: 11.6723 | gnorm: 2.3708 | dt: 159ms | tok/s: 25,691 | remaining: 18360s
step 20540 (15.0%) | loss: 11.9358 | gnorm: 6.0122 | dt: 162ms | tok/s: 25,276 | remaining: 18356s
step 20560 (15.0%) | loss: 11.3420 | gnorm: 2.5855 | dt: 156ms | tok/s: 26,237 | remaining: 18353s
step 20580 (15.0%) | loss: 11.5283 | gnorm: 4.6471 | dt: 155ms | tok/s: 26,476 | remaining: 18350s
step 20600 (15.1%) | loss: 11.2144 | gnorm: 2.6899 | dt: 158ms | tok/s: 26,000 | remaining: 18347s
step 20620 (15.1%) | loss: 11.7621 | gnorm: 4.5166 | dt: 158ms | tok/s: 25,924 | remaining: 18344s
step 20640 (15.1%) | loss: 11.3912 | gnorm: 2.6827 | dt: 160ms | tok/s: 25,616 | remaining: 18341s
step 20660 (15.1%) | loss: 11.6172 | gnorm: 4.3706 | dt: 160ms | tok/s: 25,520 | remaining: 18337s
step 20680 (15.1%) | loss: 11.4294 | gnorm: 2.4623 | dt: 155ms | tok/s: 26,372 | remaining: 18334s
step 20700 (15.1%) | loss: 11.4110 | gnorm: 4.8253 | dt: 158ms | tok/s: 26,002 | remaining: 18331s
step 20720 (15.1%) | loss: 11.3211 | gnorm: 2.3832 | dt: 159ms | tok/s: 25,838 | remaining: 18328s
step 20740 (15.2%) | loss: 12.4333 | gnorm: 4.5698 | dt: 159ms | tok/s: 25,783 | remaining: 18325s
step 20760 (15.2%) | loss: 11.6499 | gnorm: 2.3544 | dt: 160ms | tok/s: 25,569 | remaining: 18322s
step 20780 (15.2%) | loss: 11.5435 | gnorm: 4.5374 | dt: 156ms | tok/s: 26,271 | remaining: 18319s
step 20800 (15.2%) | loss: 11.9014 | gnorm: 2.5393 | dt: 156ms | tok/s: 26,193 | remaining: 18315s
step 20820 (15.2%) | loss: 12.2314 | gnorm: 5.1937 | dt: 157ms | tok/s: 26,032 | remaining: 18312s
step 20840 (15.2%) | loss: 10.9891 | gnorm: 2.5431 | dt: 159ms | tok/s: 25,810 | remaining: 18309s
step 20860 (15.2%) | loss: 12.0988 | gnorm: 4.1823 | dt: 159ms | tok/s: 25,725 | remaining: 18306s
step 20880 (15.3%) | loss: 11.7882 | gnorm: 2.5686 | dt: 157ms | tok/s: 26,119 | remaining: 18303s
step 20900 (15.3%) | loss: 11.5093 | gnorm: 4.8205 | dt: 157ms | tok/s: 26,087 | remaining: 18300s
step 20920 (15.3%) | loss: 11.2762 | gnorm: 2.2514 | dt: 158ms | tok/s: 25,990 | remaining: 18296s
step 20940 (15.3%) | loss: 12.7457 | gnorm: 3.9095 | dt: 157ms | tok/s: 26,013 | remaining: 18293s
step 20960 (15.3%) | loss: 12.2086 | gnorm: 2.4674 | dt: 160ms | tok/s: 25,614 | remaining: 18290s
step 20980 (15.3%) | loss: 11.7578 | gnorm: 4.2923 | dt: 159ms | tok/s: 25,743 | remaining: 18287s
step 21000 (15.4%) | loss: 12.0282 | gnorm: 2.2336 | dt: 157ms | tok/s: 26,083 | remaining: 18284s
step 21020 (15.4%) | loss: 12.5921 | gnorm: 4.9857 | dt: 157ms | tok/s: 26,096 | remaining: 18281s
step 21040 (15.4%) | loss: 11.0936 | gnorm: 2.3794 | dt: 157ms | tok/s: 26,034 | remaining: 18277s
step 21060 (15.4%) | loss: 12.8896 | gnorm: 3.9653 | dt: 159ms | tok/s: 25,788 | remaining: 18274s
step 21080 (15.4%) | loss: 11.0124 | gnorm: 2.7148 | dt: 159ms | tok/s: 25,692 | remaining: 18271s
step 21100 (15.4%) | loss: 12.2441 | gnorm: 4.6815 | dt: 156ms | tok/s: 26,309 | remaining: 18268s
step 21120 (15.4%) | loss: 12.6462 | gnorm: 2.2894 | dt: 156ms | tok/s: 26,238 | remaining: 18265s
step 21140 (15.5%) | loss: 12.7009 | gnorm: 5.1374 | dt: 158ms | tok/s: 25,851 | remaining: 18262s
step 21160 (15.5%) | loss: 11.5106 | gnorm: 2.4965 | dt: 159ms | tok/s: 25,775 | remaining: 18259s
step 21180 (15.5%) | loss: 11.4437 | gnorm: 4.5954 | dt: 160ms | tok/s: 25,602 | remaining: 18255s
step 21200 (15.5%) | loss: 12.2813 | gnorm: 2.3611 | dt: 157ms | tok/s: 26,088 | remaining: 18252s
step 21220 (15.5%) | loss: 12.8634 | gnorm: 4.7601 | dt: 158ms | tok/s: 25,935 | remaining: 18249s
step 21240 (15.5%) | loss: 11.6581 | gnorm: 2.9918 | dt: 157ms | tok/s: 26,050 | remaining: 18246s
step 21260 (15.5%) | loss: 11.9402 | gnorm: 4.1811 | dt: 159ms | tok/s: 25,781 | remaining: 18243s
step 21280 (15.6%) | loss: 11.7177 | gnorm: 3.0744 | dt: 159ms | tok/s: 25,749 | remaining: 18240s
step 21300 (15.6%) | loss: 13.4850 | gnorm: 5.0464 | dt: 158ms | tok/s: 25,967 | remaining: 18236s
step 21320 (15.6%) | loss: 12.6814 | gnorm: 2.4312 | dt: 156ms | tok/s: 26,279 | remaining: 18233s
step 21340 (15.6%) | loss: 12.2009 | gnorm: 4.1669 | dt: 157ms | tok/s: 26,089 | remaining: 18230s
step 21360 (15.6%) | loss: 16.1021 | gnorm: 2.6112 | dt: 157ms | tok/s: 26,027 | remaining: 18227s
step 21380 (15.6%) | loss: 12.2002 | gnorm: 3.5771 | dt: 157ms | tok/s: 26,036 | remaining: 18224s
step 21400 (15.6%) | loss: 11.6041 | gnorm: 2.1283 | dt: 159ms | tok/s: 25,736 | remaining: 18221s
step 21420 (15.7%) | loss: 11.6141 | gnorm: 4.7343 | dt: 164ms | tok/s: 25,040 | remaining: 18217s
step 21440 (15.7%) | loss: 11.1813 | gnorm: 2.4824 | dt: 157ms | tok/s: 26,028 | remaining: 18214s
step 21460 (15.7%) | loss: 12.1834 | gnorm: 4.0907 | dt: 159ms | tok/s: 25,734 | remaining: 18211s
step 21480 (15.7%) | loss: 11.7113 | gnorm: 2.1464 | dt: 161ms | tok/s: 25,474 | remaining: 18208s
step 21500 (15.7%) | loss: 11.2789 | gnorm: 4.1565 | dt: 162ms | tok/s: 25,284 | remaining: 18205s
step 21520 (15.7%) | loss: 11.0476 | gnorm: 2.0582 | dt: 161ms | tok/s: 25,364 | remaining: 18201s
step 21540 (15.7%) | loss: 11.7639 | gnorm: 4.4463 | dt: 163ms | tok/s: 25,070 | remaining: 18198s
step 21560 (15.8%) | loss: 11.3422 | gnorm: 2.3074 | dt: 161ms | tok/s: 25,411 | remaining: 18195s
step 21580 (15.8%) | loss: 12.1068 | gnorm: 4.4829 | dt: 159ms | tok/s: 25,821 | remaining: 18192s
step 21600 (15.8%) | loss: 11.8735 | gnorm: 2.3158 | dt: 158ms | tok/s: 25,845 | remaining: 18189s
step 21620 (15.8%) | loss: 12.2117 | gnorm: 4.5370 | dt: 166ms | tok/s: 24,725 | remaining: 18186s
step 21640 (15.8%) | loss: 11.7992 | gnorm: 2.5869 | dt: 158ms | tok/s: 25,951 | remaining: 18182s
step 21660 (15.8%) | loss: 12.6505 | gnorm: 4.3938 | dt: 160ms | tok/s: 25,560 | remaining: 18179s
step 21680 (15.9%) | loss: 11.7383 | gnorm: 2.2863 | dt: 161ms | tok/s: 25,382 | remaining: 18176s
step 21700 (15.9%) | loss: 14.4134 | gnorm: 6.4395 | dt: 161ms | tok/s: 25,486 | remaining: 18173s
step 21720 (15.9%) | loss: 12.2994 | gnorm: 2.7776 | dt: 168ms | tok/s: 24,360 | remaining: 18170s
step 21740 (15.9%) | loss: 12.4690 | gnorm: 4.4238 | dt: 159ms | tok/s: 25,751 | remaining: 18166s
step 21760 (15.9%) | loss: 12.0251 | gnorm: 2.2733 | dt: 165ms | tok/s: 24,870 | remaining: 18163s
step 21780 (15.9%) | loss: 11.6007 | gnorm: 4.9771 | dt: 161ms | tok/s: 25,475 | remaining: 18160s
step 21800 (15.9%) | loss: 11.4243 | gnorm: 2.3541 | dt: 161ms | tok/s: 25,375 | remaining: 18157s
step 21820 (16.0%) | loss: 11.9552 | gnorm: 4.2494 | dt: 161ms | tok/s: 25,487 | remaining: 18154s
step 21840 (16.0%) | loss: 11.3877 | gnorm: 2.1972 | dt: 159ms | tok/s: 25,816 | remaining: 18151s
step 21860 (16.0%) | loss: 11.8441 | gnorm: 5.2684 | dt: 160ms | tok/s: 25,595 | remaining: 18147s
step 21880 (16.0%) | loss: 11.6229 | gnorm: 2.1652 | dt: 160ms | tok/s: 25,583 | remaining: 18144s
step 21900 (16.0%) | loss: 12.5403 | gnorm: 5.5203 | dt: 162ms | tok/s: 25,268 | remaining: 18141s
step 21920 (16.0%) | loss: 11.5094 | gnorm: 2.2688 | dt: 161ms | tok/s: 25,424 | remaining: 18138s
step 21940 (16.0%) | loss: 16.0864 | gnorm: 4.7292 | dt: 162ms | tok/s: 25,285 | remaining: 18135s
step 21960 (16.1%) | loss: 12.5191 | gnorm: 2.2173 | dt: 164ms | tok/s: 25,032 | remaining: 18131s
step 21980 (16.1%) | loss: 12.7133 | gnorm: 4.3419 | dt: 160ms | tok/s: 25,680 | remaining: 18128s
step 22000 (16.1%) | loss: 11.8150 | gnorm: 2.6018 | dt: 156ms | tok/s: 26,180 | remaining: 18125s
step 22020 (16.1%) | loss: 12.7498 | gnorm: 5.4243 | dt: 156ms | tok/s: 26,178 | remaining: 18122s
step 22040 (16.1%) | loss: 11.8160 | gnorm: 2.2470 | dt: 157ms | tok/s: 26,083 | remaining: 18119s
step 22060 (16.1%) | loss: 11.5549 | gnorm: 5.0799 | dt: 158ms | tok/s: 25,926 | remaining: 18116s
step 22080 (16.1%) | loss: 11.9749 | gnorm: 1.9911 | dt: 159ms | tok/s: 25,824 | remaining: 18112s
step 22100 (16.2%) | loss: 11.8295 | gnorm: 4.2042 | dt: 156ms | tok/s: 26,282 | remaining: 18109s
step 22120 (16.2%) | loss: 11.4077 | gnorm: 2.6511 | dt: 156ms | tok/s: 26,280 | remaining: 18106s
step 22140 (16.2%) | loss: 12.9163 | gnorm: 4.3732 | dt: 156ms | tok/s: 26,229 | remaining: 18103s
step 22160 (16.2%) | loss: 11.8505 | gnorm: 2.4162 | dt: 158ms | tok/s: 25,972 | remaining: 18100s
step 22180 (16.2%) | loss: 12.3237 | gnorm: 5.5213 | dt: 160ms | tok/s: 25,643 | remaining: 18097s
step 22200 (16.2%) | loss: 11.7177 | gnorm: 2.3140 | dt: 162ms | tok/s: 25,356 | remaining: 18093s
step 22220 (16.2%) | loss: 11.7441 | gnorm: 4.7734 | dt: 157ms | tok/s: 26,123 | remaining: 18090s
step 22240 (16.3%) | loss: 11.4389 | gnorm: 2.6958 | dt: 157ms | tok/s: 26,151 | remaining: 18087s
step 22260 (16.3%) | loss: 13.3201 | gnorm: 5.5970 | dt: 156ms | tok/s: 26,173 | remaining: 18084s
step 22280 (16.3%) | loss: 11.0490 | gnorm: 3.0684 | dt: 158ms | tok/s: 25,916 | remaining: 18081s
step 22300 (16.3%) | loss: 11.8699 | gnorm: 4.4966 | dt: 159ms | tok/s: 25,749 | remaining: 18078s
step 22320 (16.3%) | loss: 11.3663 | gnorm: 2.2241 | dt: 161ms | tok/s: 25,397 | remaining: 18074s
step 22340 (16.3%) | loss: 11.6476 | gnorm: 4.3079 | dt: 158ms | tok/s: 25,871 | remaining: 18071s
step 22360 (16.4%) | loss: 11.3204 | gnorm: 2.0287 | dt: 157ms | tok/s: 26,034 | remaining: 18068s
step 22380 (16.4%) | loss: 12.0128 | gnorm: 6.0404 | dt: 158ms | tok/s: 25,965 | remaining: 18065s
step 22400 (16.4%) | loss: 10.6624 | gnorm: 2.0488 | dt: 159ms | tok/s: 25,807 | remaining: 18062s
step 22420 (16.4%) | loss: 11.8965 | gnorm: 5.0629 | dt: 159ms | tok/s: 25,694 | remaining: 18059s
step 22440 (16.4%) | loss: 11.2553 | gnorm: 2.1698 | dt: 162ms | tok/s: 25,332 | remaining: 18055s
step 22460 (16.4%) | loss: 12.0936 | gnorm: 4.7327 | dt: 157ms | tok/s: 26,060 | remaining: 18052s
step 22480 (16.4%) | loss: 10.7951 | gnorm: 2.2056 | dt: 152ms | tok/s: 27,012 | remaining: 18049s
step 22500 (16.5%) | loss: 11.2540 | gnorm: 4.0416 | dt: 157ms | tok/s: 26,072 | remaining: 18046s
step 22520 (16.5%) | loss: 11.6628 | gnorm: 2.3902 | dt: 158ms | tok/s: 25,887 | remaining: 18043s
step 22540 (16.5%) | loss: 12.6002 | gnorm: 5.3117 | dt: 159ms | tok/s: 25,743 | remaining: 18040s
step 22560 (16.5%) | loss: 11.6973 | gnorm: 2.0420 | dt: 161ms | tok/s: 25,417 | remaining: 18036s
step 22580 (16.5%) | loss: 11.3923 | gnorm: 3.9183 | dt: 158ms | tok/s: 25,946 | remaining: 18033s
step 22600 (16.5%) | loss: 11.5775 | gnorm: 2.3229 | dt: 157ms | tok/s: 26,107 | remaining: 18030s
step 22620 (16.5%) | loss: 12.0230 | gnorm: 4.6046 | dt: 158ms | tok/s: 25,924 | remaining: 18027s
step 22640 (16.6%) | loss: 11.4651 | gnorm: 2.9812 | dt: 159ms | tok/s: 25,795 | remaining: 18024s
step 22660 (16.6%) | loss: 11.8034 | gnorm: 5.5042 | dt: 160ms | tok/s: 25,569 | remaining: 18021s
step 22680 (16.6%) | loss: 11.5462 | gnorm: 1.9082 | dt: 160ms | tok/s: 25,672 | remaining: 18017s
step 22700 (16.6%) | loss: 12.2919 | gnorm: 4.8354 | dt: 156ms | tok/s: 26,333 | remaining: 18014s
step 22720 (16.6%) | loss: 11.6217 | gnorm: 1.9877 | dt: 158ms | tok/s: 25,915 | remaining: 18011s
step 22740 (16.6%) | loss: 11.4537 | gnorm: 3.8419 | dt: 159ms | tok/s: 25,830 | remaining: 18008s
step 22760 (16.6%) | loss: 11.2816 | gnorm: 2.2612 | dt: 158ms | tok/s: 25,924 | remaining: 18005s
step 22780 (16.7%) | loss: 12.3440 | gnorm: 6.8447 | dt: 158ms | tok/s: 25,846 | remaining: 18002s
step 22800 (16.7%) | loss: 11.9223 | gnorm: 2.3664 | dt: 159ms | tok/s: 25,720 | remaining: 17998s
step 22820 (16.7%) | loss: 12.4858 | gnorm: 4.9628 | dt: 156ms | tok/s: 26,219 | remaining: 17995s
step 22840 (16.7%) | loss: 12.3409 | gnorm: 2.4442 | dt: 157ms | tok/s: 26,133 | remaining: 17992s
step 22860 (16.7%) | loss: 13.4031 | gnorm: 4.9897 | dt: 155ms | tok/s: 26,373 | remaining: 17989s
step 22880 (16.7%) | loss: 12.2413 | gnorm: 2.6218 | dt: 160ms | tok/s: 25,660 | remaining: 17986s
step 22900 (16.7%) | loss: 12.3303 | gnorm: 4.6039 | dt: 161ms | tok/s: 25,415 | remaining: 17983s
step 22920 (16.8%) | loss: 10.8611 | gnorm: 2.5064 | dt: 156ms | tok/s: 26,201 | remaining: 17979s
step 22940 (16.8%) | loss: 12.4860 | gnorm: 5.2133 | dt: 157ms | tok/s: 26,058 | remaining: 17976s
step 22960 (16.8%) | loss: 11.3465 | gnorm: 2.3909 | dt: 158ms | tok/s: 25,975 | remaining: 17973s
step 22980 (16.8%) | loss: 13.3420 | gnorm: 5.2632 | dt: 158ms | tok/s: 25,899 | remaining: 17970s
step 23000 (16.8%) | loss: 11.3974 | gnorm: 2.0975 | dt: 160ms | tok/s: 25,675 | remaining: 17967s
step 23020 (16.8%) | loss: 12.2568 | gnorm: 4.9046 | dt: 161ms | tok/s: 25,416 | remaining: 17964s
step 23040 (16.8%) | loss: 11.8372 | gnorm: 2.6336 | dt: 155ms | tok/s: 26,344 | remaining: 17960s
step 23060 (16.9%) | loss: 11.3386 | gnorm: 4.4374 | dt: 156ms | tok/s: 26,253 | remaining: 17957s
step 23080 (16.9%) | loss: 11.4115 | gnorm: 2.4850 | dt: 158ms | tok/s: 25,931 | remaining: 17954s
step 23100 (16.9%) | loss: 12.9780 | gnorm: 5.9486 | dt: 159ms | tok/s: 25,841 | remaining: 17951s
step 23120 (16.9%) | loss: 11.2638 | gnorm: 2.3272 | dt: 160ms | tok/s: 25,544 | remaining: 17948s
step 23140 (16.9%) | loss: 12.3579 | gnorm: 4.9297 | dt: 156ms | tok/s: 26,245 | remaining: 17945s
step 23160 (16.9%) | loss: 11.1852 | gnorm: 2.4853 | dt: 158ms | tok/s: 25,960 | remaining: 17941s
step 23180 (17.0%) | loss: 11.8172 | gnorm: 4.4316 | dt: 156ms | tok/s: 26,269 | remaining: 17938s
step 23200 (17.0%) | loss: 10.9037 | gnorm: 2.2699 | dt: 159ms | tok/s: 25,758 | remaining: 17935s
step 23220 (17.0%) | loss: 12.0693 | gnorm: 5.1916 | dt: 159ms | tok/s: 25,815 | remaining: 17932s
step 23240 (17.0%) | loss: 11.1469 | gnorm: 2.2262 | dt: 158ms | tok/s: 25,986 | remaining: 17929s
step 23260 (17.0%) | loss: 11.7750 | gnorm: 4.2988 | dt: 158ms | tok/s: 25,976 | remaining: 17926s
step 23280 (17.0%) | loss: 11.7848 | gnorm: 2.4341 | dt: 157ms | tok/s: 26,098 | remaining: 17922s
step 23300 (17.0%) | loss: 12.7014 | gnorm: 4.6207 | dt: 157ms | tok/s: 26,158 | remaining: 17919s
step 23320 (17.1%) | loss: 11.5389 | gnorm: 2.1912 | dt: 158ms | tok/s: 25,947 | remaining: 17916s
step 23340 (17.1%) | loss: 13.5654 | gnorm: 5.2904 | dt: 158ms | tok/s: 25,921 | remaining: 17913s
step 23360 (17.1%) | loss: 12.1802 | gnorm: 2.8056 | dt: 161ms | tok/s: 25,374 | remaining: 17910s
step 23380 (17.1%) | loss: 12.0271 | gnorm: 4.2582 | dt: 156ms | tok/s: 26,235 | remaining: 17907s
step 23400 (17.1%) | loss: 11.3393 | gnorm: 2.9264 | dt: 158ms | tok/s: 26,006 | remaining: 17903s
step 23420 (17.1%) | loss: 11.3866 | gnorm: 5.1218 | dt: 158ms | tok/s: 25,978 | remaining: 17900s
step 23440 (17.1%) | loss: 10.8248 | gnorm: 2.5977 | dt: 158ms | tok/s: 25,973 | remaining: 17897s
step 23460 (17.2%) | loss: 11.1186 | gnorm: 4.2923 | dt: 160ms | tok/s: 25,648 | remaining: 17894s
step 23480 (17.2%) | loss: 11.3454 | gnorm: 2.4224 | dt: 159ms | tok/s: 25,749 | remaining: 17891s
step 23500 (17.2%) | loss: 13.0539 | gnorm: 5.0015 | dt: 157ms | tok/s: 26,172 | remaining: 17888s
step 23520 (17.2%) | loss: 10.8494 | gnorm: 2.2309 | dt: 157ms | tok/s: 26,168 | remaining: 17884s
step 23540 (17.2%) | loss: 11.8660 | gnorm: 4.7963 | dt: 158ms | tok/s: 25,929 | remaining: 17881s
step 23560 (17.2%) | loss: 11.8929 | gnorm: 2.3486 | dt: 159ms | tok/s: 25,759 | remaining: 17878s
step 23580 (17.2%) | loss: 11.9524 | gnorm: 3.7736 | dt: 160ms | tok/s: 25,573 | remaining: 17875s
step 23600 (17.3%) | loss: 11.1713 | gnorm: 2.1778 | dt: 157ms | tok/s: 26,009 | remaining: 17872s
step 23620 (17.3%) | loss: 12.1189 | gnorm: 4.1897 | dt: 153ms | tok/s: 26,792 | remaining: 17869s
step 23640 (17.3%) | loss: 11.8963 | gnorm: 2.5547 | dt: 158ms | tok/s: 25,952 | remaining: 17865s
step 23660 (17.3%) | loss: 12.0067 | gnorm: 4.5808 | dt: 159ms | tok/s: 25,824 | remaining: 17862s
step 23680 (17.3%) | loss: 11.3430 | gnorm: 2.1835 | dt: 160ms | tok/s: 25,655 | remaining: 17859s
step 23700 (17.3%) | loss: 12.7920 | gnorm: 4.3490 | dt: 161ms | tok/s: 25,424 | remaining: 17856s
step 23720 (17.3%) | loss: 11.7367 | gnorm: 2.4113 | dt: 158ms | tok/s: 25,923 | remaining: 17853s
step 23740 (17.4%) | loss: 12.2408 | gnorm: 4.7639 | dt: 157ms | tok/s: 26,008 | remaining: 17850s
step 23760 (17.4%) | loss: 11.2028 | gnorm: 2.5261 | dt: 158ms | tok/s: 25,995 | remaining: 17846s
step 23780 (17.4%) | loss: 12.3473 | gnorm: 4.5796 | dt: 159ms | tok/s: 25,760 | remaining: 17843s
step 23800 (17.4%) | loss: 11.8101 | gnorm: 2.2865 | dt: 160ms | tok/s: 25,641 | remaining: 17840s
step 23820 (17.4%) | loss: 11.3552 | gnorm: 4.9848 | dt: 162ms | tok/s: 25,290 | remaining: 17837s
step 23840 (17.4%) | loss: 11.1906 | gnorm: 2.6006 | dt: 158ms | tok/s: 25,946 | remaining: 17834s
step 23860 (17.5%) | loss: 12.1714 | gnorm: 4.8139 | dt: 158ms | tok/s: 25,921 | remaining: 17831s
step 23880 (17.5%) | loss: 11.9659 | gnorm: 2.1554 | dt: 157ms | tok/s: 26,062 | remaining: 17827s
step 23900 (17.5%) | loss: 11.7172 | gnorm: 5.0582 | dt: 153ms | tok/s: 26,798 | remaining: 17824s
step 23920 (17.5%) | loss: 11.3023 | gnorm: 2.8609 | dt: 160ms | tok/s: 25,618 | remaining: 17821s
step 23940 (17.5%) | loss: 12.2845 | gnorm: 4.7139 | dt: 162ms | tok/s: 25,293 | remaining: 17818s
step 23960 (17.5%) | loss: 11.8979 | gnorm: 2.5070 | dt: 157ms | tok/s: 26,106 | remaining: 17815s
step 23980 (17.5%) | loss: 11.7581 | gnorm: 4.6009 | dt: 158ms | tok/s: 25,888 | remaining: 17812s
step 24000 (17.6%) | loss: 11.5155 | gnorm: 2.1029 | dt: 155ms | tok/s: 26,373 | remaining: 17808s
step 24020 (17.6%) | loss: 11.6337 | gnorm: 3.7790 | dt: 158ms | tok/s: 25,922 | remaining: 17805s
step 24040 (17.6%) | loss: 10.6539 | gnorm: 2.1897 | dt: 159ms | tok/s: 25,784 | remaining: 17802s
step 24060 (17.6%) | loss: 11.9141 | gnorm: 3.9091 | dt: 161ms | tok/s: 25,362 | remaining: 17799s
step 24080 (17.6%) | loss: 10.1503 | gnorm: 2.9590 | dt: 157ms | tok/s: 26,117 | remaining: 17796s
step 24100 (17.6%) | loss: 11.8950 | gnorm: 3.6968 | dt: 157ms | tok/s: 26,036 | remaining: 17793s
step 24120 (17.6%) | loss: 11.7064 | gnorm: 2.2823 | dt: 158ms | tok/s: 25,903 | remaining: 17789s
step 24140 (17.7%) | loss: 12.0443 | gnorm: 4.6165 | dt: 158ms | tok/s: 25,908 | remaining: 17786s
step 24160 (17.7%) | loss: 11.4293 | gnorm: 2.2904 | dt: 160ms | tok/s: 25,659 | remaining: 17783s
step 24180 (17.7%) | loss: 12.8000 | gnorm: 3.9096 | dt: 160ms | tok/s: 25,623 | remaining: 17780s
step 24200 (17.7%) | loss: 12.0791 | gnorm: 2.2787 | dt: 156ms | tok/s: 26,175 | remaining: 17777s
step 24220 (17.7%) | loss: 12.8554 | gnorm: 5.2613 | dt: 157ms | tok/s: 26,032 | remaining: 17774s
step 24240 (17.7%) | loss: 11.3143 | gnorm: 2.4738 | dt: 158ms | tok/s: 25,941 | remaining: 17770s
step 24260 (17.7%) | loss: 12.2220 | gnorm: 3.5747 | dt: 159ms | tok/s: 25,705 | remaining: 17767s
step 24280 (17.8%) | loss: 11.3989 | gnorm: 2.4097 | dt: 161ms | tok/s: 25,389 | remaining: 17764s
step 24300 (17.8%) | loss: 12.0810 | gnorm: 4.6811 | dt: 158ms | tok/s: 25,890 | remaining: 17761s
step 24320 (17.8%) | loss: 11.0198 | gnorm: 2.2290 | dt: 157ms | tok/s: 26,076 | remaining: 17758s
step 24340 (17.8%) | loss: 12.6522 | gnorm: 4.7926 | dt: 158ms | tok/s: 25,990 | remaining: 17755s
step 24360 (17.8%) | loss: 11.4402 | gnorm: 2.0600 | dt: 159ms | tok/s: 25,741 | remaining: 17751s
step 24380 (17.8%) | loss: 12.6249 | gnorm: 3.9804 | dt: 158ms | tok/s: 25,962 | remaining: 17748s
step 24400 (17.8%) | loss: 11.0607 | gnorm: 2.4546 | dt: 159ms | tok/s: 25,683 | remaining: 17745s
step 24420 (17.9%) | loss: 12.1240 | gnorm: 4.7620 | dt: 161ms | tok/s: 25,509 | remaining: 17742s
step 24440 (17.9%) | loss: 11.4915 | gnorm: 2.5453 | dt: 157ms | tok/s: 26,082 | remaining: 17739s
step 24460 (17.9%) | loss: 13.3563 | gnorm: 4.7643 | dt: 158ms | tok/s: 25,919 | remaining: 17736s
step 24480 (17.9%) | loss: 11.5127 | gnorm: 2.3058 | dt: 158ms | tok/s: 25,923 | remaining: 17732s
step 24500 (17.9%) | loss: 12.4064 | gnorm: 3.6672 | dt: 159ms | tok/s: 25,760 | remaining: 17729s
step 24520 (17.9%) | loss: 11.1502 | gnorm: 2.4673 | dt: 162ms | tok/s: 25,333 | remaining: 17726s
step 24540 (17.9%) | loss: 13.3885 | gnorm: 4.6309 | dt: 158ms | tok/s: 25,985 | remaining: 17723s
step 24560 (18.0%) | loss: 11.4897 | gnorm: 2.2012 | dt: 157ms | tok/s: 26,019 | remaining: 17720s
step 24580 (18.0%) | loss: 11.8521 | gnorm: 4.7510 | dt: 157ms | tok/s: 26,051 | remaining: 17717s
step 24600 (18.0%) | loss: 11.2494 | gnorm: 2.1227 | dt: 159ms | tok/s: 25,809 | remaining: 17713s
step 24620 (18.0%) | loss: 11.4128 | gnorm: 4.8950 | dt: 159ms | tok/s: 25,681 | remaining: 17710s
step 24640 (18.0%) | loss: 11.2826 | gnorm: 3.5980 | dt: 162ms | tok/s: 25,318 | remaining: 17707s
step 24660 (18.0%) | loss: 12.0313 | gnorm: 4.3397 | dt: 157ms | tok/s: 26,160 | remaining: 17704s
step 24680 (18.1%) | loss: 10.8936 | gnorm: 2.4365 | dt: 157ms | tok/s: 26,109 | remaining: 17701s
step 24700 (18.1%) | loss: 10.5402 | gnorm: 5.4778 | dt: 157ms | tok/s: 26,042 | remaining: 17698s
step 24720 (18.1%) | loss: 11.4434 | gnorm: 2.3969 | dt: 158ms | tok/s: 25,937 | remaining: 17694s
step 24740 (18.1%) | loss: 12.3382 | gnorm: 5.6356 | dt: 158ms | tok/s: 25,849 | remaining: 17691s
step 24760 (18.1%) | loss: 11.3912 | gnorm: 2.2637 | dt: 158ms | tok/s: 25,936 | remaining: 17688s
step 24780 (18.1%) | loss: 12.0668 | gnorm: 5.4554 | dt: 156ms | tok/s: 26,264 | remaining: 17685s
step 24800 (18.1%) | loss: 11.1026 | gnorm: 2.4309 | dt: 157ms | tok/s: 26,064 | remaining: 17682s
step 24820 (18.2%) | loss: 11.7014 | gnorm: 4.0483 | dt: 158ms | tok/s: 25,939 | remaining: 17679s
step 24840 (18.2%) | loss: 10.9230 | gnorm: 2.4997 | dt: 160ms | tok/s: 25,622 | remaining: 17675s
step 24860 (18.2%) | loss: 11.5574 | gnorm: 5.1033 | dt: 160ms | tok/s: 25,642 | remaining: 17672s
step 24880 (18.2%) | loss: 11.0383 | gnorm: 2.4533 | dt: 161ms | tok/s: 25,509 | remaining: 17669s
step 24900 (18.2%) | loss: 12.1938 | gnorm: 4.5186 | dt: 157ms | tok/s: 26,105 | remaining: 17666s
step 24920 (18.2%) | loss: 10.9821 | gnorm: 2.3331 | dt: 157ms | tok/s: 26,008 | remaining: 17663s
step 24940 (18.2%) | loss: 13.2646 | gnorm: 5.8316 | dt: 159ms | tok/s: 25,826 | remaining: 17660s
step 24960 (18.3%) | loss: 11.8392 | gnorm: 2.7072 | dt: 160ms | tok/s: 25,657 | remaining: 17656s
step 24980 (18.3%) | loss: 12.8236 | gnorm: 4.6610 | dt: 159ms | tok/s: 25,707 | remaining: 17653s
step 25000 (18.3%) | loss: 12.1278 | gnorm: 2.2544 | dt: 159ms | tok/s: 25,816 | remaining: 17650s
step 25020 (18.3%) | loss: 12.7659 | gnorm: 5.2111 | dt: 157ms | tok/s: 26,044 | remaining: 17647s
step 25040 (18.3%) | loss: 11.4048 | gnorm: 2.3169 | dt: 157ms | tok/s: 26,011 | remaining: 17644s
step 25060 (18.3%) | loss: 11.7073 | gnorm: 3.6951 | dt: 157ms | tok/s: 26,056 | remaining: 17640s
step 25080 (18.3%) | loss: 12.2787 | gnorm: 2.2044 | dt: 159ms | tok/s: 25,832 | remaining: 17637s
step 25100 (18.4%) | loss: 12.1145 | gnorm: 5.3445 | dt: 161ms | tok/s: 25,475 | remaining: 17634s
step 25120 (18.4%) | loss: 11.4328 | gnorm: 2.6470 | dt: 162ms | tok/s: 25,281 | remaining: 17631s
step 25140 (18.4%) | loss: 11.4715 | gnorm: 3.7117 | dt: 158ms | tok/s: 25,957 | remaining: 17628s
step 25160 (18.4%) | loss: 11.6866 | gnorm: 2.2779 | dt: 157ms | tok/s: 26,071 | remaining: 17625s
step 25180 (18.4%) | loss: 11.4541 | gnorm: 4.9219 | dt: 156ms | tok/s: 26,242 | remaining: 17621s
step 25200 (18.4%) | loss: 11.4066 | gnorm: 2.1999 | dt: 158ms | tok/s: 25,958 | remaining: 17618s
step 25220 (18.4%) | loss: 10.7901 | gnorm: 3.7558 | dt: 159ms | tok/s: 25,802 | remaining: 17615s
step 25240 (18.5%) | loss: 10.8178 | gnorm: 2.3840 | dt: 160ms | tok/s: 25,555 | remaining: 17612s
step 25260 (18.5%) | loss: 11.1988 | gnorm: 4.7621 | dt: 159ms | tok/s: 25,724 | remaining: 17609s
step 25280 (18.5%) | loss: 11.1118 | gnorm: 2.4044 | dt: 157ms | tok/s: 26,074 | remaining: 17606s
step 25300 (18.5%) | loss: 12.3493 | gnorm: 4.4114 | dt: 158ms | tok/s: 25,935 | remaining: 17602s
step 25320 (18.5%) | loss: 11.3454 | gnorm: 2.5705 | dt: 158ms | tok/s: 25,899 | remaining: 17599s
step 25340 (18.5%) | loss: 12.5066 | gnorm: 5.0229 | dt: 159ms | tok/s: 25,751 | remaining: 17596s
step 25360 (18.6%) | loss: 11.1723 | gnorm: 2.2091 | dt: 159ms | tok/s: 25,815 | remaining: 17593s
step 25380 (18.6%) | loss: 10.2918 | gnorm: 4.9781 | dt: 160ms | tok/s: 25,654 | remaining: 17590s
step 25400 (18.6%) | loss: 11.0936 | gnorm: 2.6664 | dt: 156ms | tok/s: 26,223 | remaining: 17586s
step 25420 (18.6%) | loss: 11.6729 | gnorm: 4.5625 | dt: 157ms | tok/s: 26,042 | remaining: 17583s
step 25440 (18.6%) | loss: 10.7322 | gnorm: 2.3690 | dt: 157ms | tok/s: 26,101 | remaining: 17580s
step 25460 (18.6%) | loss: 11.5813 | gnorm: 4.6677 | dt: 158ms | tok/s: 25,970 | remaining: 17577s
step 25480 (18.6%) | loss: 11.1962 | gnorm: 2.3994 | dt: 158ms | tok/s: 25,855 | remaining: 17574s
step 25500 (18.7%) | loss: 11.3795 | gnorm: 3.4061 | dt: 159ms | tok/s: 25,688 | remaining: 17571s
step 25520 (18.7%) | loss: 10.7154 | gnorm: 2.5595 | dt: 157ms | tok/s: 26,111 | remaining: 17567s
step 25540 (18.7%) | loss: 10.6048 | gnorm: 4.6436 | dt: 157ms | tok/s: 26,094 | remaining: 17564s
step 25560 (18.7%) | loss: 10.6288 | gnorm: 2.1506 | dt: 158ms | tok/s: 25,964 | remaining: 17561s
step 25580 (18.7%) | loss: 11.6965 | gnorm: 4.4800 | dt: 158ms | tok/s: 25,995 | remaining: 17558s
step 25600 (18.7%) | loss: 11.6128 | gnorm: 2.2473 | dt: 158ms | tok/s: 25,939 | remaining: 17555s
step 25620 (18.7%) | loss: 11.7669 | gnorm: 4.9136 | dt: 160ms | tok/s: 25,662 | remaining: 17552s
step 25640 (18.8%) | loss: 10.8748 | gnorm: 2.3023 | dt: 155ms | tok/s: 26,455 | remaining: 17548s
step 25660 (18.8%) | loss: 12.2624 | gnorm: 5.1183 | dt: 157ms | tok/s: 26,029 | remaining: 17545s
step 25680 (18.8%) | loss: 10.9551 | gnorm: 2.3761 | dt: 158ms | tok/s: 26,003 | remaining: 17542s
step 25700 (18.8%) | loss: 12.0756 | gnorm: 4.1298 | dt: 159ms | tok/s: 25,788 | remaining: 17539s
step 25720 (18.8%) | loss: 10.8122 | gnorm: 2.1517 | dt: 160ms | tok/s: 25,631 | remaining: 17536s
step 25740 (18.8%) | loss: 11.2626 | gnorm: 3.9296 | dt: 158ms | tok/s: 25,936 | remaining: 17533s
step 25760 (18.8%) | loss: 10.9938 | gnorm: 2.2862 | dt: 156ms | tok/s: 26,222 | remaining: 17529s
step 25780 (18.9%) | loss: 11.2481 | gnorm: 4.4412 | dt: 157ms | tok/s: 26,088 | remaining: 17526s
step 25800 (18.9%) | loss: 10.4725 | gnorm: 2.7301 | dt: 158ms | tok/s: 25,899 | remaining: 17523s
step 25820 (18.9%) | loss: 11.3815 | gnorm: 4.4151 | dt: 158ms | tok/s: 25,849 | remaining: 17520s
step 25840 (18.9%) | loss: 10.9810 | gnorm: 2.3112 | dt: 161ms | tok/s: 25,429 | remaining: 17517s
step 25860 (18.9%) | loss: 11.9008 | gnorm: 4.0085 | dt: 157ms | tok/s: 26,075 | remaining: 17514s
step 25880 (18.9%) | loss: 11.5484 | gnorm: 2.3288 | dt: 159ms | tok/s: 25,760 | remaining: 17510s
step 25900 (18.9%) | loss: 12.2809 | gnorm: 3.9196 | dt: 161ms | tok/s: 25,472 | remaining: 17507s
step 25920 (19.0%) | loss: 11.0068 | gnorm: 2.4620 | dt: 172ms | tok/s: 23,757 | remaining: 17504s
step 25940 (19.0%) | loss: 10.9267 | gnorm: 4.0558 | dt: 161ms | tok/s: 25,499 | remaining: 17501s
step 25960 (19.0%) | loss: 10.9007 | gnorm: 2.2433 | dt: 163ms | tok/s: 25,178 | remaining: 17498s
step 25980 (19.0%) | loss: 10.5510 | gnorm: 3.6648 | dt: 158ms | tok/s: 25,878 | remaining: 17495s
step 26000 (19.0%) | loss: 11.3026 | gnorm: 2.2892 | dt: 157ms | tok/s: 26,153 | remaining: 17491s
step 26020 (19.0%) | loss: 11.9023 | gnorm: 4.5118 | dt: 158ms | tok/s: 25,908 | remaining: 17488s
step 26040 (19.0%) | loss: 10.9568 | gnorm: 2.1554 | dt: 159ms | tok/s: 25,700 | remaining: 17485s
step 26060 (19.1%) | loss: 11.8784 | gnorm: 5.6402 | dt: 160ms | tok/s: 25,673 | remaining: 17482s
step 26080 (19.1%) | loss: 10.9329 | gnorm: 2.3323 | dt: 160ms | tok/s: 25,614 | remaining: 17479s
step 26100 (19.1%) | loss: 11.2045 | gnorm: 4.5968 | dt: 158ms | tok/s: 26,005 | remaining: 17476s
step 26120 (19.1%) | loss: 10.7790 | gnorm: 2.2171 | dt: 160ms | tok/s: 25,566 | remaining: 17472s
step 26140 (19.1%) | loss: 11.4572 | gnorm: 4.8832 | dt: 159ms | tok/s: 25,722 | remaining: 17469s
step 26160 (19.1%) | loss: 12.0188 | gnorm: 2.1059 | dt: 159ms | tok/s: 25,778 | remaining: 17466s
step 26180 (19.2%) | loss: 11.2514 | gnorm: 4.9820 | dt: 160ms | tok/s: 25,540 | remaining: 17463s
step 26200 (19.2%) | loss: 10.3246 | gnorm: 2.1519 | dt: 161ms | tok/s: 25,479 | remaining: 17460s
step 26220 (19.2%) | loss: 11.2145 | gnorm: 5.6495 | dt: 155ms | tok/s: 26,419 | remaining: 17457s
step 26240 (19.2%) | loss: 10.5300 | gnorm: 2.4921 | dt: 157ms | tok/s: 26,098 | remaining: 17453s
step 26260 (19.2%) | loss: 12.4074 | gnorm: 4.5466 | dt: 157ms | tok/s: 26,133 | remaining: 17450s
step 26280 (19.2%) | loss: 10.5924 | gnorm: 2.2761 | dt: 158ms | tok/s: 25,970 | remaining: 17447s
step 26300 (19.2%) | loss: 12.0764 | gnorm: 5.9606 | dt: 160ms | tok/s: 25,626 | remaining: 17444s
step 26320 (19.3%) | loss: 11.0494 | gnorm: 2.0033 | dt: 161ms | tok/s: 25,402 | remaining: 17441s
step 26340 (19.3%) | loss: 11.1036 | gnorm: 4.4837 | dt: 157ms | tok/s: 26,008 | remaining: 17438s
step 26360 (19.3%) | loss: 10.5914 | gnorm: 2.1555 | dt: 157ms | tok/s: 26,042 | remaining: 17434s
step 26380 (19.3%) | loss: 10.8207 | gnorm: 4.3820 | dt: 160ms | tok/s: 25,547 | remaining: 17431s
step 26400 (19.3%) | loss: 10.8382 | gnorm: 2.1114 | dt: 171ms | tok/s: 23,993 | remaining: 17428s
step 26420 (19.3%) | loss: 11.7326 | gnorm: 4.5093 | dt: 159ms | tok/s: 25,778 | remaining: 17425s
step 26440 (19.3%) | loss: 11.3273 | gnorm: 2.3435 | dt: 161ms | tok/s: 25,506 | remaining: 17422s
step 26460 (19.4%) | loss: 12.6692 | gnorm: 4.3888 | dt: 155ms | tok/s: 26,342 | remaining: 17419s
step 26480 (19.4%) | loss: 11.2305 | gnorm: 2.2799 | dt: 157ms | tok/s: 26,029 | remaining: 17415s
step 26500 (19.4%) | loss: 11.5147 | gnorm: 4.2816 | dt: 157ms | tok/s: 26,033 | remaining: 17412s
step 26520 (19.4%) | loss: 10.9575 | gnorm: 2.5034 | dt: 158ms | tok/s: 25,887 | remaining: 17409s
step 26540 (19.4%) | loss: 12.0866 | gnorm: 4.2810 | dt: 160ms | tok/s: 25,541 | remaining: 17406s
step 26560 (19.4%) | loss: 11.5582 | gnorm: 2.6624 | dt: 160ms | tok/s: 25,608 | remaining: 17403s
step 26580 (19.4%) | loss: 11.8235 | gnorm: 4.2623 | dt: 157ms | tok/s: 26,120 | remaining: 17400s
step 26600 (19.5%) | loss: 11.4104 | gnorm: 2.2756 | dt: 157ms | tok/s: 26,103 | remaining: 17396s
step 26620 (19.5%) | loss: 10.9728 | gnorm: 3.9293 | dt: 158ms | tok/s: 25,919 | remaining: 17393s
step 26640 (19.5%) | loss: 10.9815 | gnorm: 2.0949 | dt: 159ms | tok/s: 25,826 | remaining: 17390s
step 26660 (19.5%) | loss: 11.7047 | gnorm: 4.5061 | dt: 163ms | tok/s: 25,167 | remaining: 17387s
step 26680 (19.5%) | loss: 10.9353 | gnorm: 2.5082 | dt: 156ms | tok/s: 26,173 | remaining: 17384s
step 26700 (19.5%) | loss: 12.2204 | gnorm: 4.5422 | dt: 158ms | tok/s: 25,954 | remaining: 17381s
step 26720 (19.5%) | loss: 11.0208 | gnorm: 2.2478 | dt: 158ms | tok/s: 25,943 | remaining: 17377s
step 26740 (19.6%) | loss: 11.8284 | gnorm: 4.1979 | dt: 159ms | tok/s: 25,767 | remaining: 17374s
step 26760 (19.6%) | loss: 11.5794 | gnorm: 2.0455 | dt: 160ms | tok/s: 25,651 | remaining: 17371s
step 26780 (19.6%) | loss: 11.4817 | gnorm: 4.7424 | dt: 159ms | tok/s: 25,689 | remaining: 17368s
step 26800 (19.6%) | loss: 10.9694 | gnorm: 2.7147 | dt: 156ms | tok/s: 26,280 | remaining: 17365s
step 26820 (19.6%) | loss: 12.5315 | gnorm: 3.6653 | dt: 158ms | tok/s: 25,898 | remaining: 17362s
step 26840 (19.6%) | loss: 11.3308 | gnorm: 2.8119 | dt: 158ms | tok/s: 25,985 | remaining: 17358s
step 26860 (19.7%) | loss: 11.6080 | gnorm: 4.5526 | dt: 158ms | tok/s: 25,907 | remaining: 17355s
step 26880 (19.7%) | loss: 11.3612 | gnorm: 2.1119 | dt: 161ms | tok/s: 25,442 | remaining: 17352s
step 26900 (19.7%) | loss: 11.5944 | gnorm: 4.1461 | dt: 160ms | tok/s: 25,629 | remaining: 17349s
step 26920 (19.7%) | loss: 10.8705 | gnorm: 2.0321 | dt: 157ms | tok/s: 26,018 | remaining: 17346s
step 26940 (19.7%) | loss: 12.8958 | gnorm: 5.3489 | dt: 158ms | tok/s: 25,933 | remaining: 17343s
step 26960 (19.7%) | loss: 11.5700 | gnorm: 2.1527 | dt: 158ms | tok/s: 26,001 | remaining: 17339s
step 26980 (19.7%) | loss: 12.0698 | gnorm: 4.1825 | dt: 159ms | tok/s: 25,814 | remaining: 17336s
step 27000 (19.8%) | loss: 10.8726 | gnorm: 2.1496 | dt: 160ms | tok/s: 25,568 | remaining: 17333s
step 27020 (19.8%) | loss: 12.1222 | gnorm: 4.4374 | dt: 161ms | tok/s: 25,452 | remaining: 17330s
step 27040 (19.8%) | loss: 11.3320 | gnorm: 2.4156 | dt: 156ms | tok/s: 26,202 | remaining: 17327s
step 27060 (19.8%) | loss: 11.3915 | gnorm: 3.9656 | dt: 156ms | tok/s: 26,284 | remaining: 17324s
step 27080 (19.8%) | loss: 11.6179 | gnorm: 2.3286 | dt: 158ms | tok/s: 25,903 | remaining: 17320s
step 27100 (19.8%) | loss: 12.0165 | gnorm: 4.1846 | dt: 159ms | tok/s: 25,812 | remaining: 17317s
step 27120 (19.8%) | loss: 10.4751 | gnorm: 1.9855 | dt: 160ms | tok/s: 25,589 | remaining: 17314s
step 27140 (19.9%) | loss: 11.4459 | gnorm: 4.2132 | dt: 157ms | tok/s: 26,143 | remaining: 17311s
step 27160 (19.9%) | loss: 11.6129 | gnorm: 2.3679 | dt: 158ms | tok/s: 25,976 | remaining: 17308s
step 27180 (19.9%) | loss: 12.1109 | gnorm: 5.0162 | dt: 157ms | tok/s: 26,016 | remaining: 17305s
step 27200 (19.9%) | loss: 11.5700 | gnorm: 2.5331 | dt: 158ms | tok/s: 25,872 | remaining: 17301s
step 27220 (19.9%) | loss: 14.9362 | gnorm: 4.8513 | dt: 159ms | tok/s: 25,757 | remaining: 17298s
step 27240 (19.9%) | loss: 12.2820 | gnorm: 2.0719 | dt: 160ms | tok/s: 25,535 | remaining: 17295s
step 27260 (19.9%) | loss: 13.2918 | gnorm: 4.6592 | dt: 156ms | tok/s: 26,252 | remaining: 17292s
step 27280 (20.0%) | loss: 10.7967 | gnorm: 2.4149 | dt: 157ms | tok/s: 26,076 | remaining: 17289s
step 27300 (20.0%) | loss: 12.5137 | gnorm: 3.7793 | dt: 158ms | tok/s: 25,950 | remaining: 17286s
step 27320 (20.0%) | loss: 11.4389 | gnorm: 2.3219 | dt: 159ms | tok/s: 25,732 | remaining: 17282s
step 27340 (20.0%) | loss: 11.4417 | gnorm: 3.9896 | dt: 161ms | tok/s: 25,463 | remaining: 17279s
step 27360 (20.0%) | loss: 11.4790 | gnorm: 2.7668 | dt: 158ms | tok/s: 25,894 | remaining: 17276s
step 27380 (20.0%) | loss: 12.1227 | gnorm: 4.0796 | dt: 157ms | tok/s: 26,042 | remaining: 17273s
step 27400 (20.0%) | loss: 11.0064 | gnorm: 2.6424 | dt: 158ms | tok/s: 25,960 | remaining: 17270s
step 27420 (20.1%) | loss: 11.7502 | gnorm: 4.4163 | dt: 158ms | tok/s: 25,932 | remaining: 17267s
step 27440 (20.1%) | loss: 11.2433 | gnorm: 2.1555 | dt: 159ms | tok/s: 25,750 | remaining: 17263s
step 27460 (20.1%) | loss: 11.5579 | gnorm: 4.0088 | dt: 161ms | tok/s: 25,392 | remaining: 17260s
step 27480 (20.1%) | loss: 10.4731 | gnorm: 1.9451 | dt: 156ms | tok/s: 26,337 | remaining: 17257s
step 27500 (20.1%) | loss: 14.2328 | gnorm: 4.4477 | dt: 158ms | tok/s: 26,001 | remaining: 17254s
step 27520 (20.1%) | loss: 11.6045 | gnorm: 2.6019 | dt: 159ms | tok/s: 25,794 | remaining: 17251s
step 27540 (20.1%) | loss: 11.2104 | gnorm: 3.9762 | dt: 159ms | tok/s: 25,785 | remaining: 17248s
step 27560 (20.2%) | loss: 14.7912 | gnorm: 2.3675 | dt: 160ms | tok/s: 25,623 | remaining: 17244s
step 27580 (20.2%) | loss: 12.2561 | gnorm: 4.4889 | dt: 161ms | tok/s: 25,518 | remaining: 17241s
step 27600 (20.2%) | loss: 11.8655 | gnorm: 2.3637 | dt: 157ms | tok/s: 26,133 | remaining: 17238s
step 27620 (20.2%) | loss: 11.9660 | gnorm: 4.9050 | dt: 157ms | tok/s: 26,077 | remaining: 17235s
step 27640 (20.2%) | loss: 11.2106 | gnorm: 2.3443 | dt: 158ms | tok/s: 25,987 | remaining: 17232s
step 27660 (20.2%) | loss: 11.0154 | gnorm: 4.5450 | dt: 158ms | tok/s: 25,863 | remaining: 17229s
step 27680 (20.3%) | loss: 10.9791 | gnorm: 2.3832 | dt: 160ms | tok/s: 25,650 | remaining: 17225s
step 27700 (20.3%) | loss: 12.4379 | gnorm: 4.0841 | dt: 161ms | tok/s: 25,472 | remaining: 17222s
step 27720 (20.3%) | loss: 10.5978 | gnorm: 2.3681 | dt: 158ms | tok/s: 25,875 | remaining: 17219s
step 27740 (20.3%) | loss: 10.6787 | gnorm: 4.0586 | dt: 157ms | tok/s: 26,021 | remaining: 17216s
step 27760 (20.3%) | loss: 10.7067 | gnorm: 2.2708 | dt: 157ms | tok/s: 26,099 | remaining: 17213s
step 27780 (20.3%) | loss: 11.0847 | gnorm: 4.7986 | dt: 158ms | tok/s: 25,978 | remaining: 17210s
step 27800 (20.3%) | loss: 11.5171 | gnorm: 2.3846 | dt: 160ms | tok/s: 25,644 | remaining: 17206s
step 27820 (20.4%) | loss: 11.2608 | gnorm: 4.1380 | dt: 162ms | tok/s: 25,349 | remaining: 17203s
step 27840 (20.4%) | loss: 11.6334 | gnorm: 2.1349 | dt: 157ms | tok/s: 26,139 | remaining: 17200s
step 27860 (20.4%) | loss: 11.8337 | gnorm: 4.2214 | dt: 157ms | tok/s: 26,037 | remaining: 17197s
step 27880 (20.4%) | loss: 11.3631 | gnorm: 2.4115 | dt: 157ms | tok/s: 26,138 | remaining: 17194s
step 27900 (20.4%) | loss: 11.9166 | gnorm: 4.9854 | dt: 157ms | tok/s: 26,068 | remaining: 17191s
step 27920 (20.4%) | loss: 11.1445 | gnorm: 2.4990 | dt: 158ms | tok/s: 25,849 | remaining: 17187s
step 27940 (20.4%) | loss: 11.4904 | gnorm: 5.0664 | dt: 161ms | tok/s: 25,459 | remaining: 17184s
step 27960 (20.5%) | loss: 11.0638 | gnorm: 2.3995 | dt: 157ms | tok/s: 26,154 | remaining: 17181s
step 27980 (20.5%) | loss: 11.9172 | gnorm: 4.6089 | dt: 160ms | tok/s: 25,521 | remaining: 17178s
step 28000 (20.5%) | loss: 11.4629 | gnorm: 2.3791 | dt: 158ms | tok/s: 25,963 | remaining: 17175s
step 28020 (20.5%) | loss: 12.6384 | gnorm: 5.0351 | dt: 158ms | tok/s: 25,940 | remaining: 17172s
step 28040 (20.5%) | loss: 10.8862 | gnorm: 2.1218 | dt: 159ms | tok/s: 25,757 | remaining: 17168s
step 28060 (20.5%) | loss: 11.5217 | gnorm: 4.3337 | dt: 160ms | tok/s: 25,548 | remaining: 17165s
step 28080 (20.5%) | loss: 11.3451 | gnorm: 2.2393 | dt: 156ms | tok/s: 26,250 | remaining: 17162s
step 28100 (20.6%) | loss: 13.5231 | gnorm: 5.3984 | dt: 157ms | tok/s: 26,040 | remaining: 17159s
step 28120 (20.6%) | loss: 13.5747 | gnorm: 2.7923 | dt: 158ms | tok/s: 25,880 | remaining: 17156s
step 28140 (20.6%) | loss: 12.0995 | gnorm: 5.3676 | dt: 159ms | tok/s: 25,774 | remaining: 17153s
step 28160 (20.6%) | loss: 11.5709 | gnorm: 2.4715 | dt: 160ms | tok/s: 25,633 | remaining: 17149s
step 28180 (20.6%) | loss: 11.7444 | gnorm: 4.6579 | dt: 159ms | tok/s: 25,832 | remaining: 17146s
step 28200 (20.6%) | loss: 11.5893 | gnorm: 2.3294 | dt: 157ms | tok/s: 26,065 | remaining: 17143s
step 28220 (20.6%) | loss: 11.3936 | gnorm: 3.8022 | dt: 157ms | tok/s: 26,104 | remaining: 17140s
step 28240 (20.7%) | loss: 11.4116 | gnorm: 2.5495 | dt: 158ms | tok/s: 25,940 | remaining: 17137s
step 28260 (20.7%) | loss: 12.7188 | gnorm: 4.5371 | dt: 160ms | tok/s: 25,663 | remaining: 17134s
step 28280 (20.7%) | loss: 11.0503 | gnorm: 2.2358 | dt: 161ms | tok/s: 25,487 | remaining: 17130s
step 28300 (20.7%) | loss: 11.6418 | gnorm: 5.6858 | dt: 157ms | tok/s: 26,163 | remaining: 17127s
step 28320 (20.7%) | loss: 11.1365 | gnorm: 2.3423 | dt: 157ms | tok/s: 26,079 | remaining: 17124s
step 28340 (20.7%) | loss: 11.3511 | gnorm: 7.8735 | dt: 158ms | tok/s: 25,992 | remaining: 17121s
step 28360 (20.8%) | loss: 11.0958 | gnorm: 2.2293 | dt: 161ms | tok/s: 25,409 | remaining: 17118s
step 28380 (20.8%) | loss: 12.1093 | gnorm: 4.5687 | dt: 161ms | tok/s: 25,493 | remaining: 17115s
step 28400 (20.8%) | loss: 11.2341 | gnorm: 2.1579 | dt: 155ms | tok/s: 26,380 | remaining: 17111s
step 28420 (20.8%) | loss: 11.4086 | gnorm: 5.7256 | dt: 157ms | tok/s: 26,108 | remaining: 17108s
step 28440 (20.8%) | loss: 11.1897 | gnorm: 2.1490 | dt: 157ms | tok/s: 26,157 | remaining: 17105s
step 28460 (20.8%) | loss: 12.0049 | gnorm: 4.3120 | dt: 160ms | tok/s: 25,558 | remaining: 17102s
step 28480 (20.8%) | loss: 11.1077 | gnorm: 2.6514 | dt: 160ms | tok/s: 25,550 | remaining: 17099s
step 28500 (20.9%) | loss: 11.0803 | gnorm: 5.0519 | dt: 156ms | tok/s: 26,289 | remaining: 17096s
step 28520 (20.9%) | loss: 10.9916 | gnorm: 2.4242 | dt: 156ms | tok/s: 26,182 | remaining: 17093s
step 28540 (20.9%) | loss: 11.1202 | gnorm: 5.3081 | dt: 157ms | tok/s: 26,077 | remaining: 17089s
step 28560 (20.9%) | loss: 11.2080 | gnorm: 2.5437 | dt: 159ms | tok/s: 25,740 | remaining: 17086s
step 28580 (20.9%) | loss: 10.6245 | gnorm: 4.4754 | dt: 160ms | tok/s: 25,585 | remaining: 17083s
step 28600 (20.9%) | loss: 11.3006 | gnorm: 2.1466 | dt: 159ms | tok/s: 25,840 | remaining: 17080s
step 28620 (20.9%) | loss: 12.4056 | gnorm: 3.7279 | dt: 155ms | tok/s: 26,355 | remaining: 17077s
step 28640 (21.0%) | loss: 10.5921 | gnorm: 2.6708 | dt: 157ms | tok/s: 26,131 | remaining: 17074s
step 28660 (21.0%) | loss: 10.9022 | gnorm: 4.4540 | dt: 158ms | tok/s: 25,951 | remaining: 17070s
step 28680 (21.0%) | loss: 11.4882 | gnorm: 2.1746 | dt: 159ms | tok/s: 25,732 | remaining: 17067s
step 28700 (21.0%) | loss: 11.1971 | gnorm: 3.7109 | dt: 161ms | tok/s: 25,516 | remaining: 17064s
step 28720 (21.0%) | loss: 11.3327 | gnorm: 2.1531 | dt: 156ms | tok/s: 26,318 | remaining: 17061s
step 28740 (21.0%) | loss: 12.4178 | gnorm: 4.2698 | dt: 156ms | tok/s: 26,296 | remaining: 17058s
step 28760 (21.0%) | loss: 11.4336 | gnorm: 2.8084 | dt: 157ms | tok/s: 26,043 | remaining: 17055s
step 28780 (21.1%) | loss: 11.3350 | gnorm: 4.8876 | dt: 170ms | tok/s: 24,158 | remaining: 17051s
step 28800 (21.1%) | loss: 11.2445 | gnorm: 2.3225 | dt: 167ms | tok/s: 24,497 | remaining: 17048s
step 28820 (21.1%) | loss: 11.5386 | gnorm: 4.1431 | dt: 160ms | tok/s: 25,569 | remaining: 17045s
step 28840 (21.1%) | loss: 11.6510 | gnorm: 2.6506 | dt: 156ms | tok/s: 26,274 | remaining: 17042s
step 28860 (21.1%) | loss: 13.2314 | gnorm: 4.1046 | dt: 156ms | tok/s: 26,269 | remaining: 17039s
step 28880 (21.1%) | loss: 11.4572 | gnorm: 2.3464 | dt: 158ms | tok/s: 25,868 | remaining: 17036s
step 28900 (21.1%) | loss: 11.4340 | gnorm: 4.1382 | dt: 158ms | tok/s: 25,937 | remaining: 17033s
step 28920 (21.2%) | loss: 11.2970 | gnorm: 2.1276 | dt: 161ms | tok/s: 25,517 | remaining: 17029s
step 28940 (21.2%) | loss: 11.7645 | gnorm: 4.8659 | dt: 157ms | tok/s: 26,118 | remaining: 17026s
step 28960 (21.2%) | loss: 11.0966 | gnorm: 2.3981 | dt: 157ms | tok/s: 26,076 | remaining: 17023s
step 28980 (21.2%) | loss: 12.5633 | gnorm: 4.8967 | dt: 158ms | tok/s: 25,883 | remaining: 17020s
step 29000 (21.2%) | loss: 11.1440 | gnorm: 2.2629 | dt: 160ms | tok/s: 25,655 | remaining: 17017s
step 29020 (21.2%) | loss: 12.3255 | gnorm: 3.8711 | dt: 160ms | tok/s: 25,621 | remaining: 17014s
step 29040 (21.2%) | loss: 11.7204 | gnorm: 2.1248 | dt: 158ms | tok/s: 25,880 | remaining: 17010s
step 29060 (21.3%) | loss: 11.5581 | gnorm: 4.1608 | dt: 157ms | tok/s: 26,026 | remaining: 17007s
step 29080 (21.3%) | loss: 10.9726 | gnorm: 1.9568 | dt: 160ms | tok/s: 25,612 | remaining: 17004s
step 29100 (21.3%) | loss: 11.3076 | gnorm: 4.3000 | dt: 160ms | tok/s: 25,545 | remaining: 17001s
step 29120 (21.3%) | loss: 10.6012 | gnorm: 2.0324 | dt: 161ms | tok/s: 25,488 | remaining: 16998s
step 29140 (21.3%) | loss: 11.8958 | gnorm: 4.3890 | dt: 161ms | tok/s: 25,454 | remaining: 16995s
step 29160 (21.3%) | loss: 10.9454 | gnorm: 2.9077 | dt: 160ms | tok/s: 25,645 | remaining: 16991s
step 29180 (21.3%) | loss: 11.7829 | gnorm: 4.9877 | dt: 158ms | tok/s: 25,864 | remaining: 16988s
step 29200 (21.4%) | loss: 11.2440 | gnorm: 2.2737 | dt: 158ms | tok/s: 25,881 | remaining: 16985s
step 29220 (21.4%) | loss: 11.2655 | gnorm: 4.5530 | dt: 158ms | tok/s: 25,964 | remaining: 16982s
step 29240 (21.4%) | loss: 10.9690 | gnorm: 2.9338 | dt: 160ms | tok/s: 25,640 | remaining: 16979s
step 29260 (21.4%) | loss: 11.2732 | gnorm: 4.6357 | dt: 158ms | tok/s: 25,998 | remaining: 16976s
step 29280 (21.4%) | loss: 10.9503 | gnorm: 2.3888 | dt: 158ms | tok/s: 25,954 | remaining: 16972s
step 29300 (21.4%) | loss: 10.6448 | gnorm: 4.7954 | dt: 157ms | tok/s: 26,055 | remaining: 16969s
step 29320 (21.5%) | loss: 10.8541 | gnorm: 2.4488 | dt: 159ms | tok/s: 25,708 | remaining: 16966s
step 29340 (21.5%) | loss: 12.5884 | gnorm: 4.6316 | dt: 160ms | tok/s: 25,665 | remaining: 16963s
step 29360 (21.5%) | loss: 11.9213 | gnorm: 2.2040 | dt: 162ms | tok/s: 25,338 | remaining: 16960s
step 29380 (21.5%) | loss: 10.7005 | gnorm: 4.0045 | dt: 157ms | tok/s: 26,165 | remaining: 16957s
step 29400 (21.5%) | loss: 11.5778 | gnorm: 2.3062 | dt: 158ms | tok/s: 25,985 | remaining: 16953s
step 29420 (21.5%) | loss: 11.8743 | gnorm: 5.2196 | dt: 158ms | tok/s: 25,967 | remaining: 16950s
step 29440 (21.5%) | loss: 11.9233 | gnorm: 2.2923 | dt: 158ms | tok/s: 25,932 | remaining: 16947s
step 29460 (21.6%) | loss: 11.2713 | gnorm: 4.8880 | dt: 159ms | tok/s: 25,709 | remaining: 16944s
step 29480 (21.6%) | loss: 11.2595 | gnorm: 2.7140 | dt: 162ms | tok/s: 25,343 | remaining: 16941s
step 29500 (21.6%) | loss: 11.8272 | gnorm: 4.7816 | dt: 156ms | tok/s: 26,227 | remaining: 16938s
step 29520 (21.6%) | loss: 10.5406 | gnorm: 2.6571 | dt: 158ms | tok/s: 25,860 | remaining: 16934s
step 29540 (21.6%) | loss: 11.0448 | gnorm: 3.9491 | dt: 158ms | tok/s: 25,985 | remaining: 16931s
step 29560 (21.6%) | loss: 11.3005 | gnorm: 2.6377 | dt: 159ms | tok/s: 25,794 | remaining: 16928s
step 29580 (21.6%) | loss: 12.1021 | gnorm: 4.0841 | dt: 160ms | tok/s: 25,586 | remaining: 16925s
step 29600 (21.7%) | loss: 10.7481 | gnorm: 2.2451 | dt: 162ms | tok/s: 25,324 | remaining: 16922s
step 29620 (21.7%) | loss: 12.0359 | gnorm: 4.4636 | dt: 158ms | tok/s: 25,933 | remaining: 16919s
step 29640 (21.7%) | loss: 11.2171 | gnorm: 2.4087 | dt: 158ms | tok/s: 25,957 | remaining: 16915s
step 29660 (21.7%) | loss: 11.4846 | gnorm: 5.0081 | dt: 158ms | tok/s: 25,970 | remaining: 16912s
step 29680 (21.7%) | loss: 11.3802 | gnorm: 2.0089 | dt: 158ms | tok/s: 25,927 | remaining: 16909s
step 29700 (21.7%) | loss: 11.7460 | gnorm: 4.5784 | dt: 161ms | tok/s: 25,499 | remaining: 16906s
step 29720 (21.7%) | loss: 10.5675 | gnorm: 2.4029 | dt: 161ms | tok/s: 25,386 | remaining: 16903s
step 29740 (21.8%) | loss: 11.0905 | gnorm: 5.0134 | dt: 162ms | tok/s: 25,361 | remaining: 16899s
step 29760 (21.8%) | loss: 10.6066 | gnorm: 2.2095 | dt: 157ms | tok/s: 26,168 | remaining: 16896s
step 29780 (21.8%) | loss: 11.4069 | gnorm: 4.9973 | dt: 158ms | tok/s: 25,881 | remaining: 16893s
step 29800 (21.8%) | loss: 11.2214 | gnorm: 2.2972 | dt: 158ms | tok/s: 25,962 | remaining: 16890s
step 29820 (21.8%) | loss: 11.0518 | gnorm: 4.3814 | dt: 159ms | tok/s: 25,804 | remaining: 16887s
step 29840 (21.8%) | loss: 11.4524 | gnorm: 2.5101 | dt: 160ms | tok/s: 25,568 | remaining: 16884s
step 29860 (21.8%) | loss: 10.9761 | gnorm: 4.4274 | dt: 160ms | tok/s: 25,544 | remaining: 16880s
step 29880 (21.9%) | loss: 10.7858 | gnorm: 2.5485 | dt: 168ms | tok/s: 24,333 | remaining: 16877s
step 29900 (21.9%) | loss: 10.5699 | gnorm: 4.1790 | dt: 157ms | tok/s: 26,011 | remaining: 16874s
step 29920 (21.9%) | loss: 10.8369 | gnorm: 2.7481 | dt: 158ms | tok/s: 25,960 | remaining: 16871s
step 29940 (21.9%) | loss: 11.4742 | gnorm: 4.2299 | dt: 157ms | tok/s: 26,063 | remaining: 16868s
step 29960 (21.9%) | loss: 11.2653 | gnorm: 2.1582 | dt: 159ms | tok/s: 25,816 | remaining: 16864s
step 29980 (21.9%) | loss: 10.9535 | gnorm: 4.0851 | dt: 160ms | tok/s: 25,556 | remaining: 16861s
step 30000 (22.0%) | loss: 10.8637 | gnorm: 2.3339 | dt: 160ms | tok/s: 25,569 | remaining: 16858s
step 30020 (22.0%) | loss: 11.1015 | gnorm: 4.5419 | dt: 160ms | tok/s: 25,553 | remaining: 16855s
step 30040 (22.0%) | loss: 11.1074 | gnorm: 2.1367 | dt: 157ms | tok/s: 26,044 | remaining: 16852s
step 30060 (22.0%) | loss: 11.6045 | gnorm: 3.4607 | dt: 157ms | tok/s: 26,152 | remaining: 16849s
step 30080 (22.0%) | loss: 11.5038 | gnorm: 2.1204 | dt: 157ms | tok/s: 26,140 | remaining: 16845s
step 30100 (22.0%) | loss: 11.0825 | gnorm: 4.9186 | dt: 159ms | tok/s: 25,691 | remaining: 16842s
step 30120 (22.0%) | loss: 11.3814 | gnorm: 2.5499 | dt: 160ms | tok/s: 25,667 | remaining: 16839s
step 30140 (22.1%) | loss: 13.0873 | gnorm: 5.2085 | dt: 161ms | tok/s: 25,486 | remaining: 16836s
step 30160 (22.1%) | loss: 11.0523 | gnorm: 2.1331 | dt: 159ms | tok/s: 25,790 | remaining: 16833s
step 30180 (22.1%) | loss: 12.1969 | gnorm: 3.8496 | dt: 157ms | tok/s: 26,142 | remaining: 16830s
step 30200 (22.1%) | loss: 10.2848 | gnorm: 2.3647 | dt: 158ms | tok/s: 25,849 | remaining: 16826s
step 30220 (22.1%) | loss: 11.9406 | gnorm: 6.6834 | dt: 158ms | tok/s: 25,932 | remaining: 16823s
step 30240 (22.1%) | loss: 11.0763 | gnorm: 2.0691 | dt: 159ms | tok/s: 25,827 | remaining: 16820s
step 30260 (22.1%) | loss: 10.7361 | gnorm: 6.0124 | dt: 160ms | tok/s: 25,622 | remaining: 16817s
step 30280 (22.2%) | loss: 10.3996 | gnorm: 2.1938 | dt: 158ms | tok/s: 25,954 | remaining: 16814s
step 30300 (22.2%) | loss: 11.3987 | gnorm: 3.5232 | dt: 157ms | tok/s: 26,040 | remaining: 16810s
step 30320 (22.2%) | loss: 10.5228 | gnorm: 2.4720 | dt: 157ms | tok/s: 26,095 | remaining: 16807s
step 30340 (22.2%) | loss: 11.1573 | gnorm: 3.7554 | dt: 158ms | tok/s: 25,906 | remaining: 16804s
step 30360 (22.2%) | loss: 10.2870 | gnorm: 2.3099 | dt: 159ms | tok/s: 25,733 | remaining: 16801s
step 30380 (22.2%) | loss: 11.1878 | gnorm: 4.1916 | dt: 161ms | tok/s: 25,409 | remaining: 16798s
step 30400 (22.2%) | loss: 11.1910 | gnorm: 1.9670 | dt: 158ms | tok/s: 25,907 | remaining: 16795s
step 30420 (22.3%) | loss: 12.1150 | gnorm: 5.0763 | dt: 157ms | tok/s: 26,007 | remaining: 16791s
step 30440 (22.3%) | loss: 10.4491 | gnorm: 2.2841 | dt: 157ms | tok/s: 26,104 | remaining: 16788s
step 30460 (22.3%) | loss: 11.5925 | gnorm: 5.2338 | dt: 158ms | tok/s: 25,868 | remaining: 16785s
step 30480 (22.3%) | loss: 10.7186 | gnorm: 2.1955 | dt: 158ms | tok/s: 25,863 | remaining: 16782s
step 30500 (22.3%) | loss: 11.9073 | gnorm: 4.1594 | dt: 162ms | tok/s: 25,230 | remaining: 16779s
step 30520 (22.3%) | loss: 10.9686 | gnorm: 2.3100 | dt: 157ms | tok/s: 26,007 | remaining: 16776s
step 30540 (22.3%) | loss: 12.2492 | gnorm: 4.9511 | dt: 158ms | tok/s: 26,003 | remaining: 16772s
step 30560 (22.4%) | loss: 11.8345 | gnorm: 2.4619 | dt: 157ms | tok/s: 26,055 | remaining: 16769s
step 30580 (22.4%) | loss: 10.7234 | gnorm: 3.9995 | dt: 158ms | tok/s: 25,853 | remaining: 16766s
step 30600 (22.4%) | loss: 11.6375 | gnorm: 2.5075 | dt: 159ms | tok/s: 25,734 | remaining: 16763s
step 30620 (22.4%) | loss: 12.3999 | gnorm: 5.1706 | dt: 161ms | tok/s: 25,437 | remaining: 16760s
step 30640 (22.4%) | loss: 11.0061 | gnorm: 2.4739 | dt: 156ms | tok/s: 26,276 | remaining: 16757s
step 30660 (22.4%) | loss: 11.6392 | gnorm: 3.4080 | dt: 154ms | tok/s: 26,560 | remaining: 16753s
step 30680 (22.5%) | loss: 10.8147 | gnorm: 2.1828 | dt: 158ms | tok/s: 25,914 | remaining: 16750s
step 30700 (22.5%) | loss: 10.7571 | gnorm: 4.4767 | dt: 158ms | tok/s: 25,945 | remaining: 16747s
step 30720 (22.5%) | loss: 10.8644 | gnorm: 2.3642 | dt: 159ms | tok/s: 25,792 | remaining: 16744s
step 30740 (22.5%) | loss: 11.5019 | gnorm: 4.1171 | dt: 159ms | tok/s: 25,793 | remaining: 16741s
step 30760 (22.5%) | loss: 10.5020 | gnorm: 2.2228 | dt: 162ms | tok/s: 25,278 | remaining: 16738s
step 30780 (22.5%) | loss: 11.4076 | gnorm: 4.8812 | dt: 158ms | tok/s: 25,934 | remaining: 16734s
step 30800 (22.5%) | loss: 9.9986 | gnorm: 2.4532 | dt: 165ms | tok/s: 24,796 | remaining: 16731s
step 30820 (22.6%) | loss: 11.2898 | gnorm: 5.2430 | dt: 157ms | tok/s: 26,139 | remaining: 16728s
step 30840 (22.6%) | loss: 10.6952 | gnorm: 2.3556 | dt: 157ms | tok/s: 26,094 | remaining: 16725s
step 30860 (22.6%) | loss: 10.9400 | gnorm: 4.6734 | dt: 160ms | tok/s: 25,663 | remaining: 16722s
step 30880 (22.6%) | loss: 10.4388 | gnorm: 2.1635 | dt: 161ms | tok/s: 25,494 | remaining: 16718s
step 30900 (22.6%) | loss: 11.2295 | gnorm: 4.4570 | dt: 158ms | tok/s: 25,983 | remaining: 16715s
step 30920 (22.6%) | loss: 10.5864 | gnorm: 2.3321 | dt: 158ms | tok/s: 25,875 | remaining: 16712s
step 30940 (22.6%) | loss: 11.8950 | gnorm: 5.6982 | dt: 168ms | tok/s: 24,433 | remaining: 16709s
step 30960 (22.7%) | loss: 10.7301 | gnorm: 2.8885 | dt: 158ms | tok/s: 25,849 | remaining: 16706s
step 30980 (22.7%) | loss: 11.5869 | gnorm: 5.8460 | dt: 158ms | tok/s: 25,857 | remaining: 16703s
step 31000 (22.7%) | loss: 11.2282 | gnorm: 2.6500 | dt: 160ms | tok/s: 25,653 | remaining: 16699s
step 31020 (22.7%) | loss: 11.2672 | gnorm: 4.9268 | dt: 157ms | tok/s: 26,078 | remaining: 16696s
step 31040 (22.7%) | loss: 10.9359 | gnorm: 2.7897 | dt: 157ms | tok/s: 26,073 | remaining: 16693s
step 31060 (22.7%) | loss: 11.8023 | gnorm: 4.0336 | dt: 157ms | tok/s: 26,147 | remaining: 16690s
step 31080 (22.7%) | loss: 10.6862 | gnorm: 2.5316 | dt: 158ms | tok/s: 25,904 | remaining: 16687s
step 31100 (22.8%) | loss: 11.3090 | gnorm: 4.3986 | dt: 159ms | tok/s: 25,740 | remaining: 16684s
step 31120 (22.8%) | loss: 10.7341 | gnorm: 2.5219 | dt: 160ms | tok/s: 25,608 | remaining: 16680s
step 31140 (22.8%) | loss: 11.7233 | gnorm: 4.5343 | dt: 158ms | tok/s: 25,958 | remaining: 16677s
step 31160 (22.8%) | loss: 11.2585 | gnorm: 2.1801 | dt: 158ms | tok/s: 25,994 | remaining: 16674s
step 31180 (22.8%) | loss: 12.0143 | gnorm: 4.5670 | dt: 158ms | tok/s: 25,996 | remaining: 16671s
step 31200 (22.8%) | loss: 10.9169 | gnorm: 1.9847 | dt: 158ms | tok/s: 25,871 | remaining: 16668s
step 31220 (22.8%) | loss: 11.8420 | gnorm: 5.8314 | dt: 159ms | tok/s: 25,718 | remaining: 16665s
step 31240 (22.9%) | loss: 10.6983 | gnorm: 2.2321 | dt: 159ms | tok/s: 25,795 | remaining: 16662s
step 31260 (22.9%) | loss: 11.8958 | gnorm: 5.3071 | dt: 156ms | tok/s: 26,276 | remaining: 16658s
step 31280 (22.9%) | loss: 10.5976 | gnorm: 2.3398 | dt: 157ms | tok/s: 26,117 | remaining: 16655s
step 31300 (22.9%) | loss: 11.4812 | gnorm: 6.7764 | dt: 158ms | tok/s: 25,948 | remaining: 16652s
step 31320 (22.9%) | loss: 9.7379 | gnorm: 2.1478 | dt: 161ms | tok/s: 25,493 | remaining: 16649s
step 31340 (22.9%) | loss: 11.3664 | gnorm: 4.0937 | dt: 161ms | tok/s: 25,520 | remaining: 16646s
step 31360 (23.0%) | loss: 11.0196 | gnorm: 2.1318 | dt: 155ms | tok/s: 26,369 | remaining: 16643s
step 31380 (23.0%) | loss: 10.9932 | gnorm: 4.4312 | dt: 157ms | tok/s: 26,108 | remaining: 16639s
step 31400 (23.0%) | loss: 11.0502 | gnorm: 2.2012 | dt: 155ms | tok/s: 26,419 | remaining: 16636s
step 31420 (23.0%) | loss: 11.3735 | gnorm: 4.2973 | dt: 160ms | tok/s: 25,679 | remaining: 16633s
step 31440 (23.0%) | loss: 10.8636 | gnorm: 2.0881 | dt: 160ms | tok/s: 25,638 | remaining: 16630s
step 31460 (23.0%) | loss: 12.0966 | gnorm: 5.4309 | dt: 158ms | tok/s: 25,928 | remaining: 16627s
step 31480 (23.0%) | loss: 10.9703 | gnorm: 2.4805 | dt: 158ms | tok/s: 25,912 | remaining: 16624s
step 31500 (23.1%) | loss: 11.3379 | gnorm: 3.6232 | dt: 157ms | tok/s: 26,159 | remaining: 16620s
step 31520 (23.1%) | loss: 10.7208 | gnorm: 2.3772 | dt: 159ms | tok/s: 25,821 | remaining: 16617s
step 31540 (23.1%) | loss: 11.3803 | gnorm: 3.8773 | dt: 159ms | tok/s: 25,838 | remaining: 16614s
step 31560 (23.1%) | loss: 11.2041 | gnorm: 2.4988 | dt: 161ms | tok/s: 25,459 | remaining: 16611s
step 31580 (23.1%) | loss: 11.5799 | gnorm: 4.7748 | dt: 157ms | tok/s: 26,012 | remaining: 16608s
step 31600 (23.1%) | loss: 10.8582 | gnorm: 2.1666 | dt: 158ms | tok/s: 25,979 | remaining: 16605s
step 31620 (23.1%) | loss: 11.0352 | gnorm: 3.8511 | dt: 158ms | tok/s: 25,957 | remaining: 16601s
step 31640 (23.2%) | loss: 11.4986 | gnorm: 2.6516 | dt: 159ms | tok/s: 25,748 | remaining: 16598s
step 31660 (23.2%) | loss: 11.9140 | gnorm: 3.8203 | dt: 158ms | tok/s: 25,860 | remaining: 16595s
step 31680 (23.2%) | loss: 11.5043 | gnorm: 2.3865 | dt: 161ms | tok/s: 25,424 | remaining: 16592s
step 31700 (23.2%) | loss: 10.9483 | gnorm: 4.5953 | dt: 157ms | tok/s: 26,122 | remaining: 16589s
step 31720 (23.2%) | loss: 10.8179 | gnorm: 2.3517 | dt: 157ms | tok/s: 26,016 | remaining: 16586s
step 31740 (23.2%) | loss: 11.0760 | gnorm: 3.6681 | dt: 158ms | tok/s: 25,898 | remaining: 16582s
step 31760 (23.2%) | loss: 10.8457 | gnorm: 2.3478 | dt: 159ms | tok/s: 25,703 | remaining: 16579s
step 31780 (23.3%) | loss: 10.9850 | gnorm: 4.1361 | dt: 155ms | tok/s: 26,377 | remaining: 16576s
step 31800 (23.3%) | loss: 10.9621 | gnorm: 2.7811 | dt: 161ms | tok/s: 25,398 | remaining: 16573s
step 31820 (23.3%) | loss: 11.5952 | gnorm: 3.3378 | dt: 157ms | tok/s: 26,130 | remaining: 16570s
step 31840 (23.3%) | loss: 10.9233 | gnorm: 2.2811 | dt: 157ms | tok/s: 26,026 | remaining: 16567s
step 31860 (23.3%) | loss: 12.4205 | gnorm: 4.9127 | dt: 157ms | tok/s: 26,152 | remaining: 16563s
step 31880 (23.3%) | loss: 11.0908 | gnorm: 2.0351 | dt: 160ms | tok/s: 25,624 | remaining: 16560s
step 31900 (23.3%) | loss: 11.4641 | gnorm: 3.9108 | dt: 159ms | tok/s: 25,738 | remaining: 16557s
step 31920 (23.4%) | loss: 11.3891 | gnorm: 2.2119 | dt: 163ms | tok/s: 25,161 | remaining: 16554s
step 31940 (23.4%) | loss: 12.1035 | gnorm: 5.3370 | dt: 158ms | tok/s: 25,982 | remaining: 16551s
step 31960 (23.4%) | loss: 11.1999 | gnorm: 2.1578 | dt: 158ms | tok/s: 25,884 | remaining: 16547s
step 31980 (23.4%) | loss: 10.7908 | gnorm: 3.9912 | dt: 158ms | tok/s: 26,001 | remaining: 16544s
step 32000 (23.4%) | loss: 10.9045 | gnorm: 2.2617 | dt: 158ms | tok/s: 25,948 | remaining: 16541s
step 32020 (23.4%) | loss: 10.9401 | gnorm: 4.5348 | dt: 160ms | tok/s: 25,636 | remaining: 16538s
step 32040 (23.4%) | loss: 10.6261 | gnorm: 2.6247 | dt: 161ms | tok/s: 25,516 | remaining: 16535s
step 32060 (23.5%) | loss: 13.0790 | gnorm: 4.2752 | dt: 160ms | tok/s: 25,647 | remaining: 16532s
step 32080 (23.5%) | loss: 10.5787 | gnorm: 2.2217 | dt: 157ms | tok/s: 26,167 | remaining: 16528s
step 32100 (23.5%) | loss: 11.2820 | gnorm: 4.7201 | dt: 157ms | tok/s: 26,023 | remaining: 16525s
step 32120 (23.5%) | loss: 10.9820 | gnorm: 2.6701 | dt: 159ms | tok/s: 25,768 | remaining: 16522s
step 32140 (23.5%) | loss: 11.7702 | gnorm: 4.3371 | dt: 160ms | tok/s: 25,654 | remaining: 16519s
step 32160 (23.5%) | loss: 11.9687 | gnorm: 2.1233 | dt: 159ms | tok/s: 25,812 | remaining: 16516s
step 32180 (23.6%) | loss: 11.1398 | gnorm: 4.4583 | dt: 160ms | tok/s: 25,558 | remaining: 16513s
step 32200 (23.6%) | loss: 11.0113 | gnorm: 2.2648 | dt: 157ms | tok/s: 26,159 | remaining: 16509s
step 32220 (23.6%) | loss: 10.9514 | gnorm: 3.9500 | dt: 157ms | tok/s: 26,128 | remaining: 16506s
step 32240 (23.6%) | loss: 11.4013 | gnorm: 2.1060 | dt: 159ms | tok/s: 25,760 | remaining: 16503s
step 32260 (23.6%) | loss: 10.6786 | gnorm: 4.1662 | dt: 161ms | tok/s: 25,505 | remaining: 16500s
step 32280 (23.6%) | loss: 11.4757 | gnorm: 2.2996 | dt: 161ms | tok/s: 25,458 | remaining: 16497s
step 32300 (23.6%) | loss: 13.2319 | gnorm: 3.8373 | dt: 156ms | tok/s: 26,320 | remaining: 16494s
step 32320 (23.7%) | loss: 10.8322 | gnorm: 2.0305 | dt: 158ms | tok/s: 25,997 | remaining: 16490s
step 32340 (23.7%) | loss: 11.6911 | gnorm: 5.2541 | dt: 158ms | tok/s: 25,945 | remaining: 16487s
step 32360 (23.7%) | loss: 11.0520 | gnorm: 2.4192 | dt: 158ms | tok/s: 25,941 | remaining: 16484s
step 32380 (23.7%) | loss: 11.6923 | gnorm: 3.9366 | dt: 159ms | tok/s: 25,707 | remaining: 16481s
step 32400 (23.7%) | loss: 10.7903 | gnorm: 2.0524 | dt: 162ms | tok/s: 25,333 | remaining: 16478s
step 32420 (23.7%) | loss: 11.2624 | gnorm: 4.4552 | dt: 157ms | tok/s: 26,167 | remaining: 16475s
step 32440 (23.7%) | loss: 10.6850 | gnorm: 2.3514 | dt: 157ms | tok/s: 26,145 | remaining: 16471s
step 32460 (23.8%) | loss: 10.6779 | gnorm: 4.1665 | dt: 158ms | tok/s: 25,926 | remaining: 16468s
step 32480 (23.8%) | loss: 10.6716 | gnorm: 2.3217 | dt: 157ms | tok/s: 26,036 | remaining: 16465s
step 32500 (23.8%) | loss: 11.7843 | gnorm: 4.4371 | dt: 159ms | tok/s: 25,706 | remaining: 16462s
step 32520 (23.8%) | loss: 12.0214 | gnorm: 2.6504 | dt: 170ms | tok/s: 24,140 | remaining: 16459s
step 32540 (23.8%) | loss: 11.9520 | gnorm: 4.4606 | dt: 162ms | tok/s: 25,253 | remaining: 16455s
step 32560 (23.8%) | loss: 10.1098 | gnorm: 2.3630 | dt: 157ms | tok/s: 26,071 | remaining: 16452s
step 32580 (23.8%) | loss: 11.3715 | gnorm: 4.5986 | dt: 157ms | tok/s: 26,074 | remaining: 16449s
step 32600 (23.9%) | loss: 10.9587 | gnorm: 2.2467 | dt: 158ms | tok/s: 25,913 | remaining: 16446s
step 32620 (23.9%) | loss: 12.0677 | gnorm: 4.3141 | dt: 158ms | tok/s: 25,934 | remaining: 16443s
step 32640 (23.9%) | loss: 11.4531 | gnorm: 2.5620 | dt: 159ms | tok/s: 25,803 | remaining: 16440s
step 32660 (23.9%) | loss: 11.8389 | gnorm: 5.2739 | dt: 160ms | tok/s: 25,678 | remaining: 16436s
step 32680 (23.9%) | loss: 11.4130 | gnorm: 2.3343 | dt: 156ms | tok/s: 26,292 | remaining: 16433s
step 32700 (23.9%) | loss: 12.2178 | gnorm: 3.7976 | dt: 157ms | tok/s: 26,123 | remaining: 16430s
step 32720 (23.9%) | loss: 11.5429 | gnorm: 2.0049 | dt: 158ms | tok/s: 25,929 | remaining: 16427s
step 32740 (24.0%) | loss: 11.2559 | gnorm: 4.6084 | dt: 159ms | tok/s: 25,818 | remaining: 16424s
step 32760 (24.0%) | loss: 11.4640 | gnorm: 2.2858 | dt: 161ms | tok/s: 25,503 | remaining: 16421s
step 32780 (24.0%) | loss: 10.8980 | gnorm: 4.5569 | dt: 156ms | tok/s: 26,249 | remaining: 16418s
step 32800 (24.0%) | loss: 10.5174 | gnorm: 2.3005 | dt: 156ms | tok/s: 26,286 | remaining: 16414s
step 32820 (24.0%) | loss: 11.5175 | gnorm: 4.3767 | dt: 157ms | tok/s: 26,152 | remaining: 16411s
step 32840 (24.0%) | loss: 10.8472 | gnorm: 2.3047 | dt: 158ms | tok/s: 25,983 | remaining: 16408s
step 32860 (24.1%) | loss: 11.3258 | gnorm: 5.1209 | dt: 159ms | tok/s: 25,735 | remaining: 16405s
step 32880 (24.1%) | loss: 11.2659 | gnorm: 3.0670 | dt: 159ms | tok/s: 25,807 | remaining: 16402s
step 32900 (24.1%) | loss: 11.9496 | gnorm: 4.8762 | dt: 155ms | tok/s: 26,412 | remaining: 16399s
step 32920 (24.1%) | loss: 11.5147 | gnorm: 1.9059 | dt: 156ms | tok/s: 26,280 | remaining: 16395s
step 32940 (24.1%) | loss: 11.2095 | gnorm: 4.7655 | dt: 158ms | tok/s: 25,895 | remaining: 16392s
step 32960 (24.1%) | loss: 10.8034 | gnorm: 2.2362 | dt: 158ms | tok/s: 25,875 | remaining: 16389s
step 32980 (24.1%) | loss: 11.9804 | gnorm: 4.6191 | dt: 160ms | tok/s: 25,525 | remaining: 16386s
step 33000 (24.2%) | loss: 10.8806 | gnorm: 2.3089 | dt: 158ms | tok/s: 25,859 | remaining: 16383s
step 33020 (24.2%) | loss: 11.6009 | gnorm: 4.6147 | dt: 157ms | tok/s: 26,166 | remaining: 16380s
step 33040 (24.2%) | loss: 11.3651 | gnorm: 2.6347 | dt: 157ms | tok/s: 26,081 | remaining: 16376s
step 33060 (24.2%) | loss: 10.1338 | gnorm: 4.8412 | dt: 158ms | tok/s: 25,854 | remaining: 16373s
step 33080 (24.2%) | loss: 11.2490 | gnorm: 2.4052 | dt: 169ms | tok/s: 24,284 | remaining: 16370s
step 33100 (24.2%) | loss: 11.1310 | gnorm: 4.3398 | dt: 161ms | tok/s: 25,498 | remaining: 16367s
step 33120 (24.2%) | loss: 11.1864 | gnorm: 2.4084 | dt: 157ms | tok/s: 26,067 | remaining: 16364s
step 33140 (24.3%) | loss: 12.3491 | gnorm: 3.7475 | dt: 156ms | tok/s: 26,214 | remaining: 16361s
step 33160 (24.3%) | loss: 10.3538 | gnorm: 2.1442 | dt: 157ms | tok/s: 26,082 | remaining: 16357s
step 33180 (24.3%) | loss: 10.9544 | gnorm: 4.3374 | dt: 158ms | tok/s: 25,903 | remaining: 16354s
step 33200 (24.3%) | loss: 10.6337 | gnorm: 2.2424 | dt: 159ms | tok/s: 25,707 | remaining: 16351s
step 33220 (24.3%) | loss: 11.8077 | gnorm: 4.4341 | dt: 161ms | tok/s: 25,461 | remaining: 16348s
step 33240 (24.3%) | loss: 11.2497 | gnorm: 2.4513 | dt: 156ms | tok/s: 26,182 | remaining: 16345s
step 33260 (24.3%) | loss: 11.5423 | gnorm: 4.6972 | dt: 157ms | tok/s: 26,165 | remaining: 16342s
step 33280 (24.4%) | loss: 10.3706 | gnorm: 2.1762 | dt: 158ms | tok/s: 25,952 | remaining: 16338s
step 33300 (24.4%) | loss: 11.4976 | gnorm: 4.8378 | dt: 160ms | tok/s: 25,555 | remaining: 16335s
step 33320 (24.4%) | loss: 11.1405 | gnorm: 2.0383 | dt: 161ms | tok/s: 25,455 | remaining: 16332s
step 33340 (24.4%) | loss: 11.4851 | gnorm: 4.4355 | dt: 162ms | tok/s: 25,268 | remaining: 16329s
step 33360 (24.4%) | loss: 10.7208 | gnorm: 2.5482 | dt: 161ms | tok/s: 25,512 | remaining: 16326s
step 33380 (24.4%) | loss: 11.9296 | gnorm: 4.4798 | dt: 160ms | tok/s: 25,569 | remaining: 16323s
step 33400 (24.4%) | loss: 11.3250 | gnorm: 1.9851 | dt: 160ms | tok/s: 25,536 | remaining: 16319s
step 33420 (24.5%) | loss: 11.2378 | gnorm: 5.0350 | dt: 157ms | tok/s: 26,081 | remaining: 16316s
step 33440 (24.5%) | loss: 11.0625 | gnorm: 2.3452 | dt: 158ms | tok/s: 25,940 | remaining: 16313s
step 33460 (24.5%) | loss: 10.9213 | gnorm: 4.2490 | dt: 159ms | tok/s: 25,751 | remaining: 16310s
step 33480 (24.5%) | loss: 11.2980 | gnorm: 2.1699 | dt: 156ms | tok/s: 26,248 | remaining: 16307s
step 33500 (24.5%) | loss: 11.5659 | gnorm: 4.0690 | dt: 157ms | tok/s: 26,008 | remaining: 16304s
step 33520 (24.5%) | loss: 11.0669 | gnorm: 2.3660 | dt: 158ms | tok/s: 25,859 | remaining: 16300s
step 33540 (24.5%) | loss: 11.1094 | gnorm: 4.5056 | dt: 158ms | tok/s: 25,850 | remaining: 16297s
step 33560 (24.6%) | loss: 10.8469 | gnorm: 2.3556 | dt: 159ms | tok/s: 25,766 | remaining: 16294s
step 33580 (24.6%) | loss: 12.4751 | gnorm: 4.6693 | dt: 160ms | tok/s: 25,538 | remaining: 16291s
step 33600 (24.6%) | loss: 10.7927 | gnorm: 2.5994 | dt: 157ms | tok/s: 26,083 | remaining: 16288s
step 33620 (24.6%) | loss: 10.7993 | gnorm: 4.0992 | dt: 158ms | tok/s: 25,875 | remaining: 16284s
step 33640 (24.6%) | loss: 11.4169 | gnorm: 1.9417 | dt: 158ms | tok/s: 26,002 | remaining: 16281s
step 33660 (24.6%) | loss: 11.3765 | gnorm: 3.9180 | dt: 159ms | tok/s: 25,756 | remaining: 16278s
step 33680 (24.7%) | loss: 11.0304 | gnorm: 2.3552 | dt: 161ms | tok/s: 25,480 | remaining: 16275s
step 33700 (24.7%) | loss: 11.2605 | gnorm: 4.1894 | dt: 161ms | tok/s: 25,416 | remaining: 16272s
step 33720 (24.7%) | loss: 10.4890 | gnorm: 2.1636 | dt: 156ms | tok/s: 26,306 | remaining: 16269s
step 33740 (24.7%) | loss: 10.7069 | gnorm: 4.1970 | dt: 157ms | tok/s: 26,026 | remaining: 16265s
step 33760 (24.7%) | loss: 10.4199 | gnorm: 2.2877 | dt: 158ms | tok/s: 25,972 | remaining: 16262s
step 33780 (24.7%) | loss: 11.8180 | gnorm: 5.4430 | dt: 159ms | tok/s: 25,777 | remaining: 16259s
step 33800 (24.7%) | loss: 10.9885 | gnorm: 2.1844 | dt: 160ms | tok/s: 25,670 | remaining: 16256s
step 33820 (24.8%) | loss: 11.5421 | gnorm: 4.8134 | dt: 163ms | tok/s: 25,131 | remaining: 16253s
step 33840 (24.8%) | loss: 11.1981 | gnorm: 2.6754 | dt: 157ms | tok/s: 26,126 | remaining: 16250s
step 33860 (24.8%) | loss: 11.6982 | gnorm: 5.4421 | dt: 157ms | tok/s: 26,009 | remaining: 16246s
step 33880 (24.8%) | loss: 10.5333 | gnorm: 2.5285 | dt: 157ms | tok/s: 26,041 | remaining: 16243s
step 33900 (24.8%) | loss: 10.8202 | gnorm: 5.1041 | dt: 158ms | tok/s: 25,951 | remaining: 16240s
step 33920 (24.8%) | loss: 11.4109 | gnorm: 2.4872 | dt: 159ms | tok/s: 25,694 | remaining: 16237s
step 33940 (24.8%) | loss: 12.4806 | gnorm: 4.4584 | dt: 161ms | tok/s: 25,405 | remaining: 16234s
step 33960 (24.9%) | loss: 11.4394 | gnorm: 2.1032 | dt: 159ms | tok/s: 25,809 | remaining: 16231s
step 33980 (24.9%) | loss: 11.6511 | gnorm: 4.0531 | dt: 157ms | tok/s: 26,123 | remaining: 16227s
step 34000 (24.9%) | loss: 10.9365 | gnorm: 1.9804 | dt: 157ms | tok/s: 26,009 | remaining: 16224s
step 34020 (24.9%) | loss: 10.6228 | gnorm: 3.4263 | dt: 158ms | tok/s: 25,848 | remaining: 16221s
step 34040 (24.9%) | loss: 11.4037 | gnorm: 2.2192 | dt: 159ms | tok/s: 25,828 | remaining: 16218s
step 34060 (24.9%) | loss: 11.4249 | gnorm: 5.1469 | dt: 161ms | tok/s: 25,456 | remaining: 16215s
step 34080 (24.9%) | loss: 11.4620 | gnorm: 2.2946 | dt: 161ms | tok/s: 25,420 | remaining: 16212s
step 34100 (25.0%) | loss: 11.1128 | gnorm: 3.9840 | dt: 155ms | tok/s: 26,384 | remaining: 16208s
step 34120 (25.0%) | loss: 11.2163 | gnorm: 2.2581 | dt: 157ms | tok/s: 26,070 | remaining: 16205s
step 34140 (25.0%) | loss: 10.7708 | gnorm: 3.9625 | dt: 159ms | tok/s: 25,767 | remaining: 16202s
step 34160 (25.0%) | loss: 11.0169 | gnorm: 2.5486 | dt: 159ms | tok/s: 25,719 | remaining: 16199s
step 34180 (25.0%) | loss: 11.3140 | gnorm: 4.5939 | dt: 160ms | tok/s: 25,548 | remaining: 16196s
step 34200 (25.0%) | loss: 11.1778 | gnorm: 2.3114 | dt: 159ms | tok/s: 25,713 | remaining: 16193s
step 34220 (25.0%) | loss: 12.1543 | gnorm: 5.6137 | dt: 156ms | tok/s: 26,250 | remaining: 16189s
step 34240 (25.1%) | loss: 10.7969 | gnorm: 2.6304 | dt: 157ms | tok/s: 26,042 | remaining: 16186s
step 34260 (25.1%) | loss: 11.6220 | gnorm: 3.8874 | dt: 159ms | tok/s: 25,728 | remaining: 16183s
step 34280 (25.1%) | loss: 11.0339 | gnorm: 2.0876 | dt: 160ms | tok/s: 25,656 | remaining: 16180s
step 34300 (25.1%) | loss: 11.7770 | gnorm: 4.3514 | dt: 160ms | tok/s: 25,582 | remaining: 16177s
step 34320 (25.1%) | loss: 10.4402 | gnorm: 2.0990 | dt: 163ms | tok/s: 25,181 | remaining: 16173s
step 34340 (25.1%) | loss: 10.7556 | gnorm: 4.9806 | dt: 156ms | tok/s: 26,316 | remaining: 16170s
step 34360 (25.2%) | loss: 10.8078 | gnorm: 2.4370 | dt: 158ms | tok/s: 25,966 | remaining: 16167s
step 34380 (25.2%) | loss: 11.7568 | gnorm: 4.4547 | dt: 160ms | tok/s: 25,552 | remaining: 16164s
step 34400 (25.2%) | loss: 10.6100 | gnorm: 2.1655 | dt: 158ms | tok/s: 25,875 | remaining: 16161s
step 34420 (25.2%) | loss: 10.4848 | gnorm: 4.1733 | dt: 159ms | tok/s: 25,763 | remaining: 16158s
step 34440 (25.2%) | loss: 10.7453 | gnorm: 2.6470 | dt: 162ms | tok/s: 25,348 | remaining: 16154s
step 34460 (25.2%) | loss: 10.8580 | gnorm: 3.9924 | dt: 157ms | tok/s: 26,075 | remaining: 16151s
step 34480 (25.2%) | loss: 10.3228 | gnorm: 2.7357 | dt: 158ms | tok/s: 25,992 | remaining: 16148s
step 34500 (25.3%) | loss: 10.7669 | gnorm: 4.1780 | dt: 156ms | tok/s: 26,262 | remaining: 16145s
step 34520 (25.3%) | loss: 10.4670 | gnorm: 2.0744 | dt: 159ms | tok/s: 25,777 | remaining: 16142s
step 34540 (25.3%) | loss: 11.0376 | gnorm: 4.1491 | dt: 159ms | tok/s: 25,835 | remaining: 16139s
step 34560 (25.3%) | loss: 11.3812 | gnorm: 2.3584 | dt: 161ms | tok/s: 25,407 | remaining: 16135s
step 34580 (25.3%) | loss: 11.2449 | gnorm: 4.7010 | dt: 156ms | tok/s: 26,226 | remaining: 16132s
step 34600 (25.3%) | loss: 11.5335 | gnorm: 2.3166 | dt: 157ms | tok/s: 26,113 | remaining: 16129s
step 34620 (25.3%) | loss: 12.6126 | gnorm: 4.1979 | dt: 157ms | tok/s: 26,069 | remaining: 16126s
step 34640 (25.4%) | loss: 10.8045 | gnorm: 2.0826 | dt: 160ms | tok/s: 25,587 | remaining: 16123s
step 34660 (25.4%) | loss: 11.8424 | gnorm: 4.0371 | dt: 160ms | tok/s: 25,668 | remaining: 16120s
step 34680 (25.4%) | loss: 11.5502 | gnorm: 2.5349 | dt: 160ms | tok/s: 25,601 | remaining: 16116s
step 34700 (25.4%) | loss: 11.2433 | gnorm: 3.7392 | dt: 157ms | tok/s: 26,171 | remaining: 16113s
step 34720 (25.4%) | loss: 10.5702 | gnorm: 2.1765 | dt: 157ms | tok/s: 26,093 | remaining: 16110s
step 34740 (25.4%) | loss: 10.8250 | gnorm: 4.0254 | dt: 158ms | tok/s: 25,953 | remaining: 16107s
step 34760 (25.4%) | loss: 10.7400 | gnorm: 2.5403 | dt: 158ms | tok/s: 25,911 | remaining: 16104s
step 34780 (25.5%) | loss: 11.2843 | gnorm: 4.4577 | dt: 161ms | tok/s: 25,463 | remaining: 16101s
step 34800 (25.5%) | loss: 11.1863 | gnorm: 2.3106 | dt: 156ms | tok/s: 26,215 | remaining: 16097s
step 34820 (25.5%) | loss: 10.6382 | gnorm: 4.5908 | dt: 158ms | tok/s: 25,911 | remaining: 16094s
step 34840 (25.5%) | loss: 10.2246 | gnorm: 2.3393 | dt: 158ms | tok/s: 25,913 | remaining: 16091s
step 34860 (25.5%) | loss: 11.2097 | gnorm: 4.3551 | dt: 159ms | tok/s: 25,826 | remaining: 16088s
step 34880 (25.5%) | loss: 10.6267 | gnorm: 2.0111 | dt: 159ms | tok/s: 25,785 | remaining: 16085s
step 34900 (25.5%) | loss: 11.5739 | gnorm: 4.2198 | dt: 161ms | tok/s: 25,488 | remaining: 16082s
step 34920 (25.6%) | loss: 10.6464 | gnorm: 2.4384 | dt: 157ms | tok/s: 26,105 | remaining: 16078s
step 34940 (25.6%) | loss: 10.8862 | gnorm: 5.2146 | dt: 157ms | tok/s: 26,149 | remaining: 16075s
step 34960 (25.6%) | loss: 10.6466 | gnorm: 2.3154 | dt: 158ms | tok/s: 25,880 | remaining: 16072s
step 34980 (25.6%) | loss: 11.4733 | gnorm: 4.4529 | dt: 159ms | tok/s: 25,803 | remaining: 16069s
step 35000 (25.6%) | loss: 10.1865 | gnorm: 2.1264 | dt: 158ms | tok/s: 25,932 | remaining: 16066s
step 35020 (25.6%) | loss: 10.9726 | gnorm: 4.6989 | dt: 158ms | tok/s: 25,951 | remaining: 16063s
step 35040 (25.6%) | loss: 10.9323 | gnorm: 2.3297 | dt: 157ms | tok/s: 26,128 | remaining: 16059s
step 35060 (25.7%) | loss: 11.9843 | gnorm: 3.8651 | dt: 157ms | tok/s: 26,151 | remaining: 16056s
step 35080 (25.7%) | loss: 11.0650 | gnorm: 2.1487 | dt: 158ms | tok/s: 25,860 | remaining: 16053s
step 35100 (25.7%) | loss: 11.5373 | gnorm: 4.8366 | dt: 161ms | tok/s: 25,462 | remaining: 16050s
step 35120 (25.7%) | loss: 10.4146 | gnorm: 2.2843 | dt: 161ms | tok/s: 25,513 | remaining: 16047s
step 35140 (25.7%) | loss: 10.9358 | gnorm: 4.7857 | dt: 157ms | tok/s: 26,019 | remaining: 16044s
step 35160 (25.7%) | loss: 9.9758 | gnorm: 2.1909 | dt: 157ms | tok/s: 26,107 | remaining: 16041s
step 35180 (25.8%) | loss: 11.2431 | gnorm: 4.5994 | dt: 158ms | tok/s: 25,998 | remaining: 16037s
step 35200 (25.8%) | loss: 10.9606 | gnorm: 2.6506 | dt: 159ms | tok/s: 25,822 | remaining: 16034s
step 35220 (25.8%) | loss: 11.1213 | gnorm: 4.7937 | dt: 159ms | tok/s: 25,841 | remaining: 16031s
step 35240 (25.8%) | loss: 11.3801 | gnorm: 2.2751 | dt: 161ms | tok/s: 25,383 | remaining: 16028s
step 35260 (25.8%) | loss: 10.9558 | gnorm: 4.3744 | dt: 156ms | tok/s: 26,256 | remaining: 16025s
step 35280 (25.8%) | loss: 13.1011 | gnorm: 2.2956 | dt: 158ms | tok/s: 25,961 | remaining: 16022s
step 35300 (25.8%) | loss: 11.3638 | gnorm: 4.8093 | dt: 157ms | tok/s: 26,086 | remaining: 16018s
step 35320 (25.9%) | loss: 11.1655 | gnorm: 3.0432 | dt: 158ms | tok/s: 25,889 | remaining: 16015s
step 35340 (25.9%) | loss: 12.1340 | gnorm: 5.3391 | dt: 160ms | tok/s: 25,671 | remaining: 16012s
step 35360 (25.9%) | loss: 12.2518 | gnorm: 2.5199 | dt: 160ms | tok/s: 25,589 | remaining: 16009s
step 35380 (25.9%) | loss: 10.8625 | gnorm: 4.6614 | dt: 157ms | tok/s: 26,059 | remaining: 16006s
step 35400 (25.9%) | loss: 10.5042 | gnorm: 2.7797 | dt: 157ms | tok/s: 26,032 | remaining: 16003s
step 35420 (25.9%) | loss: 11.3716 | gnorm: 5.5541 | dt: 158ms | tok/s: 25,960 | remaining: 15999s
step 35440 (25.9%) | loss: 11.0941 | gnorm: 2.6263 | dt: 159ms | tok/s: 25,832 | remaining: 15996s
step 35460 (26.0%) | loss: 11.4263 | gnorm: 4.3552 | dt: 160ms | tok/s: 25,564 | remaining: 15993s
step 35480 (26.0%) | loss: 9.9257 | gnorm: 1.9627 | dt: 159ms | tok/s: 25,793 | remaining: 15990s
step 35500 (26.0%) | loss: 10.5416 | gnorm: 3.8363 | dt: 157ms | tok/s: 26,118 | remaining: 15987s
step 35520 (26.0%) | loss: 11.0177 | gnorm: 2.6220 | dt: 157ms | tok/s: 26,095 | remaining: 15984s
step 35540 (26.0%) | loss: 11.9125 | gnorm: 4.2085 | dt: 159ms | tok/s: 25,771 | remaining: 15980s
step 35560 (26.0%) | loss: 10.3727 | gnorm: 2.3304 | dt: 159ms | tok/s: 25,835 | remaining: 15977s
step 35580 (26.0%) | loss: 10.6970 | gnorm: 4.8256 | dt: 161ms | tok/s: 25,486 | remaining: 15974s
step 35600 (26.1%) | loss: 10.8653 | gnorm: 2.2462 | dt: 155ms | tok/s: 26,362 | remaining: 15971s
step 35620 (26.1%) | loss: 11.4068 | gnorm: 4.6737 | dt: 156ms | tok/s: 26,227 | remaining: 15968s
step 35640 (26.1%) | loss: 10.0455 | gnorm: 2.0993 | dt: 157ms | tok/s: 26,040 | remaining: 15965s
step 35660 (26.1%) | loss: 10.7490 | gnorm: 4.0727 | dt: 159ms | tok/s: 25,729 | remaining: 15961s
step 35680 (26.1%) | loss: 10.6517 | gnorm: 2.2287 | dt: 161ms | tok/s: 25,445 | remaining: 15958s
step 35700 (26.1%) | loss: 10.5147 | gnorm: 4.3915 | dt: 157ms | tok/s: 26,057 | remaining: 15955s
step 35720 (26.1%) | loss: 10.5544 | gnorm: 2.2728 | dt: 157ms | tok/s: 26,130 | remaining: 15952s
step 35740 (26.2%) | loss: 11.1215 | gnorm: 4.4342 | dt: 159ms | tok/s: 25,788 | remaining: 15949s
step 35760 (26.2%) | loss: 12.1772 | gnorm: 2.6488 | dt: 158ms | tok/s: 25,935 | remaining: 15946s
step 35780 (26.2%) | loss: 11.2748 | gnorm: 4.4886 | dt: 162ms | tok/s: 25,336 | remaining: 15943s
step 35800 (26.2%) | loss: 11.4338 | gnorm: 2.2443 | dt: 155ms | tok/s: 26,389 | remaining: 15939s
step 35820 (26.2%) | loss: 10.7955 | gnorm: 4.3844 | dt: 157ms | tok/s: 26,080 | remaining: 15936s
step 35840 (26.2%) | loss: 9.8883 | gnorm: 2.7536 | dt: 158ms | tok/s: 25,952 | remaining: 15933s
step 35860 (26.2%) | loss: 10.3934 | gnorm: 4.3145 | dt: 158ms | tok/s: 25,934 | remaining: 15930s
step 35880 (26.3%) | loss: 10.2101 | gnorm: 2.3519 | dt: 160ms | tok/s: 25,666 | remaining: 15927s
step 35900 (26.3%) | loss: 11.3784 | gnorm: 5.4320 | dt: 157ms | tok/s: 26,074 | remaining: 15924s
step 35920 (26.3%) | loss: 10.2595 | gnorm: 2.3875 | dt: 156ms | tok/s: 26,185 | remaining: 15920s
step 35940 (26.3%) | loss: 10.7209 | gnorm: 5.4942 | dt: 156ms | tok/s: 26,186 | remaining: 15917s
step 35960 (26.3%) | loss: 10.3605 | gnorm: 1.9828 | dt: 159ms | tok/s: 25,704 | remaining: 15914s
step 35980 (26.3%) | loss: 10.7533 | gnorm: 3.7919 | dt: 159ms | tok/s: 25,782 | remaining: 15911s
step 36000 (26.4%) | loss: 10.5770 | gnorm: 2.1428 | dt: 159ms | tok/s: 25,761 | remaining: 15908s
step 36020 (26.4%) | loss: 11.7674 | gnorm: 4.8517 | dt: 155ms | tok/s: 26,481 | remaining: 15905s
step 36040 (26.4%) | loss: 10.3476 | gnorm: 2.6972 | dt: 156ms | tok/s: 26,304 | remaining: 15901s
step 36060 (26.4%) | loss: 10.5690 | gnorm: 4.0576 | dt: 157ms | tok/s: 26,070 | remaining: 15898s
step 36080 (26.4%) | loss: 11.5174 | gnorm: 2.2559 | dt: 158ms | tok/s: 25,862 | remaining: 15895s
step 36100 (26.4%) | loss: 10.8638 | gnorm: 4.2707 | dt: 161ms | tok/s: 25,385 | remaining: 15892s
step 36120 (26.4%) | loss: 10.0417 | gnorm: 2.1686 | dt: 156ms | tok/s: 26,226 | remaining: 15889s
step 36140 (26.5%) | loss: 11.1771 | gnorm: 5.0707 | dt: 158ms | tok/s: 25,999 | remaining: 15886s
step 36160 (26.5%) | loss: 10.3137 | gnorm: 2.2152 | dt: 156ms | tok/s: 26,179 | remaining: 15883s
step 36180 (26.5%) | loss: 10.8926 | gnorm: 4.9871 | dt: 159ms | tok/s: 25,795 | remaining: 15879s
step 36200 (26.5%) | loss: 10.9594 | gnorm: 2.1909 | dt: 159ms | tok/s: 25,714 | remaining: 15876s
step 36220 (26.5%) | loss: 11.8682 | gnorm: 5.2583 | dt: 164ms | tok/s: 24,934 | remaining: 15873s
step 36240 (26.5%) | loss: 11.1959 | gnorm: 2.1728 | dt: 157ms | tok/s: 26,162 | remaining: 15870s
step 36260 (26.5%) | loss: 11.4718 | gnorm: 4.2299 | dt: 156ms | tok/s: 26,175 | remaining: 15867s
step 36280 (26.6%) | loss: 11.5255 | gnorm: 2.5074 | dt: 157ms | tok/s: 26,010 | remaining: 15864s
step 36300 (26.6%) | loss: 11.3896 | gnorm: 4.3522 | dt: 157ms | tok/s: 26,022 | remaining: 15860s
step 36320 (26.6%) | loss: 10.9800 | gnorm: 2.0791 | dt: 161ms | tok/s: 25,494 | remaining: 15857s
step 36340 (26.6%) | loss: 10.8377 | gnorm: 4.0918 | dt: 156ms | tok/s: 26,309 | remaining: 15854s
step 36360 (26.6%) | loss: 11.0268 | gnorm: 2.5068 | dt: 157ms | tok/s: 26,138 | remaining: 15851s
step 36380 (26.6%) | loss: 13.0891 | gnorm: 5.2661 | dt: 158ms | tok/s: 25,966 | remaining: 15848s
step 36400 (26.6%) | loss: 11.5095 | gnorm: 2.2617 | dt: 160ms | tok/s: 25,645 | remaining: 15845s
step 36420 (26.7%) | loss: 11.1519 | gnorm: 4.3481 | dt: 160ms | tok/s: 25,545 | remaining: 15841s
step 36440 (26.7%) | loss: 10.9095 | gnorm: 2.1815 | dt: 160ms | tok/s: 25,587 | remaining: 15838s
step 36460 (26.7%) | loss: 11.0775 | gnorm: 3.7198 | dt: 158ms | tok/s: 25,952 | remaining: 15835s
step 36480 (26.7%) | loss: 10.9779 | gnorm: 2.1353 | dt: 158ms | tok/s: 25,882 | remaining: 15832s
step 36500 (26.7%) | loss: 11.3812 | gnorm: 4.2128 | dt: 159ms | tok/s: 25,713 | remaining: 15829s
step 36520 (26.7%) | loss: 11.4538 | gnorm: 2.8941 | dt: 159ms | tok/s: 25,794 | remaining: 15826s
step 36540 (26.7%) | loss: 10.7865 | gnorm: 4.3042 | dt: 163ms | tok/s: 25,113 | remaining: 15822s
step 36560 (26.8%) | loss: 10.6053 | gnorm: 2.2204 | dt: 158ms | tok/s: 25,872 | remaining: 15819s
step 36580 (26.8%) | loss: 10.8114 | gnorm: 5.5484 | dt: 159ms | tok/s: 25,687 | remaining: 15816s
step 36600 (26.8%) | loss: 10.6057 | gnorm: 2.2256 | dt: 158ms | tok/s: 25,849 | remaining: 15813s
step 36620 (26.8%) | loss: 12.5037 | gnorm: 4.6497 | dt: 159ms | tok/s: 25,779 | remaining: 15810s
step 36640 (26.8%) | loss: 10.9841 | gnorm: 2.6145 | dt: 161ms | tok/s: 25,512 | remaining: 15807s
step 36660 (26.8%) | loss: 11.6647 | gnorm: 4.6047 | dt: 159ms | tok/s: 25,831 | remaining: 15803s
step 36680 (26.8%) | loss: 10.1557 | gnorm: 2.0538 | dt: 156ms | tok/s: 26,310 | remaining: 15800s
step 36700 (26.9%) | loss: 10.6927 | gnorm: 4.0936 | dt: 157ms | tok/s: 26,118 | remaining: 15797s
step 36720 (26.9%) | loss: 10.1927 | gnorm: 2.3825 | dt: 159ms | tok/s: 25,754 | remaining: 15794s
step 36740 (26.9%) | loss: 11.8197 | gnorm: 4.3822 | dt: 158ms | tok/s: 25,963 | remaining: 15791s
step 36760 (26.9%) | loss: 10.3837 | gnorm: 1.9692 | dt: 157ms | tok/s: 26,066 | remaining: 15788s
step 36780 (26.9%) | loss: 10.7630 | gnorm: 4.5114 | dt: 159ms | tok/s: 25,724 | remaining: 15784s
step 36800 (26.9%) | loss: 10.1970 | gnorm: 2.2062 | dt: 156ms | tok/s: 26,310 | remaining: 15781s
step 36820 (27.0%) | loss: 10.6106 | gnorm: 5.0841 | dt: 157ms | tok/s: 26,075 | remaining: 15778s
step 36840 (27.0%) | loss: 10.5396 | gnorm: 1.9422 | dt: 156ms | tok/s: 26,251 | remaining: 15775s
step 36860 (27.0%) | loss: 11.7567 | gnorm: 4.3911 | dt: 159ms | tok/s: 25,723 | remaining: 15772s
step 36880 (27.0%) | loss: 10.5514 | gnorm: 2.0722 | dt: 159ms | tok/s: 25,709 | remaining: 15769s
step 36900 (27.0%) | loss: 10.5486 | gnorm: 4.3760 | dt: 157ms | tok/s: 26,129 | remaining: 15765s
step 36920 (27.0%) | loss: 10.4974 | gnorm: 2.4804 | dt: 158ms | tok/s: 25,939 | remaining: 15762s
step 36940 (27.0%) | loss: 12.0865 | gnorm: 3.7657 | dt: 158ms | tok/s: 25,900 | remaining: 15759s
step 36960 (27.1%) | loss: 10.6481 | gnorm: 2.0644 | dt: 156ms | tok/s: 26,214 | remaining: 15756s
step 36980 (27.1%) | loss: 11.7587 | gnorm: 5.4123 | dt: 158ms | tok/s: 25,854 | remaining: 15753s
step 37000 (27.1%) | loss: 10.9861 | gnorm: 2.5423 | dt: 160ms | tok/s: 25,661 | remaining: 15750s
step 37020 (27.1%) | loss: 11.7543 | gnorm: 4.9202 | dt: 155ms | tok/s: 26,356 | remaining: 15747s
step 37040 (27.1%) | loss: 11.0078 | gnorm: 2.2544 | dt: 157ms | tok/s: 26,095 | remaining: 15743s
step 37060 (27.1%) | loss: 11.6487 | gnorm: 3.9429 | dt: 158ms | tok/s: 25,954 | remaining: 15740s
step 37080 (27.1%) | loss: 11.3580 | gnorm: 2.1802 | dt: 160ms | tok/s: 25,547 | remaining: 15737s
step 37100 (27.2%) | loss: 11.2399 | gnorm: 3.5448 | dt: 162ms | tok/s: 25,304 | remaining: 15734s
step 37120 (27.2%) | loss: 10.1873 | gnorm: 2.2105 | dt: 158ms | tok/s: 25,989 | remaining: 15731s
step 37140 (27.2%) | loss: 11.4683 | gnorm: 5.2847 | dt: 157ms | tok/s: 26,128 | remaining: 15728s
step 37160 (27.2%) | loss: 10.6054 | gnorm: 2.4265 | dt: 157ms | tok/s: 26,050 | remaining: 15724s
step 37180 (27.2%) | loss: 12.0726 | gnorm: 7.0591 | dt: 158ms | tok/s: 25,910 | remaining: 15721s
step 37200 (27.2%) | loss: 11.2589 | gnorm: 2.2624 | dt: 159ms | tok/s: 25,691 | remaining: 15718s
step 37220 (27.2%) | loss: 11.3398 | gnorm: 4.7546 | dt: 161ms | tok/s: 25,468 | remaining: 15715s
step 37240 (27.3%) | loss: 10.9036 | gnorm: 2.3629 | dt: 157ms | tok/s: 26,034 | remaining: 15712s
step 37260 (27.3%) | loss: 10.9712 | gnorm: 4.5079 | dt: 157ms | tok/s: 26,119 | remaining: 15709s
step 37280 (27.3%) | loss: 10.7754 | gnorm: 2.4741 | dt: 158ms | tok/s: 25,932 | remaining: 15705s
step 37300 (27.3%) | loss: 12.9080 | gnorm: 5.2830 | dt: 158ms | tok/s: 25,934 | remaining: 15702s
step 37320 (27.3%) | loss: 10.9921 | gnorm: 2.4429 | dt: 159ms | tok/s: 25,696 | remaining: 15699s
step 37340 (27.3%) | loss: 12.6560 | gnorm: 4.0640 | dt: 159ms | tok/s: 25,726 | remaining: 15696s
step 37360 (27.3%) | loss: 11.1277 | gnorm: 2.0785 | dt: 156ms | tok/s: 26,310 | remaining: 15693s
step 37380 (27.4%) | loss: 11.8555 | gnorm: 5.1485 | dt: 157ms | tok/s: 26,037 | remaining: 15690s
step 37400 (27.4%) | loss: 13.3535 | gnorm: 3.4045 | dt: 158ms | tok/s: 25,965 | remaining: 15686s
step 37420 (27.4%) | loss: 11.0510 | gnorm: 3.9766 | dt: 159ms | tok/s: 25,713 | remaining: 15683s
step 37440 (27.4%) | loss: 10.2256 | gnorm: 2.4694 | dt: 160ms | tok/s: 25,609 | remaining: 15680s
step 37460 (27.4%) | loss: 11.9736 | gnorm: 4.1617 | dt: 159ms | tok/s: 25,827 | remaining: 15677s
step 37480 (27.4%) | loss: 11.3081 | gnorm: 2.4051 | dt: 159ms | tok/s: 25,838 | remaining: 15674s
step 37500 (27.5%) | loss: 11.6034 | gnorm: 5.1802 | dt: 158ms | tok/s: 25,965 | remaining: 15671s
step 37520 (27.5%) | loss: 10.4559 | gnorm: 2.2206 | dt: 158ms | tok/s: 25,946 | remaining: 15667s
step 37540 (27.5%) | loss: 11.5288 | gnorm: 5.1954 | dt: 160ms | tok/s: 25,634 | remaining: 15664s
step 37560 (27.5%) | loss: 10.5859 | gnorm: 2.5336 | dt: 161ms | tok/s: 25,419 | remaining: 15661s
step 37580 (27.5%) | loss: 12.9006 | gnorm: 5.0402 | dt: 158ms | tok/s: 25,853 | remaining: 15658s
step 37600 (27.5%) | loss: 10.5756 | gnorm: 2.5007 | dt: 158ms | tok/s: 25,997 | remaining: 15655s
step 37620 (27.5%) | loss: 11.6213 | gnorm: 4.9653 | dt: 156ms | tok/s: 26,183 | remaining: 15652s
step 37640 (27.6%) | loss: 12.1288 | gnorm: 4.5620 | dt: 158ms | tok/s: 26,000 | remaining: 15648s
step 37660 (27.6%) | loss: 10.8603 | gnorm: 4.4200 | dt: 159ms | tok/s: 25,832 | remaining: 15645s
step 37680 (27.6%) | loss: 10.4482 | gnorm: 2.9290 | dt: 160ms | tok/s: 25,566 | remaining: 15642s
step 37700 (27.6%) | loss: 10.8704 | gnorm: 4.2813 | dt: 157ms | tok/s: 26,149 | remaining: 15639s
step 37720 (27.6%) | loss: 10.3225 | gnorm: 2.3953 | dt: 156ms | tok/s: 26,208 | remaining: 15636s
step 37740 (27.6%) | loss: 10.0792 | gnorm: 3.9475 | dt: 157ms | tok/s: 26,026 | remaining: 15633s
step 37760 (27.6%) | loss: 11.0737 | gnorm: 2.3075 | dt: 158ms | tok/s: 25,900 | remaining: 15629s
step 37780 (27.7%) | loss: 11.2992 | gnorm: 4.1854 | dt: 159ms | tok/s: 25,743 | remaining: 15626s
step 37800 (27.7%) | loss: 12.2426 | gnorm: 2.4957 | dt: 159ms | tok/s: 25,830 | remaining: 15623s
step 37820 (27.7%) | loss: 12.0130 | gnorm: 6.0974 | dt: 155ms | tok/s: 26,348 | remaining: 15620s
step 37840 (27.7%) | loss: 10.8355 | gnorm: 2.7214 | dt: 157ms | tok/s: 26,171 | remaining: 15617s
step 37860 (27.7%) | loss: 12.0032 | gnorm: 4.3161 | dt: 158ms | tok/s: 25,963 | remaining: 15614s
step 37880 (27.7%) | loss: 10.9528 | gnorm: 1.9076 | dt: 159ms | tok/s: 25,776 | remaining: 15610s
step 37900 (27.7%) | loss: 10.2949 | gnorm: 4.1007 | dt: 160ms | tok/s: 25,668 | remaining: 15607s
step 37920 (27.8%) | loss: 10.1930 | gnorm: 1.9072 | dt: 155ms | tok/s: 26,358 | remaining: 15604s
step 37940 (27.8%) | loss: 11.2543 | gnorm: 4.1363 | dt: 157ms | tok/s: 26,170 | remaining: 15601s
step 37960 (27.8%) | loss: 10.0769 | gnorm: 2.8188 | dt: 158ms | tok/s: 25,918 | remaining: 15598s
step 37980 (27.8%) | loss: 12.1311 | gnorm: 4.0961 | dt: 158ms | tok/s: 25,871 | remaining: 15595s
step 38000 (27.8%) | loss: 10.9151 | gnorm: 1.9827 | dt: 160ms | tok/s: 25,537 | remaining: 15592s
step 38020 (27.8%) | loss: 11.7535 | gnorm: 4.2402 | dt: 156ms | tok/s: 26,268 | remaining: 15588s
step 38040 (27.8%) | loss: 10.8816 | gnorm: 2.2359 | dt: 158ms | tok/s: 25,993 | remaining: 15585s
step 38060 (27.9%) | loss: 11.2656 | gnorm: 4.2303 | dt: 158ms | tok/s: 25,872 | remaining: 15582s
step 38080 (27.9%) | loss: 10.5855 | gnorm: 3.4813 | dt: 158ms | tok/s: 25,891 | remaining: 15579s
step 38100 (27.9%) | loss: 11.1786 | gnorm: 5.5050 | dt: 160ms | tok/s: 25,545 | remaining: 15576s
step 38120 (27.9%) | loss: 11.5572 | gnorm: 2.7665 | dt: 160ms | tok/s: 25,618 | remaining: 15573s
step 38140 (27.9%) | loss: 12.0599 | gnorm: 4.7912 | dt: 158ms | tok/s: 25,911 | remaining: 15569s
step 38160 (27.9%) | loss: 10.0350 | gnorm: 2.6433 | dt: 157ms | tok/s: 26,062 | remaining: 15566s
step 38180 (27.9%) | loss: 11.3029 | gnorm: 4.1372 | dt: 157ms | tok/s: 26,044 | remaining: 15563s
step 38200 (28.0%) | loss: 10.3208 | gnorm: 2.6496 | dt: 158ms | tok/s: 25,886 | remaining: 15560s
step 38220 (28.0%) | loss: 9.5942 | gnorm: 3.7033 | dt: 158ms | tok/s: 25,849 | remaining: 15557s
step 38240 (28.0%) | loss: 9.9309 | gnorm: 1.9961 | dt: 160ms | tok/s: 25,560 | remaining: 15554s
step 38260 (28.0%) | loss: 11.3014 | gnorm: 4.3398 | dt: 157ms | tok/s: 26,143 | remaining: 15550s
step 38280 (28.0%) | loss: 10.6789 | gnorm: 2.3383 | dt: 157ms | tok/s: 26,018 | remaining: 15547s
step 38300 (28.0%) | loss: 10.7104 | gnorm: 4.9632 | dt: 157ms | tok/s: 26,016 | remaining: 15544s
step 38320 (28.1%) | loss: 10.1585 | gnorm: 2.2734 | dt: 158ms | tok/s: 25,912 | remaining: 15541s
step 38340 (28.1%) | loss: 10.8757 | gnorm: 4.3310 | dt: 160ms | tok/s: 25,645 | remaining: 15538s
step 38360 (28.1%) | loss: 10.0921 | gnorm: 2.3564 | dt: 158ms | tok/s: 25,846 | remaining: 15535s
step 38380 (28.1%) | loss: 11.6752 | gnorm: 5.8753 | dt: 157ms | tok/s: 26,041 | remaining: 15531s
step 38400 (28.1%) | loss: 10.5166 | gnorm: 2.5548 | dt: 156ms | tok/s: 26,305 | remaining: 15528s
step 38420 (28.1%) | loss: 11.0756 | gnorm: 4.8478 | dt: 158ms | tok/s: 25,869 | remaining: 15525s
step 38440 (28.1%) | loss: 10.7248 | gnorm: 2.4901 | dt: 159ms | tok/s: 25,735 | remaining: 15522s
step 38460 (28.2%) | loss: 9.8594 | gnorm: 4.8777 | dt: 160ms | tok/s: 25,562 | remaining: 15519s
step 38480 (28.2%) | loss: 11.4078 | gnorm: 2.0017 | dt: 156ms | tok/s: 26,284 | remaining: 15516s
step 38500 (28.2%) | loss: 10.4317 | gnorm: 3.7360 | dt: 157ms | tok/s: 26,116 | remaining: 15512s
step 38520 (28.2%) | loss: 10.9310 | gnorm: 2.5201 | dt: 158ms | tok/s: 26,003 | remaining: 15509s
step 38540 (28.2%) | loss: 11.6209 | gnorm: 4.4233 | dt: 158ms | tok/s: 25,902 | remaining: 15506s
step 38560 (28.2%) | loss: 10.9595 | gnorm: 2.3885 | dt: 160ms | tok/s: 25,623 | remaining: 15503s
step 38580 (28.2%) | loss: 11.3738 | gnorm: 4.2513 | dt: 157ms | tok/s: 26,158 | remaining: 15500s
step 38600 (28.3%) | loss: 10.4349 | gnorm: 2.2900 | dt: 157ms | tok/s: 26,093 | remaining: 15497s
step 38620 (28.3%) | loss: 10.5729 | gnorm: 4.2357 | dt: 158ms | tok/s: 25,951 | remaining: 15494s
step 38640 (28.3%) | loss: 10.5029 | gnorm: 2.1318 | dt: 158ms | tok/s: 25,852 | remaining: 15490s
step 38660 (28.3%) | loss: 11.0410 | gnorm: 4.5661 | dt: 160ms | tok/s: 25,651 | remaining: 15487s
step 38680 (28.3%) | loss: 10.6075 | gnorm: 2.0886 | dt: 157ms | tok/s: 26,099 | remaining: 15484s
step 38700 (28.3%) | loss: 11.4285 | gnorm: 4.7803 | dt: 157ms | tok/s: 26,026 | remaining: 15481s
step 38720 (28.3%) | loss: 11.1064 | gnorm: 2.2150 | dt: 157ms | tok/s: 26,081 | remaining: 15478s
step 38740 (28.4%) | loss: 11.4800 | gnorm: 4.2759 | dt: 159ms | tok/s: 25,800 | remaining: 15475s
step 38760 (28.4%) | loss: 10.7875 | gnorm: 1.9939 | dt: 160ms | tok/s: 25,624 | remaining: 15471s
step 38780 (28.4%) | loss: 9.8977 | gnorm: 4.3276 | dt: 156ms | tok/s: 26,267 | remaining: 15468s
step 38800 (28.4%) | loss: 10.4643 | gnorm: 2.1388 | dt: 158ms | tok/s: 25,957 | remaining: 15465s
step 38820 (28.4%) | loss: 11.2441 | gnorm: 4.0738 | dt: 158ms | tok/s: 25,872 | remaining: 15462s
step 38840 (28.4%) | loss: 10.7042 | gnorm: 2.4686 | dt: 158ms | tok/s: 25,943 | remaining: 15459s
step 38860 (28.4%) | loss: 11.5175 | gnorm: 4.8332 | dt: 158ms | tok/s: 25,952 | remaining: 15456s
step 38880 (28.5%) | loss: 10.7193 | gnorm: 2.3539 | dt: 157ms | tok/s: 26,079 | remaining: 15453s
step 38900 (28.5%) | loss: 11.1342 | gnorm: 4.2006 | dt: 157ms | tok/s: 26,050 | remaining: 15449s
step 38920 (28.5%) | loss: 10.5701 | gnorm: 2.3613 | dt: 156ms | tok/s: 26,195 | remaining: 15446s
step 38940 (28.5%) | loss: 11.9006 | gnorm: 4.3920 | dt: 158ms | tok/s: 25,980 | remaining: 15443s
step 38960 (28.5%) | loss: 10.5394 | gnorm: 2.3601 | dt: 159ms | tok/s: 25,713 | remaining: 15440s
step 38980 (28.5%) | loss: 10.7220 | gnorm: 5.6118 | dt: 158ms | tok/s: 25,880 | remaining: 15437s
step 39000 (28.5%) | loss: 10.5165 | gnorm: 2.1835 | dt: 156ms | tok/s: 26,240 | remaining: 15434s
step 39020 (28.6%) | loss: 10.9072 | gnorm: 4.1603 | dt: 157ms | tok/s: 26,129 | remaining: 15431s
step 39040 (28.6%) | loss: 11.0352 | gnorm: 2.0448 | dt: 158ms | tok/s: 25,998 | remaining: 15427s
step 39060 (28.6%) | loss: 11.1702 | gnorm: 4.5911 | dt: 158ms | tok/s: 25,972 | remaining: 15424s
step 39080 (28.6%) | loss: 11.9781 | gnorm: 2.3794 | dt: 159ms | tok/s: 25,781 | remaining: 15421s
step 39100 (28.6%) | loss: 11.9020 | gnorm: 5.4701 | dt: 153ms | tok/s: 26,807 | remaining: 15418s
step 39120 (28.6%) | loss: 10.5487 | gnorm: 2.2159 | dt: 154ms | tok/s: 26,570 | remaining: 15415s
step 39140 (28.6%) | loss: 11.0684 | gnorm: 4.2028 | dt: 157ms | tok/s: 26,034 | remaining: 15412s
step 39160 (28.7%) | loss: 10.2119 | gnorm: 2.4503 | dt: 158ms | tok/s: 25,938 | remaining: 15408s
step 39180 (28.7%) | loss: 10.9769 | gnorm: 4.2579 | dt: 160ms | tok/s: 25,667 | remaining: 15405s
step 39200 (28.7%) | loss: 10.5296 | gnorm: 2.1730 | dt: 156ms | tok/s: 26,309 | remaining: 15402s
step 39220 (28.7%) | loss: 10.4171 | gnorm: 4.0203 | dt: 156ms | tok/s: 26,197 | remaining: 15399s
step 39240 (28.7%) | loss: 10.2906 | gnorm: 2.2542 | dt: 157ms | tok/s: 26,099 | remaining: 15396s
step 39260 (28.7%) | loss: 10.8445 | gnorm: 4.8282 | dt: 159ms | tok/s: 25,819 | remaining: 15393s
step 39280 (28.8%) | loss: 10.3859 | gnorm: 2.6315 | dt: 159ms | tok/s: 25,715 | remaining: 15390s
step 39300 (28.8%) | loss: 11.3852 | gnorm: 4.3754 | dt: 157ms | tok/s: 26,160 | remaining: 15386s
step 39320 (28.8%) | loss: 10.4560 | gnorm: 2.2525 | dt: 155ms | tok/s: 26,443 | remaining: 15383s
step 39340 (28.8%) | loss: 10.7722 | gnorm: 4.0189 | dt: 156ms | tok/s: 26,181 | remaining: 15380s
step 39360 (28.8%) | loss: 10.9148 | gnorm: 2.2532 | dt: 159ms | tok/s: 25,767 | remaining: 15377s
step 39380 (28.8%) | loss: 11.1768 | gnorm: 4.7861 | dt: 156ms | tok/s: 26,227 | remaining: 15374s
step 39400 (28.8%) | loss: 10.8018 | gnorm: 2.4907 | dt: 156ms | tok/s: 26,289 | remaining: 15371s
step 39420 (28.9%) | loss: 11.3455 | gnorm: 4.1612 | dt: 157ms | tok/s: 26,085 | remaining: 15367s
step 39440 (28.9%) | loss: 10.4299 | gnorm: 2.5636 | dt: 159ms | tok/s: 25,727 | remaining: 15364s
step 39460 (28.9%) | loss: 10.0659 | gnorm: 4.6034 | dt: 162ms | tok/s: 25,314 | remaining: 15361s
step 39480 (28.9%) | loss: 10.5147 | gnorm: 2.3358 | dt: 161ms | tok/s: 25,439 | remaining: 15358s
step 39500 (28.9%) | loss: 10.8495 | gnorm: 4.6351 | dt: 155ms | tok/s: 26,409 | remaining: 15355s
step 39520 (28.9%) | loss: 14.0645 | gnorm: 2.1576 | dt: 155ms | tok/s: 26,363 | remaining: 15352s
step 39540 (28.9%) | loss: 12.1243 | gnorm: 4.0672 | dt: 158ms | tok/s: 25,928 | remaining: 15349s
step 39560 (29.0%) | loss: 11.0205 | gnorm: 2.2617 | dt: 158ms | tok/s: 25,942 | remaining: 15345s
step 39580 (29.0%) | loss: 11.0069 | gnorm: 4.4135 | dt: 158ms | tok/s: 25,889 | remaining: 15342s
step 39600 (29.0%) | loss: 10.0570 | gnorm: 2.5398 | dt: 155ms | tok/s: 26,382 | remaining: 15339s
step 39620 (29.0%) | loss: 10.5860 | gnorm: 3.6904 | dt: 156ms | tok/s: 26,265 | remaining: 15336s
step 39640 (29.0%) | loss: 9.9810 | gnorm: 2.1359 | dt: 158ms | tok/s: 25,939 | remaining: 15333s
step 39660 (29.0%) | loss: 11.2618 | gnorm: 4.0166 | dt: 158ms | tok/s: 25,924 | remaining: 15330s
step 39680 (29.0%) | loss: 10.5383 | gnorm: 2.0942 | dt: 160ms | tok/s: 25,633 | remaining: 15326s
step 39700 (29.1%) | loss: 11.6077 | gnorm: 4.0678 | dt: 159ms | tok/s: 25,721 | remaining: 15323s
step 39720 (29.1%) | loss: 10.9065 | gnorm: 2.7647 | dt: 156ms | tok/s: 26,267 | remaining: 15320s
step 39740 (29.1%) | loss: 11.0731 | gnorm: 3.6477 | dt: 156ms | tok/s: 26,320 | remaining: 15317s
step 39760 (29.1%) | loss: 10.4452 | gnorm: 2.6782 | dt: 155ms | tok/s: 26,441 | remaining: 15314s
step 39780 (29.1%) | loss: 10.5818 | gnorm: 4.4616 | dt: 160ms | tok/s: 25,584 | remaining: 15311s
step 39800 (29.1%) | loss: 10.5195 | gnorm: 2.3619 | dt: 163ms | tok/s: 25,202 | remaining: 15307s
step 39820 (29.1%) | loss: 11.0762 | gnorm: 4.0560 | dt: 154ms | tok/s: 26,517 | remaining: 15304s
step 39840 (29.2%) | loss: 10.3262 | gnorm: 2.4997 | dt: 156ms | tok/s: 26,335 | remaining: 15301s
step 39860 (29.2%) | loss: 10.8008 | gnorm: 5.4342 | dt: 157ms | tok/s: 26,150 | remaining: 15298s
step 39880 (29.2%) | loss: 11.3558 | gnorm: 2.5099 | dt: 159ms | tok/s: 25,770 | remaining: 15295s
step 39900 (29.2%) | loss: 12.1399 | gnorm: 5.2905 | dt: 159ms | tok/s: 25,711 | remaining: 15292s
step 39920 (29.2%) | loss: 10.8537 | gnorm: 2.2350 | dt: 162ms | tok/s: 25,241 | remaining: 15288s
step 39940 (29.2%) | loss: 10.8783 | gnorm: 4.6150 | dt: 155ms | tok/s: 26,472 | remaining: 15285s
step 39960 (29.2%) | loss: 10.6474 | gnorm: 2.2653 | dt: 157ms | tok/s: 26,044 | remaining: 15282s
step 39980 (29.3%) | loss: 10.7021 | gnorm: 4.9842 | dt: 153ms | tok/s: 26,749 | remaining: 15279s
step 40000 (29.3%) | loss: 10.3144 | gnorm: 2.3840 | dt: 158ms | tok/s: 25,969 | remaining: 15276s
step 40020 (29.3%) | loss: 11.2178 | gnorm: 5.1361 | dt: 158ms | tok/s: 25,996 | remaining: 15273s
step 40040 (29.3%) | loss: 10.6585 | gnorm: 2.3775 | dt: 159ms | tok/s: 25,759 | remaining: 15269s
step 40060 (29.3%) | loss: 10.0351 | gnorm: 4.6868 | dt: 156ms | tok/s: 26,253 | remaining: 15266s
step 40080 (29.3%) | loss: 10.4678 | gnorm: 2.3414 | dt: 157ms | tok/s: 26,090 | remaining: 15263s
step 40100 (29.4%) | loss: 11.5100 | gnorm: 4.1464 | dt: 158ms | tok/s: 25,947 | remaining: 15260s
step 40120 (29.4%) | loss: 11.1906 | gnorm: 2.4658 | dt: 160ms | tok/s: 25,529 | remaining: 15257s
step 40140 (29.4%) | loss: 11.2442 | gnorm: 4.3598 | dt: 157ms | tok/s: 26,031 | remaining: 15254s
step 40160 (29.4%) | loss: 10.4523 | gnorm: 2.2578 | dt: 157ms | tok/s: 26,076 | remaining: 15251s
step 40180 (29.4%) | loss: 10.5298 | gnorm: 4.5176 | dt: 157ms | tok/s: 26,166 | remaining: 15247s
step 40200 (29.4%) | loss: 10.5821 | gnorm: 2.2599 | dt: 158ms | tok/s: 25,945 | remaining: 15244s
step 40220 (29.4%) | loss: 10.4912 | gnorm: 4.3048 | dt: 159ms | tok/s: 25,746 | remaining: 15241s
step 40240 (29.5%) | loss: 10.6109 | gnorm: 2.4845 | dt: 159ms | tok/s: 25,684 | remaining: 15238s
step 40260 (29.5%) | loss: 11.8888 | gnorm: 4.9863 | dt: 156ms | tok/s: 26,340 | remaining: 15235s
step 40280 (29.5%) | loss: 10.5191 | gnorm: 2.1504 | dt: 158ms | tok/s: 25,973 | remaining: 15232s
step 40300 (29.5%) | loss: 11.0846 | gnorm: 4.7029 | dt: 157ms | tok/s: 26,057 | remaining: 15228s
step 40320 (29.5%) | loss: 9.9875 | gnorm: 2.5254 | dt: 158ms | tok/s: 25,959 | remaining: 15225s
step 40340 (29.5%) | loss: 11.3131 | gnorm: 3.7510 | dt: 158ms | tok/s: 25,849 | remaining: 15222s
step 40360 (29.5%) | loss: 10.3929 | gnorm: 2.1885 | dt: 158ms | tok/s: 25,908 | remaining: 15219s
step 40380 (29.6%) | loss: 11.1798 | gnorm: 3.8728 | dt: 156ms | tok/s: 26,268 | remaining: 15216s
step 40400 (29.6%) | loss: 9.7284 | gnorm: 2.2452 | dt: 157ms | tok/s: 26,069 | remaining: 15213s
step 40420 (29.6%) | loss: 10.5150 | gnorm: 4.7167 | dt: 158ms | tok/s: 25,920 | remaining: 15209s
step 40440 (29.6%) | loss: 9.9370 | gnorm: 2.0921 | dt: 159ms | tok/s: 25,709 | remaining: 15206s
step 40460 (29.6%) | loss: 10.3915 | gnorm: 4.9999 | dt: 159ms | tok/s: 25,733 | remaining: 15203s
step 40480 (29.6%) | loss: 10.3255 | gnorm: 2.0245 | dt: 154ms | tok/s: 26,548 | remaining: 15200s
step 40500 (29.6%) | loss: 10.4145 | gnorm: 4.1750 | dt: 156ms | tok/s: 26,201 | remaining: 15197s
step 40520 (29.7%) | loss: 10.0466 | gnorm: 2.0517 | dt: 154ms | tok/s: 26,586 | remaining: 15194s
step 40540 (29.7%) | loss: 10.3903 | gnorm: 4.8866 | dt: 158ms | tok/s: 25,878 | remaining: 15191s
step 40560 (29.7%) | loss: 10.8316 | gnorm: 2.5215 | dt: 159ms | tok/s: 25,755 | remaining: 15187s
step 40580 (29.7%) | loss: 10.4285 | gnorm: 4.2493 | dt: 156ms | tok/s: 26,317 | remaining: 15184s
step 40600 (29.7%) | loss: 10.2317 | gnorm: 2.4538 | dt: 155ms | tok/s: 26,444 | remaining: 15181s
step 40620 (29.7%) | loss: 11.0814 | gnorm: 3.8523 | dt: 158ms | tok/s: 25,919 | remaining: 15178s
step 40640 (29.7%) | loss: 9.7697 | gnorm: 2.0663 | dt: 159ms | tok/s: 25,744 | remaining: 15175s
step 40660 (29.8%) | loss: 10.9508 | gnorm: 5.1155 | dt: 160ms | tok/s: 25,563 | remaining: 15172s
step 40680 (29.8%) | loss: 10.8212 | gnorm: 2.2792 | dt: 156ms | tok/s: 26,305 | remaining: 15168s
step 40700 (29.8%) | loss: 10.4206 | gnorm: 4.7884 | dt: 156ms | tok/s: 26,190 | remaining: 15165s
step 40720 (29.8%) | loss: 10.3833 | gnorm: 2.4020 | dt: 157ms | tok/s: 26,060 | remaining: 15162s
step 40740 (29.8%) | loss: 10.6329 | gnorm: 5.1501 | dt: 158ms | tok/s: 25,867 | remaining: 15159s
step 40760 (29.8%) | loss: 9.8337 | gnorm: 2.2672 | dt: 161ms | tok/s: 25,449 | remaining: 15156s
step 40780 (29.8%) | loss: 11.0154 | gnorm: 4.3263 | dt: 155ms | tok/s: 26,509 | remaining: 15153s
step 40800 (29.9%) | loss: 10.8671 | gnorm: 2.2309 | dt: 157ms | tok/s: 26,086 | remaining: 15150s
step 40820 (29.9%) | loss: 10.9620 | gnorm: 5.4423 | dt: 158ms | tok/s: 26,002 | remaining: 15146s
step 40840 (29.9%) | loss: 10.0144 | gnorm: 2.2146 | dt: 158ms | tok/s: 25,874 | remaining: 15143s
step 40860 (29.9%) | loss: 10.5539 | gnorm: 4.2447 | dt: 160ms | tok/s: 25,542 | remaining: 15140s
step 40880 (29.9%) | loss: 10.4297 | gnorm: 2.5883 | dt: 157ms | tok/s: 26,169 | remaining: 15137s
step 40900 (29.9%) | loss: 11.3510 | gnorm: 4.4944 | dt: 157ms | tok/s: 26,142 | remaining: 15134s
step 40920 (30.0%) | loss: 10.7959 | gnorm: 2.2975 | dt: 157ms | tok/s: 26,084 | remaining: 15131s
step 40940 (30.0%) | loss: 11.7919 | gnorm: 4.7480 | dt: 158ms | tok/s: 25,949 | remaining: 15127s
step 40960 (30.0%) | loss: 10.7521 | gnorm: 2.2224 | dt: 160ms | tok/s: 25,596 | remaining: 15124s
step 40980 (30.0%) | loss: 11.2339 | gnorm: 4.5285 | dt: 159ms | tok/s: 25,798 | remaining: 15121s
step 41000 (30.0%) | loss: 10.3234 | gnorm: 2.0562 | dt: 156ms | tok/s: 26,213 | remaining: 15118s
step 41020 (30.0%) | loss: 11.1609 | gnorm: 4.3379 | dt: 158ms | tok/s: 25,998 | remaining: 15115s
step 41040 (30.0%) | loss: 10.8019 | gnorm: 2.4013 | dt: 158ms | tok/s: 25,891 | remaining: 15112s
step 41060 (30.1%) | loss: 9.9119 | gnorm: 4.5938 | dt: 158ms | tok/s: 25,921 | remaining: 15109s
step 41080 (30.1%) | loss: 10.2319 | gnorm: 2.4874 | dt: 158ms | tok/s: 25,963 | remaining: 15105s
step 41100 (30.1%) | loss: 11.7226 | gnorm: 4.3108 | dt: 157ms | tok/s: 26,071 | remaining: 15102s
step 41120 (30.1%) | loss: 11.1307 | gnorm: 2.0602 | dt: 157ms | tok/s: 26,116 | remaining: 15099s
step 41140 (30.1%) | loss: 10.0305 | gnorm: 3.9586 | dt: 158ms | tok/s: 25,898 | remaining: 15096s
step 41160 (30.1%) | loss: 10.4685 | gnorm: 1.8463 | dt: 160ms | tok/s: 25,617 | remaining: 15093s
step 41180 (30.1%) | loss: 11.3561 | gnorm: 4.2960 | dt: 161ms | tok/s: 25,516 | remaining: 15090s
step 41200 (30.2%) | loss: 11.1638 | gnorm: 2.5057 | dt: 155ms | tok/s: 26,446 | remaining: 15086s
step 41220 (30.2%) | loss: 10.4045 | gnorm: 4.6181 | dt: 158ms | tok/s: 25,983 | remaining: 15083s
step 41240 (30.2%) | loss: 10.9503 | gnorm: 2.0376 | dt: 158ms | tok/s: 25,852 | remaining: 15080s
step 41260 (30.2%) | loss: 11.3316 | gnorm: 3.7448 | dt: 158ms | tok/s: 25,950 | remaining: 15077s
step 41280 (30.2%) | loss: 10.1529 | gnorm: 2.3702 | dt: 168ms | tok/s: 24,337 | remaining: 15074s
step 41300 (30.2%) | loss: 11.4926 | gnorm: 3.9486 | dt: 159ms | tok/s: 25,798 | remaining: 15071s
step 41320 (30.2%) | loss: 11.4790 | gnorm: 2.1433 | dt: 156ms | tok/s: 26,176 | remaining: 15067s
step 41340 (30.3%) | loss: 10.6574 | gnorm: 4.0004 | dt: 156ms | tok/s: 26,173 | remaining: 15064s
step 41360 (30.3%) | loss: 12.7902 | gnorm: 2.2213 | dt: 158ms | tok/s: 26,003 | remaining: 15061s
step 41380 (30.3%) | loss: 11.6565 | gnorm: 4.0945 | dt: 158ms | tok/s: 25,880 | remaining: 15058s
step 41400 (30.3%) | loss: 10.7527 | gnorm: 2.2352 | dt: 160ms | tok/s: 25,601 | remaining: 15055s
step 41420 (30.3%) | loss: 10.7024 | gnorm: 3.4179 | dt: 154ms | tok/s: 26,549 | remaining: 15052s
step 41440 (30.3%) | loss: 11.8818 | gnorm: 2.3610 | dt: 156ms | tok/s: 26,199 | remaining: 15049s
step 41460 (30.3%) | loss: 11.1340 | gnorm: 4.5331 | dt: 157ms | tok/s: 26,082 | remaining: 15045s
step 41480 (30.4%) | loss: 10.5943 | gnorm: 2.1661 | dt: 159ms | tok/s: 25,797 | remaining: 15042s
step 41500 (30.4%) | loss: 11.2456 | gnorm: 4.5770 | dt: 160ms | tok/s: 25,522 | remaining: 15039s
step 41520 (30.4%) | loss: 10.7987 | gnorm: 2.2864 | dt: 155ms | tok/s: 26,440 | remaining: 15036s
step 41540 (30.4%) | loss: 11.3454 | gnorm: 4.1528 | dt: 157ms | tok/s: 26,130 | remaining: 15033s
step 41560 (30.4%) | loss: 10.8040 | gnorm: 2.0797 | dt: 158ms | tok/s: 25,873 | remaining: 15030s
step 41580 (30.4%) | loss: 11.3903 | gnorm: 4.5938 | dt: 159ms | tok/s: 25,700 | remaining: 15026s
step 41600 (30.4%) | loss: 10.6254 | gnorm: 2.0735 | dt: 161ms | tok/s: 25,362 | remaining: 15023s
step 41620 (30.5%) | loss: 11.7876 | gnorm: 6.0822 | dt: 158ms | tok/s: 25,910 | remaining: 15020s
step 41640 (30.5%) | loss: 10.7359 | gnorm: 2.9452 | dt: 158ms | tok/s: 25,879 | remaining: 15017s
step 41660 (30.5%) | loss: 12.1939 | gnorm: 4.3903 | dt: 161ms | tok/s: 25,394 | remaining: 15014s
step 41680 (30.5%) | loss: 10.6390 | gnorm: 2.4060 | dt: 159ms | tok/s: 25,802 | remaining: 15011s
step 41700 (30.5%) | loss: 11.3260 | gnorm: 5.0752 | dt: 161ms | tok/s: 25,432 | remaining: 15007s
step 41720 (30.5%) | loss: 11.0032 | gnorm: 2.1319 | dt: 159ms | tok/s: 25,706 | remaining: 15004s
step 41740 (30.5%) | loss: 11.1413 | gnorm: 4.6999 | dt: 159ms | tok/s: 25,818 | remaining: 15001s
step 41760 (30.6%) | loss: 10.4616 | gnorm: 2.2535 | dt: 156ms | tok/s: 26,242 | remaining: 14998s
step 41780 (30.6%) | loss: 11.0299 | gnorm: 3.9197 | dt: 159ms | tok/s: 25,801 | remaining: 14995s
step 41800 (30.6%) | loss: 9.9864 | gnorm: 2.2494 | dt: 160ms | tok/s: 25,596 | remaining: 14992s
step 41820 (30.6%) | loss: 11.2819 | gnorm: 4.9337 | dt: 158ms | tok/s: 25,865 | remaining: 14989s
step 41840 (30.6%) | loss: 9.6477 | gnorm: 2.9552 | dt: 154ms | tok/s: 26,602 | remaining: 14985s
step 41860 (30.6%) | loss: 10.1467 | gnorm: 4.5850 | dt: 158ms | tok/s: 25,989 | remaining: 14982s
step 41880 (30.7%) | loss: 10.4420 | gnorm: 2.8143 | dt: 157ms | tok/s: 26,137 | remaining: 14979s
step 41900 (30.7%) | loss: 10.1944 | gnorm: 4.6971 | dt: 159ms | tok/s: 25,808 | remaining: 14976s
step 41920 (30.7%) | loss: 10.9825 | gnorm: 2.0613 | dt: 159ms | tok/s: 25,835 | remaining: 14973s
step 41940 (30.7%) | loss: 11.4654 | gnorm: 3.6100 | dt: 159ms | tok/s: 25,793 | remaining: 14970s
step 41960 (30.7%) | loss: 11.0492 | gnorm: 2.4577 | dt: 154ms | tok/s: 26,517 | remaining: 14966s
step 41980 (30.7%) | loss: 11.3214 | gnorm: 5.5458 | dt: 156ms | tok/s: 26,221 | remaining: 14963s
step 42000 (30.7%) | loss: 10.1007 | gnorm: 2.3393 | dt: 157ms | tok/s: 26,028 | remaining: 14960s
step 42020 (30.8%) | loss: 11.1537 | gnorm: 4.0998 | dt: 159ms | tok/s: 25,773 | remaining: 14957s
step 42040 (30.8%) | loss: 10.5030 | gnorm: 2.3805 | dt: 160ms | tok/s: 25,659 | remaining: 14954s
step 42060 (30.8%) | loss: 11.2845 | gnorm: 4.4030 | dt: 155ms | tok/s: 26,409 | remaining: 14951s
step 42080 (30.8%) | loss: 10.5359 | gnorm: 2.5608 | dt: 157ms | tok/s: 26,142 | remaining: 14947s
step 42100 (30.8%) | loss: 11.2177 | gnorm: 3.7450 | dt: 158ms | tok/s: 25,954 | remaining: 14944s
step 42120 (30.8%) | loss: 10.7529 | gnorm: 2.2291 | dt: 159ms | tok/s: 25,840 | remaining: 14941s
step 42140 (30.8%) | loss: 11.1277 | gnorm: 8.2824 | dt: 161ms | tok/s: 25,373 | remaining: 14938s
step 42160 (30.9%) | loss: 11.2849 | gnorm: 2.2406 | dt: 156ms | tok/s: 26,286 | remaining: 14935s
step 42180 (30.9%) | loss: 11.5920 | gnorm: 4.8726 | dt: 157ms | tok/s: 26,122 | remaining: 14932s
step 42200 (30.9%) | loss: 10.7603 | gnorm: 2.2939 | dt: 158ms | tok/s: 25,949 | remaining: 14929s
step 42220 (30.9%) | loss: 10.7045 | gnorm: 3.9149 | dt: 158ms | tok/s: 25,950 | remaining: 14925s
step 42240 (30.9%) | loss: 11.4311 | gnorm: 2.5556 | dt: 159ms | tok/s: 25,720 | remaining: 14922s
step 42260 (30.9%) | loss: 11.9860 | gnorm: 3.8422 | dt: 157ms | tok/s: 26,114 | remaining: 14919s
step 42280 (30.9%) | loss: 10.7708 | gnorm: 2.1569 | dt: 157ms | tok/s: 26,049 | remaining: 14916s
step 42300 (31.0%) | loss: 10.0912 | gnorm: 4.1690 | dt: 157ms | tok/s: 26,109 | remaining: 14913s
step 42320 (31.0%) | loss: 8.6775 | gnorm: 1.9195 | dt: 158ms | tok/s: 25,978 | remaining: 14910s
step 42340 (31.0%) | loss: 9.9978 | gnorm: 4.7928 | dt: 158ms | tok/s: 25,984 | remaining: 14906s
step 42360 (31.0%) | loss: 10.6885 | gnorm: 2.2752 | dt: 159ms | tok/s: 25,722 | remaining: 14903s
step 42380 (31.0%) | loss: 10.8001 | gnorm: 4.8918 | dt: 155ms | tok/s: 26,435 | remaining: 14900s
step 42400 (31.0%) | loss: 10.7172 | gnorm: 2.1529 | dt: 157ms | tok/s: 26,109 | remaining: 14897s
step 42420 (31.0%) | loss: 10.4576 | gnorm: 4.1278 | dt: 158ms | tok/s: 25,910 | remaining: 14894s
step 42440 (31.1%) | loss: 10.2145 | gnorm: 2.3984 | dt: 159ms | tok/s: 25,781 | remaining: 14891s
step 42460 (31.1%) | loss: 11.0601 | gnorm: 4.6891 | dt: 160ms | tok/s: 25,530 | remaining: 14888s
step 42480 (31.1%) | loss: 10.5652 | gnorm: 2.5924 | dt: 155ms | tok/s: 26,384 | remaining: 14884s
step 42500 (31.1%) | loss: 10.8255 | gnorm: 3.8345 | dt: 156ms | tok/s: 26,189 | remaining: 14881s
step 42520 (31.1%) | loss: 10.5449 | gnorm: 2.0573 | dt: 158ms | tok/s: 25,916 | remaining: 14878s
step 42540 (31.1%) | loss: 11.3071 | gnorm: 4.6952 | dt: 158ms | tok/s: 25,851 | remaining: 14875s
step 42560 (31.1%) | loss: 10.2538 | gnorm: 2.1299 | dt: 159ms | tok/s: 25,717 | remaining: 14872s
step 42580 (31.2%) | loss: 11.5847 | gnorm: 4.6661 | dt: 155ms | tok/s: 26,426 | remaining: 14869s
step 42600 (31.2%) | loss: 11.3501 | gnorm: 2.3875 | dt: 156ms | tok/s: 26,217 | remaining: 14865s
step 42620 (31.2%) | loss: 10.7311 | gnorm: 4.0257 | dt: 159ms | tok/s: 25,712 | remaining: 14862s
step 42640 (31.2%) | loss: 10.9344 | gnorm: 2.4125 | dt: 158ms | tok/s: 25,962 | remaining: 14859s
step 42660 (31.2%) | loss: 11.1859 | gnorm: 4.8567 | dt: 162ms | tok/s: 25,344 | remaining: 14856s
step 42680 (31.2%) | loss: 10.6489 | gnorm: 2.3089 | dt: 155ms | tok/s: 26,398 | remaining: 14853s
step 42700 (31.3%) | loss: 11.3779 | gnorm: 4.3960 | dt: 158ms | tok/s: 26,003 | remaining: 14850s
step 42720 (31.3%) | loss: 11.2605 | gnorm: 2.3437 | dt: 157ms | tok/s: 26,023 | remaining: 14846s
step 42740 (31.3%) | loss: 10.8594 | gnorm: 4.4603 | dt: 158ms | tok/s: 25,869 | remaining: 14843s
step 42760 (31.3%) | loss: 10.5636 | gnorm: 2.0765 | dt: 159ms | tok/s: 25,702 | remaining: 14840s
step 42780 (31.3%) | loss: 10.7828 | gnorm: 4.0592 | dt: 159ms | tok/s: 25,687 | remaining: 14837s
step 42800 (31.3%) | loss: 10.7169 | gnorm: 1.9615 | dt: 156ms | tok/s: 26,282 | remaining: 14834s
step 42820 (31.3%) | loss: 11.5224 | gnorm: 4.7142 | dt: 157ms | tok/s: 26,102 | remaining: 14831s
step 42840 (31.4%) | loss: 11.0179 | gnorm: 2.3642 | dt: 159ms | tok/s: 25,834 | remaining: 14828s
step 42860 (31.4%) | loss: 10.9110 | gnorm: 4.1900 | dt: 159ms | tok/s: 25,809 | remaining: 14824s
step 42880 (31.4%) | loss: 10.4499 | gnorm: 2.2402 | dt: 162ms | tok/s: 25,208 | remaining: 14821s
step 42900 (31.4%) | loss: 10.6769 | gnorm: 4.0419 | dt: 156ms | tok/s: 26,239 | remaining: 14818s
step 42920 (31.4%) | loss: 10.3721 | gnorm: 2.0723 | dt: 157ms | tok/s: 26,126 | remaining: 14815s
step 42940 (31.4%) | loss: 10.5733 | gnorm: 4.5435 | dt: 158ms | tok/s: 25,973 | remaining: 14812s
step 42960 (31.4%) | loss: 10.6217 | gnorm: 2.5519 | dt: 158ms | tok/s: 25,858 | remaining: 14809s
step 42980 (31.5%) | loss: 11.2878 | gnorm: 5.0033 | dt: 159ms | tok/s: 25,838 | remaining: 14805s
step 43000 (31.5%) | loss: 10.5071 | gnorm: 2.4359 | dt: 157ms | tok/s: 26,139 | remaining: 14802s
step 43020 (31.5%) | loss: 11.0528 | gnorm: 4.9071 | dt: 155ms | tok/s: 26,382 | remaining: 14799s
step 43040 (31.5%) | loss: 11.1565 | gnorm: 2.2161 | dt: 158ms | tok/s: 25,998 | remaining: 14796s
step 43060 (31.5%) | loss: 11.4864 | gnorm: 5.4657 | dt: 158ms | tok/s: 25,930 | remaining: 14793s
step 43080 (31.5%) | loss: 11.0900 | gnorm: 2.5201 | dt: 159ms | tok/s: 25,702 | remaining: 14790s
step 43100 (31.5%) | loss: 9.5545 | gnorm: 4.2047 | dt: 155ms | tok/s: 26,501 | remaining: 14787s
step 43120 (31.6%) | loss: 9.4974 | gnorm: 2.0218 | dt: 157ms | tok/s: 26,149 | remaining: 14783s
step 43140 (31.6%) | loss: 11.1292 | gnorm: 4.1890 | dt: 156ms | tok/s: 26,289 | remaining: 14780s
step 43160 (31.6%) | loss: 10.6333 | gnorm: 2.4886 | dt: 157ms | tok/s: 26,021 | remaining: 14777s
step 43180 (31.6%) | loss: 10.5683 | gnorm: 3.8929 | dt: 159ms | tok/s: 25,830 | remaining: 14774s
step 43200 (31.6%) | loss: 10.9024 | gnorm: 2.0371 | dt: 155ms | tok/s: 26,396 | remaining: 14771s
step 43220 (31.6%) | loss: 11.3431 | gnorm: 5.3597 | dt: 157ms | tok/s: 26,101 | remaining: 14768s
step 43240 (31.6%) | loss: 10.1633 | gnorm: 2.0480 | dt: 157ms | tok/s: 26,027 | remaining: 14764s
step 43260 (31.7%) | loss: 10.2776 | gnorm: 3.9200 | dt: 158ms | tok/s: 25,999 | remaining: 14761s
step 43280 (31.7%) | loss: 9.8688 | gnorm: 2.0904 | dt: 159ms | tok/s: 25,717 | remaining: 14758s
step 43300 (31.7%) | loss: 11.6156 | gnorm: 4.3665 | dt: 153ms | tok/s: 26,792 | remaining: 14755s
step 43320 (31.7%) | loss: 10.6985 | gnorm: 2.1686 | dt: 157ms | tok/s: 26,172 | remaining: 14752s
step 43340 (31.7%) | loss: 11.6849 | gnorm: 4.7823 | dt: 156ms | tok/s: 26,192 | remaining: 14749s
step 43360 (31.7%) | loss: 10.0870 | gnorm: 2.2615 | dt: 159ms | tok/s: 25,761 | remaining: 14746s
step 43380 (31.7%) | loss: 10.8405 | gnorm: 4.5055 | dt: 159ms | tok/s: 25,695 | remaining: 14742s
step 43400 (31.8%) | loss: 10.4124 | gnorm: 2.2638 | dt: 156ms | tok/s: 26,285 | remaining: 14739s
step 43420 (31.8%) | loss: 11.5011 | gnorm: 3.9441 | dt: 157ms | tok/s: 26,156 | remaining: 14736s
step 43440 (31.8%) | loss: 10.8486 | gnorm: 2.2226 | dt: 157ms | tok/s: 26,158 | remaining: 14733s
step 43460 (31.8%) | loss: 10.8810 | gnorm: 4.1881 | dt: 159ms | tok/s: 25,800 | remaining: 14730s
step 43480 (31.8%) | loss: 9.9957 | gnorm: 2.0883 | dt: 161ms | tok/s: 25,460 | remaining: 14727s
step 43500 (31.8%) | loss: 10.1061 | gnorm: 4.1064 | dt: 156ms | tok/s: 26,317 | remaining: 14723s
step 43520 (31.8%) | loss: 10.3451 | gnorm: 1.9475 | dt: 157ms | tok/s: 26,149 | remaining: 14720s
step 43540 (31.9%) | loss: 11.0744 | gnorm: 3.9897 | dt: 160ms | tok/s: 25,528 | remaining: 14717s
step 43560 (31.9%) | loss: 10.2142 | gnorm: 2.1927 | dt: 160ms | tok/s: 25,651 | remaining: 14714s
step 43580 (31.9%) | loss: 10.8687 | gnorm: 4.0195 | dt: 161ms | tok/s: 25,498 | remaining: 14711s
step 43600 (31.9%) | loss: 9.9799 | gnorm: 2.3924 | dt: 160ms | tok/s: 25,652 | remaining: 14708s
step 43620 (31.9%) | loss: 10.8110 | gnorm: 4.8368 | dt: 157ms | tok/s: 26,118 | remaining: 14705s
step 43640 (31.9%) | loss: 10.9247 | gnorm: 2.0252 | dt: 160ms | tok/s: 25,652 | remaining: 14701s
step 43660 (32.0%) | loss: 10.1327 | gnorm: 4.4231 | dt: 162ms | tok/s: 25,275 | remaining: 14698s
step 43680 (32.0%) | loss: 10.6489 | gnorm: 2.2204 | dt: 160ms | tok/s: 25,658 | remaining: 14695s
step 43700 (32.0%) | loss: 11.3746 | gnorm: 4.4650 | dt: 162ms | tok/s: 25,260 | remaining: 14692s
step 43720 (32.0%) | loss: 9.9695 | gnorm: 2.2847 | dt: 157ms | tok/s: 26,061 | remaining: 14689s
step 43740 (32.0%) | loss: 11.0709 | gnorm: 4.2932 | dt: 154ms | tok/s: 26,566 | remaining: 14685s
step 43760 (32.0%) | loss: 10.2306 | gnorm: 2.5916 | dt: 156ms | tok/s: 26,210 | remaining: 14682s
step 43780 (32.0%) | loss: 10.5786 | gnorm: 4.5358 | dt: 156ms | tok/s: 26,176 | remaining: 14679s
step 43800 (32.1%) | loss: 10.2642 | gnorm: 2.6348 | dt: 157ms | tok/s: 26,065 | remaining: 14676s
step 43820 (32.1%) | loss: 10.8724 | gnorm: 4.0484 | dt: 158ms | tok/s: 25,844 | remaining: 14673s
step 43840 (32.1%) | loss: 10.4479 | gnorm: 2.4516 | dt: 160ms | tok/s: 25,638 | remaining: 14670s
step 43860 (32.1%) | loss: 10.6925 | gnorm: 5.0278 | dt: 157ms | tok/s: 26,145 | remaining: 14667s
step 43880 (32.1%) | loss: 10.5606 | gnorm: 2.0198 | dt: 158ms | tok/s: 25,921 | remaining: 14663s
step 43900 (32.1%) | loss: 11.0599 | gnorm: 4.4834 | dt: 159ms | tok/s: 25,683 | remaining: 14660s
step 43920 (32.1%) | loss: 10.7587 | gnorm: 2.2852 | dt: 161ms | tok/s: 25,503 | remaining: 14657s
step 43940 (32.2%) | loss: 11.1982 | gnorm: 4.0915 | dt: 162ms | tok/s: 25,293 | remaining: 14654s
step 43960 (32.2%) | loss: 10.3636 | gnorm: 2.3544 | dt: 161ms | tok/s: 25,488 | remaining: 14651s
step 43980 (32.2%) | loss: 11.5573 | gnorm: 4.5602 | dt: 161ms | tok/s: 25,516 | remaining: 14648s
step 44000 (32.2%) | loss: 10.5445 | gnorm: 2.4459 | dt: 160ms | tok/s: 25,651 | remaining: 14644s
step 44020 (32.2%) | loss: 10.8936 | gnorm: 4.1896 | dt: 159ms | tok/s: 25,821 | remaining: 14641s
step 44040 (32.2%) | loss: 9.3967 | gnorm: 2.5691 | dt: 159ms | tok/s: 25,828 | remaining: 14638s
step 44060 (32.2%) | loss: 10.4910 | gnorm: 5.3161 | dt: 160ms | tok/s: 25,645 | remaining: 14635s
step 44080 (32.3%) | loss: 10.6504 | gnorm: 2.2707 | dt: 154ms | tok/s: 26,546 | remaining: 14632s
step 44100 (32.3%) | loss: 10.8361 | gnorm: 4.1600 | dt: 156ms | tok/s: 26,205 | remaining: 14629s
step 44120 (32.3%) | loss: 10.7414 | gnorm: 1.8137 | dt: 158ms | tok/s: 25,889 | remaining: 14625s
step 44140 (32.3%) | loss: 10.2909 | gnorm: 4.3301 | dt: 157ms | tok/s: 26,073 | remaining: 14622s
step 44160 (32.3%) | loss: 10.4174 | gnorm: 2.2973 | dt: 160ms | tok/s: 25,644 | remaining: 14619s
step 44180 (32.3%) | loss: 10.3398 | gnorm: 4.3593 | dt: 168ms | tok/s: 24,440 | remaining: 14616s
step 44200 (32.3%) | loss: 9.4425 | gnorm: 2.1187 | dt: 157ms | tok/s: 26,056 | remaining: 14613s
step 44220 (32.4%) | loss: 11.2915 | gnorm: 4.6329 | dt: 157ms | tok/s: 26,075 | remaining: 14610s
step 44240 (32.4%) | loss: 9.5907 | gnorm: 2.1802 | dt: 158ms | tok/s: 25,969 | remaining: 14606s
step 44260 (32.4%) | loss: 10.4106 | gnorm: 4.0132 | dt: 159ms | tok/s: 25,734 | remaining: 14603s
step 44280 (32.4%) | loss: 10.1734 | gnorm: 2.0982 | dt: 162ms | tok/s: 25,258 | remaining: 14600s
step 44300 (32.4%) | loss: 10.2400 | gnorm: 4.5086 | dt: 155ms | tok/s: 26,342 | remaining: 14597s
step 44320 (32.4%) | loss: 9.6762 | gnorm: 2.2902 | dt: 158ms | tok/s: 25,879 | remaining: 14594s
step 44340 (32.5%) | loss: 10.6664 | gnorm: 4.7844 | dt: 158ms | tok/s: 25,965 | remaining: 14591s
step 44360 (32.5%) | loss: 10.2418 | gnorm: 2.4402 | dt: 158ms | tok/s: 25,962 | remaining: 14587s
step 44380 (32.5%) | loss: 10.3558 | gnorm: 4.4671 | dt: 159ms | tok/s: 25,799 | remaining: 14584s
step 44400 (32.5%) | loss: 9.9965 | gnorm: 2.2922 | dt: 157ms | tok/s: 26,163 | remaining: 14581s
step 44420 (32.5%) | loss: 10.6726 | gnorm: 4.3352 | dt: 157ms | tok/s: 26,038 | remaining: 14578s
step 44440 (32.5%) | loss: 10.9119 | gnorm: 2.3420 | dt: 158ms | tok/s: 25,980 | remaining: 14575s
step 44460 (32.5%) | loss: 10.8676 | gnorm: 4.0826 | dt: 158ms | tok/s: 25,900 | remaining: 14572s
step 44480 (32.6%) | loss: 10.7012 | gnorm: 2.5269 | dt: 160ms | tok/s: 25,614 | remaining: 14568s
step 44500 (32.6%) | loss: 10.3927 | gnorm: 4.1737 | dt: 160ms | tok/s: 25,560 | remaining: 14565s
step 44520 (32.6%) | loss: 9.4662 | gnorm: 2.2658 | dt: 156ms | tok/s: 26,305 | remaining: 14562s
step 44540 (32.6%) | loss: 10.7180 | gnorm: 4.1268 | dt: 157ms | tok/s: 26,117 | remaining: 14559s
step 44560 (32.6%) | loss: 10.8204 | gnorm: 2.0223 | dt: 157ms | tok/s: 26,127 | remaining: 14556s
step 44580 (32.6%) | loss: 10.3909 | gnorm: 5.1389 | dt: 153ms | tok/s: 26,820 | remaining: 14553s
step 44600 (32.6%) | loss: 8.9921 | gnorm: 2.6259 | dt: 160ms | tok/s: 25,564 | remaining: 14549s
step 44620 (32.7%) | loss: 10.6481 | gnorm: 4.9170 | dt: 160ms | tok/s: 25,568 | remaining: 14546s
step 44640 (32.7%) | loss: 10.6362 | gnorm: 2.1384 | dt: 156ms | tok/s: 26,184 | remaining: 14543s
step 44660 (32.7%) | loss: 11.1393 | gnorm: 5.0689 | dt: 157ms | tok/s: 26,040 | remaining: 14540s
step 44680 (32.7%) | loss: 10.7640 | gnorm: 2.2490 | dt: 158ms | tok/s: 25,957 | remaining: 14537s
step 44700 (32.7%) | loss: 11.6789 | gnorm: 5.4669 | dt: 158ms | tok/s: 25,945 | remaining: 14534s
step 44720 (32.7%) | loss: 10.9398 | gnorm: 2.5255 | dt: 159ms | tok/s: 25,803 | remaining: 14531s
step 44740 (32.7%) | loss: 10.6345 | gnorm: 4.2961 | dt: 155ms | tok/s: 26,443 | remaining: 14527s
step 44760 (32.8%) | loss: 10.5541 | gnorm: 2.6504 | dt: 156ms | tok/s: 26,217 | remaining: 14524s
step 44780 (32.8%) | loss: 11.2790 | gnorm: 4.4719 | dt: 157ms | tok/s: 26,151 | remaining: 14521s
step 44800 (32.8%) | loss: 10.4015 | gnorm: 2.2164 | dt: 158ms | tok/s: 25,933 | remaining: 14518s
step 44820 (32.8%) | loss: 10.5562 | gnorm: 4.1247 | dt: 158ms | tok/s: 25,847 | remaining: 14515s
step 44840 (32.8%) | loss: 11.6284 | gnorm: 2.1829 | dt: 155ms | tok/s: 26,466 | remaining: 14512s
step 44860 (32.8%) | loss: 10.7486 | gnorm: 4.1939 | dt: 156ms | tok/s: 26,284 | remaining: 14508s
step 44880 (32.8%) | loss: 10.1931 | gnorm: 1.9681 | dt: 158ms | tok/s: 25,938 | remaining: 14505s
step 44900 (32.9%) | loss: 11.1470 | gnorm: 4.1945 | dt: 156ms | tok/s: 26,233 | remaining: 14502s
step 44920 (32.9%) | loss: 10.1478 | gnorm: 2.6055 | dt: 161ms | tok/s: 25,511 | remaining: 14499s
step 44940 (32.9%) | loss: 11.0148 | gnorm: 5.4733 | dt: 155ms | tok/s: 26,434 | remaining: 14496s
step 44960 (32.9%) | loss: 11.6748 | gnorm: 2.2294 | dt: 157ms | tok/s: 26,163 | remaining: 14493s
step 44980 (32.9%) | loss: 11.3951 | gnorm: 4.4512 | dt: 157ms | tok/s: 26,039 | remaining: 14490s
step 45000 (32.9%) | loss: 11.0714 | gnorm: 2.7052 | dt: 158ms | tok/s: 25,856 | remaining: 14486s
step 45020 (32.9%) | loss: 10.9540 | gnorm: 4.1637 | dt: 161ms | tok/s: 25,384 | remaining: 14483s
step 45040 (33.0%) | loss: 11.5250 | gnorm: 2.1885 | dt: 156ms | tok/s: 26,274 | remaining: 14480s
step 45060 (33.0%) | loss: 11.0772 | gnorm: 4.6405 | dt: 156ms | tok/s: 26,177 | remaining: 14477s
step 45080 (33.0%) | loss: 9.8492 | gnorm: 2.3217 | dt: 157ms | tok/s: 26,080 | remaining: 14474s
step 45100 (33.0%) | loss: 11.0879 | gnorm: 4.2713 | dt: 160ms | tok/s: 25,649 | remaining: 14471s
step 45120 (33.0%) | loss: 9.5947 | gnorm: 2.0791 | dt: 161ms | tok/s: 25,383 | remaining: 14468s
step 45140 (33.0%) | loss: 11.9356 | gnorm: 5.4373 | dt: 155ms | tok/s: 26,382 | remaining: 14464s
step 45160 (33.0%) | loss: 10.2668 | gnorm: 2.2371 | dt: 156ms | tok/s: 26,181 | remaining: 14461s
step 45180 (33.1%) | loss: 10.4623 | gnorm: 4.4657 | dt: 157ms | tok/s: 26,071 | remaining: 14458s
step 45200 (33.1%) | loss: 11.0328 | gnorm: 2.3783 | dt: 159ms | tok/s: 25,732 | remaining: 14455s
step 45220 (33.1%) | loss: 10.3390 | gnorm: 4.1130 | dt: 159ms | tok/s: 25,734 | remaining: 14452s
step 45240 (33.1%) | loss: 10.5957 | gnorm: 2.4717 | dt: 156ms | tok/s: 26,199 | remaining: 14449s
step 45260 (33.1%) | loss: 11.3969 | gnorm: 4.0954 | dt: 157ms | tok/s: 26,156 | remaining: 14445s
step 45280 (33.1%) | loss: 10.8162 | gnorm: 2.6389 | dt: 155ms | tok/s: 26,497 | remaining: 14442s
step 45300 (33.2%) | loss: 13.7114 | gnorm: 4.6388 | dt: 157ms | tok/s: 26,105 | remaining: 14439s
step 45320 (33.2%) | loss: 10.8608 | gnorm: 2.3908 | dt: 159ms | tok/s: 25,690 | remaining: 14436s
step 45340 (33.2%) | loss: 10.6668 | gnorm: 4.3223 | dt: 155ms | tok/s: 26,443 | remaining: 14433s
step 45360 (33.2%) | loss: 10.7899 | gnorm: 2.5447 | dt: 156ms | tok/s: 26,242 | remaining: 14430s
step 45380 (33.2%) | loss: 10.8087 | gnorm: 4.4089 | dt: 157ms | tok/s: 26,124 | remaining: 14427s
step 45400 (33.2%) | loss: 10.6192 | gnorm: 2.1547 | dt: 158ms | tok/s: 25,912 | remaining: 14423s
step 45420 (33.2%) | loss: 10.9195 | gnorm: 4.3564 | dt: 160ms | tok/s: 25,524 | remaining: 14420s
step 45440 (33.3%) | loss: 10.3029 | gnorm: 1.9857 | dt: 154ms | tok/s: 26,543 | remaining: 14417s
step 45460 (33.3%) | loss: 11.6024 | gnorm: 4.8291 | dt: 157ms | tok/s: 26,102 | remaining: 14414s
step 45480 (33.3%) | loss: 10.6688 | gnorm: 2.1209 | dt: 157ms | tok/s: 26,028 | remaining: 14411s
step 45500 (33.3%) | loss: 10.7601 | gnorm: 4.1908 | dt: 158ms | tok/s: 25,877 | remaining: 14408s
step 45520 (33.3%) | loss: 10.0691 | gnorm: 2.2845 | dt: 160ms | tok/s: 25,576 | remaining: 14404s
step 45540 (33.3%) | loss: 10.4242 | gnorm: 3.5557 | dt: 156ms | tok/s: 26,341 | remaining: 14401s
step 45560 (33.3%) | loss: 10.4884 | gnorm: 2.3433 | dt: 156ms | tok/s: 26,186 | remaining: 14398s
step 45580 (33.4%) | loss: 10.8344 | gnorm: 5.3462 | dt: 158ms | tok/s: 25,943 | remaining: 14395s
step 45600 (33.4%) | loss: 11.1585 | gnorm: 2.7557 | dt: 169ms | tok/s: 24,244 | remaining: 14392s
step 45620 (33.4%) | loss: 11.3252 | gnorm: 3.9328 | dt: 152ms | tok/s: 26,976 | remaining: 14389s
step 45640 (33.4%) | loss: 11.2572 | gnorm: 2.5283 | dt: 157ms | tok/s: 26,022 | remaining: 14386s
step 45660 (33.4%) | loss: 11.0800 | gnorm: 4.3490 | dt: 156ms | tok/s: 26,328 | remaining: 14382s
step 45680 (33.4%) | loss: 10.7921 | gnorm: 2.5054 | dt: 158ms | tok/s: 25,988 | remaining: 14379s
step 45700 (33.4%) | loss: 11.8938 | gnorm: 4.4146 | dt: 158ms | tok/s: 25,989 | remaining: 14376s
step 45720 (33.5%) | loss: 11.0073 | gnorm: 1.9161 | dt: 160ms | tok/s: 25,631 | remaining: 14373s
step 45740 (33.5%) | loss: 11.3547 | gnorm: 4.9428 | dt: 156ms | tok/s: 26,228 | remaining: 14370s
step 45760 (33.5%) | loss: 10.5400 | gnorm: 2.2305 | dt: 157ms | tok/s: 26,151 | remaining: 14367s
step 45780 (33.5%) | loss: 10.8142 | gnorm: 4.2421 | dt: 158ms | tok/s: 25,934 | remaining: 14364s
step 45800 (33.5%) | loss: 10.1092 | gnorm: 2.3654 | dt: 161ms | tok/s: 25,459 | remaining: 14360s
step 45820 (33.5%) | loss: 11.8958 | gnorm: 4.4802 | dt: 161ms | tok/s: 25,389 | remaining: 14357s
step 45840 (33.5%) | loss: 10.4316 | gnorm: 2.1824 | dt: 155ms | tok/s: 26,435 | remaining: 14354s
step 45860 (33.6%) | loss: 10.9264 | gnorm: 4.5134 | dt: 156ms | tok/s: 26,236 | remaining: 14351s
step 45880 (33.6%) | loss: 10.3883 | gnorm: 2.0746 | dt: 157ms | tok/s: 26,062 | remaining: 14348s
step 45900 (33.6%) | loss: 10.9261 | gnorm: 5.4699 | dt: 158ms | tok/s: 25,949 | remaining: 14345s
step 45920 (33.6%) | loss: 9.7865 | gnorm: 2.0374 | dt: 159ms | tok/s: 25,778 | remaining: 14341s
step 45940 (33.6%) | loss: 10.0481 | gnorm: 4.2349 | dt: 155ms | tok/s: 26,431 | remaining: 14338s
step 45960 (33.6%) | loss: 10.0527 | gnorm: 2.1447 | dt: 156ms | tok/s: 26,221 | remaining: 14335s
step 45980 (33.6%) | loss: 12.1955 | gnorm: 4.9364 | dt: 158ms | tok/s: 25,952 | remaining: 14332s
step 46000 (33.7%) | loss: 10.1418 | gnorm: 2.3252 | dt: 158ms | tok/s: 25,856 | remaining: 14329s
step 46020 (33.7%) | loss: 10.9550 | gnorm: 6.0303 | dt: 159ms | tok/s: 25,840 | remaining: 14326s
step 46040 (33.7%) | loss: 10.2695 | gnorm: 2.2224 | dt: 158ms | tok/s: 25,927 | remaining: 14323s
step 46060 (33.7%) | loss: 10.3880 | gnorm: 4.9187 | dt: 157ms | tok/s: 26,135 | remaining: 14319s
step 46080 (33.7%) | loss: 10.3353 | gnorm: 2.5624 | dt: 157ms | tok/s: 26,060 | remaining: 14316s
step 46100 (33.7%) | loss: 10.2702 | gnorm: 4.2510 | dt: 158ms | tok/s: 25,938 | remaining: 14313s
step 46120 (33.7%) | loss: 10.2590 | gnorm: 2.3050 | dt: 160ms | tok/s: 25,639 | remaining: 14310s
step 46140 (33.8%) | loss: 11.3454 | gnorm: 4.6736 | dt: 156ms | tok/s: 26,214 | remaining: 14307s
step 46160 (33.8%) | loss: 11.3196 | gnorm: 2.4083 | dt: 156ms | tok/s: 26,179 | remaining: 14304s
step 46180 (33.8%) | loss: 10.9053 | gnorm: 4.3971 | dt: 157ms | tok/s: 26,020 | remaining: 14300s
step 46200 (33.8%) | loss: 10.0645 | gnorm: 2.7987 | dt: 159ms | tok/s: 25,826 | remaining: 14297s
step 46220 (33.8%) | loss: 10.6364 | gnorm: 4.6301 | dt: 159ms | tok/s: 25,712 | remaining: 14294s
step 46240 (33.8%) | loss: 10.2425 | gnorm: 2.4628 | dt: 155ms | tok/s: 26,389 | remaining: 14291s
step 46260 (33.9%) | loss: 11.6413 | gnorm: 5.5058 | dt: 156ms | tok/s: 26,294 | remaining: 14288s
step 46280 (33.9%) | loss: 10.8040 | gnorm: 2.5260 | dt: 156ms | tok/s: 26,194 | remaining: 14285s
step 46300 (33.9%) | loss: 11.5012 | gnorm: 3.3557 | dt: 158ms | tok/s: 25,909 | remaining: 14282s
step 46320 (33.9%) | loss: 10.8249 | gnorm: 2.4466 | dt: 157ms | tok/s: 26,033 | remaining: 14278s
step 46340 (33.9%) | loss: 10.9269 | gnorm: 4.1254 | dt: 155ms | tok/s: 26,372 | remaining: 14275s
step 46360 (33.9%) | loss: 10.4474 | gnorm: 2.0905 | dt: 157ms | tok/s: 26,114 | remaining: 14272s
step 46380 (33.9%) | loss: 10.4241 | gnorm: 4.2117 | dt: 157ms | tok/s: 26,044 | remaining: 14269s
step 46400 (34.0%) | loss: 10.2215 | gnorm: 2.1560 | dt: 159ms | tok/s: 25,803 | remaining: 14266s
step 46420 (34.0%) | loss: 10.3018 | gnorm: 5.0205 | dt: 156ms | tok/s: 26,198 | remaining: 14263s
step 46440 (34.0%) | loss: 10.4095 | gnorm: 2.2132 | dt: 156ms | tok/s: 26,335 | remaining: 14260s
step 46460 (34.0%) | loss: 10.3963 | gnorm: 3.7358 | dt: 156ms | tok/s: 26,200 | remaining: 14256s
step 46480 (34.0%) | loss: 9.8964 | gnorm: 2.4213 | dt: 156ms | tok/s: 26,249 | remaining: 14253s
step 46500 (34.0%) | loss: 10.2147 | gnorm: 3.6957 | dt: 158ms | tok/s: 25,860 | remaining: 14250s
step 46520 (34.0%) | loss: 10.3991 | gnorm: 3.0244 | dt: 156ms | tok/s: 26,206 | remaining: 14247s
step 46540 (34.1%) | loss: 10.7749 | gnorm: 4.2448 | dt: 155ms | tok/s: 26,505 | remaining: 14244s
step 46560 (34.1%) | loss: 10.4907 | gnorm: 2.1961 | dt: 158ms | tok/s: 25,984 | remaining: 14241s
step 46580 (34.1%) | loss: 10.5497 | gnorm: 4.6991 | dt: 160ms | tok/s: 25,567 | remaining: 14238s
step 46600 (34.1%) | loss: 9.8203 | gnorm: 2.2114 | dt: 155ms | tok/s: 26,417 | remaining: 14234s
step 46620 (34.1%) | loss: 10.8778 | gnorm: 4.6225 | dt: 154ms | tok/s: 26,512 | remaining: 14231s
step 46640 (34.1%) | loss: 10.5315 | gnorm: 2.2658 | dt: 157ms | tok/s: 26,042 | remaining: 14228s
step 46660 (34.1%) | loss: 10.8073 | gnorm: 3.8900 | dt: 159ms | tok/s: 25,789 | remaining: 14225s
step 46680 (34.2%) | loss: 10.6794 | gnorm: 2.7787 | dt: 155ms | tok/s: 26,464 | remaining: 14222s
step 46700 (34.2%) | loss: 9.8649 | gnorm: 3.9495 | dt: 155ms | tok/s: 26,444 | remaining: 14219s
step 46720 (34.2%) | loss: 9.7630 | gnorm: 2.3672 | dt: 157ms | tok/s: 26,015 | remaining: 14216s
step 46740 (34.2%) | loss: 11.0171 | gnorm: 4.4587 | dt: 157ms | tok/s: 26,075 | remaining: 14213s
step 46760 (34.2%) | loss: 9.8416 | gnorm: 2.2392 | dt: 156ms | tok/s: 26,338 | remaining: 14209s
step 46780 (34.2%) | loss: 10.7966 | gnorm: 4.4670 | dt: 156ms | tok/s: 26,198 | remaining: 14206s
step 46800 (34.2%) | loss: 9.6606 | gnorm: 2.6015 | dt: 155ms | tok/s: 26,474 | remaining: 14203s
step 46820 (34.3%) | loss: 10.6610 | gnorm: 4.9825 | dt: 159ms | tok/s: 25,829 | remaining: 14200s
step 46840 (34.3%) | loss: 11.5363 | gnorm: 2.6328 | dt: 155ms | tok/s: 26,463 | remaining: 14197s
step 46860 (34.3%) | loss: 12.2564 | gnorm: 4.5426 | dt: 156ms | tok/s: 26,285 | remaining: 14194s
step 46880 (34.3%) | loss: 10.1810 | gnorm: 2.0482 | dt: 157ms | tok/s: 26,068 | remaining: 14191s
step 46900 (34.3%) | loss: 12.0292 | gnorm: 5.0974 | dt: 158ms | tok/s: 25,867 | remaining: 14188s
step 46920 (34.3%) | loss: 10.9779 | gnorm: 2.4183 | dt: 155ms | tok/s: 26,456 | remaining: 14184s
step 46940 (34.3%) | loss: 10.9994 | gnorm: 5.1999 | dt: 155ms | tok/s: 26,382 | remaining: 14181s
step 46960 (34.4%) | loss: 9.9934 | gnorm: 2.1942 | dt: 157ms | tok/s: 26,108 | remaining: 14178s
step 46980 (34.4%) | loss: 11.2310 | gnorm: 4.4455 | dt: 159ms | tok/s: 25,834 | remaining: 14175s
step 47000 (34.4%) | loss: 10.2952 | gnorm: 2.2276 | dt: 152ms | tok/s: 26,885 | remaining: 14172s
step 47020 (34.4%) | loss: 11.4934 | gnorm: 5.4834 | dt: 154ms | tok/s: 26,530 | remaining: 14169s
step 47040 (34.4%) | loss: 10.5808 | gnorm: 2.3658 | dt: 155ms | tok/s: 26,459 | remaining: 14166s
step 47060 (34.4%) | loss: 10.1718 | gnorm: 4.1729 | dt: 155ms | tok/s: 26,369 | remaining: 14163s
step 47080 (34.4%) | loss: 10.3856 | gnorm: 2.3265 | dt: 156ms | tok/s: 26,297 | remaining: 14159s
step 47100 (34.5%) | loss: 10.1238 | gnorm: 4.5876 | dt: 158ms | tok/s: 25,881 | remaining: 14156s
step 47120 (34.5%) | loss: 9.9562 | gnorm: 2.2124 | dt: 159ms | tok/s: 25,795 | remaining: 14153s
step 47140 (34.5%) | loss: 11.3874 | gnorm: 4.7982 | dt: 156ms | tok/s: 26,318 | remaining: 14150s
step 47160 (34.5%) | loss: 10.7291 | gnorm: 2.2100 | dt: 154ms | tok/s: 26,584 | remaining: 14147s
step 47180 (34.5%) | loss: 10.2965 | gnorm: 4.5953 | dt: 157ms | tok/s: 26,133 | remaining: 14144s
step 47200 (34.5%) | loss: 9.9611 | gnorm: 2.6498 | dt: 159ms | tok/s: 25,773 | remaining: 14141s
step 47220 (34.5%) | loss: 10.1383 | gnorm: 3.8765 | dt: 154ms | tok/s: 26,570 | remaining: 14138s
step 47240 (34.6%) | loss: 10.4284 | gnorm: 2.1636 | dt: 156ms | tok/s: 26,207 | remaining: 14135s
step 47260 (34.6%) | loss: 10.0513 | gnorm: 3.6164 | dt: 156ms | tok/s: 26,263 | remaining: 14131s
step 47280 (34.6%) | loss: 9.4902 | gnorm: 2.5732 | dt: 154ms | tok/s: 26,587 | remaining: 14128s
step 47300 (34.6%) | loss: 10.0892 | gnorm: 4.6923 | dt: 155ms | tok/s: 26,448 | remaining: 14125s
step 47320 (34.6%) | loss: 9.5338 | gnorm: 2.0887 | dt: 156ms | tok/s: 26,315 | remaining: 14122s
step 47340 (34.6%) | loss: 9.7977 | gnorm: 4.2453 | dt: 159ms | tok/s: 25,834 | remaining: 14119s
step 47360 (34.6%) | loss: 9.3218 | gnorm: 2.1817 | dt: 154ms | tok/s: 26,588 | remaining: 14116s
step 47380 (34.7%) | loss: 11.1712 | gnorm: 4.7725 | dt: 156ms | tok/s: 26,247 | remaining: 14113s
step 47400 (34.7%) | loss: 9.3242 | gnorm: 1.9165 | dt: 156ms | tok/s: 26,268 | remaining: 14110s
step 47420 (34.7%) | loss: 10.1344 | gnorm: 3.9595 | dt: 155ms | tok/s: 26,499 | remaining: 14107s
step 47440 (34.7%) | loss: 9.8931 | gnorm: 2.1177 | dt: 154ms | tok/s: 26,622 | remaining: 14103s
step 47460 (34.7%) | loss: 9.3518 | gnorm: 4.0465 | dt: 156ms | tok/s: 26,318 | remaining: 14100s
step 47480 (34.7%) | loss: 9.7225 | gnorm: 2.1742 | dt: 158ms | tok/s: 25,957 | remaining: 14097s
step 47500 (34.7%) | loss: 8.5550 | gnorm: 3.4361 | dt: 161ms | tok/s: 25,473 | remaining: 14094s
step 47520 (34.8%) | loss: 9.1333 | gnorm: 2.1527 | dt: 154ms | tok/s: 26,541 | remaining: 14091s
step 47540 (34.8%) | loss: 9.9200 | gnorm: 4.6380 | dt: 155ms | tok/s: 26,437 | remaining: 14088s
step 47560 (34.8%) | loss: 9.8956 | gnorm: 2.0942 | dt: 156ms | tok/s: 26,184 | remaining: 14085s
step 47580 (34.8%) | loss: 10.5098 | gnorm: 3.8885 | dt: 153ms | tok/s: 26,769 | remaining: 14082s
step 47600 (34.8%) | loss: 9.0889 | gnorm: 1.9622 | dt: 155ms | tok/s: 26,431 | remaining: 14079s
step 47620 (34.8%) | loss: 9.9712 | gnorm: 4.1318 | dt: 157ms | tok/s: 26,019 | remaining: 14075s
step 47640 (34.8%) | loss: 8.7963 | gnorm: 2.5047 | dt: 153ms | tok/s: 26,786 | remaining: 14072s
step 47660 (34.9%) | loss: 10.0608 | gnorm: 4.1631 | dt: 155ms | tok/s: 26,344 | remaining: 14069s
step 47680 (34.9%) | loss: 9.5829 | gnorm: 2.2635 | dt: 156ms | tok/s: 26,292 | remaining: 14066s
step 47700 (34.9%) | loss: 10.2134 | gnorm: 4.7260 | dt: 155ms | tok/s: 26,350 | remaining: 14063s
step 47720 (34.9%) | loss: 9.9958 | gnorm: 2.1344 | dt: 154ms | tok/s: 26,537 | remaining: 14060s
step 47740 (34.9%) | loss: 10.8260 | gnorm: 3.9629 | dt: 154ms | tok/s: 26,557 | remaining: 14057s
step 47760 (34.9%) | loss: 9.9177 | gnorm: 2.7978 | dt: 156ms | tok/s: 26,183 | remaining: 14054s
step 47780 (35.0%) | loss: 9.2437 | gnorm: 3.5062 | dt: 153ms | tok/s: 26,714 | remaining: 14051s
step 47800 (35.0%) | loss: 9.0398 | gnorm: 2.4543 | dt: 155ms | tok/s: 26,497 | remaining: 14047s
step 47820 (35.0%) | loss: 9.8387 | gnorm: 3.9704 | dt: 156ms | tok/s: 26,262 | remaining: 14044s
step 47840 (35.0%) | loss: 9.5323 | gnorm: 2.0177 | dt: 155ms | tok/s: 26,362 | remaining: 14041s
step 47860 (35.0%) | loss: 10.9814 | gnorm: 4.3767 | dt: 153ms | tok/s: 26,833 | remaining: 14038s
step 47880 (35.0%) | loss: 12.9016 | gnorm: 2.3031 | dt: 155ms | tok/s: 26,496 | remaining: 14035s
step 47900 (35.0%) | loss: 11.6024 | gnorm: 3.7958 | dt: 156ms | tok/s: 26,203 | remaining: 14032s
step 47920 (35.1%) | loss: 10.4966 | gnorm: 2.1509 | dt: 153ms | tok/s: 26,737 | remaining: 14029s
step 47940 (35.1%) | loss: 10.4212 | gnorm: 4.4846 | dt: 155ms | tok/s: 26,357 | remaining: 14026s
step 47960 (35.1%) | loss: 10.2888 | gnorm: 2.0346 | dt: 156ms | tok/s: 26,208 | remaining: 14023s
step 47980 (35.1%) | loss: 12.2782 | gnorm: 4.3478 | dt: 155ms | tok/s: 26,384 | remaining: 14020s
step 48000 (35.1%) | loss: 10.2812 | gnorm: 2.6385 | dt: 155ms | tok/s: 26,486 | remaining: 14016s
step 48020 (35.1%) | loss: 10.5688 | gnorm: 4.6441 | dt: 155ms | tok/s: 26,422 | remaining: 14013s
step 48040 (35.1%) | loss: 10.4957 | gnorm: 2.3554 | dt: 156ms | tok/s: 26,217 | remaining: 14010s
step 48060 (35.2%) | loss: 11.1294 | gnorm: 6.0624 | dt: 152ms | tok/s: 26,973 | remaining: 14007s
step 48080 (35.2%) | loss: 10.2986 | gnorm: 2.0815 | dt: 155ms | tok/s: 26,506 | remaining: 14004s
step 48100 (35.2%) | loss: 10.0791 | gnorm: 4.1700 | dt: 156ms | tok/s: 26,282 | remaining: 14001s
step 48120 (35.2%) | loss: 10.2016 | gnorm: 2.6224 | dt: 155ms | tok/s: 26,496 | remaining: 13998s
step 48140 (35.2%) | loss: 10.3135 | gnorm: 4.5173 | dt: 154ms | tok/s: 26,592 | remaining: 13995s
step 48160 (35.2%) | loss: 10.1274 | gnorm: 2.2816 | dt: 155ms | tok/s: 26,347 | remaining: 13992s
step 48180 (35.2%) | loss: 10.3713 | gnorm: 4.4951 | dt: 157ms | tok/s: 26,144 | remaining: 13989s
step 48200 (35.3%) | loss: 10.3632 | gnorm: 2.1771 | dt: 153ms | tok/s: 26,793 | remaining: 13985s
step 48220 (35.3%) | loss: 10.8262 | gnorm: 4.1191 | dt: 154ms | tok/s: 26,620 | remaining: 13982s
step 48240 (35.3%) | loss: 10.3983 | gnorm: 2.5745 | dt: 157ms | tok/s: 26,166 | remaining: 13979s
step 48260 (35.3%) | loss: 11.0812 | gnorm: 4.3093 | dt: 153ms | tok/s: 26,753 | remaining: 13976s
step 48280 (35.3%) | loss: 11.1662 | gnorm: 2.2385 | dt: 153ms | tok/s: 26,751 | remaining: 13973s
step 48300 (35.3%) | loss: 10.5676 | gnorm: 4.2019 | dt: 156ms | tok/s: 26,278 | remaining: 13970s
step 48320 (35.3%) | loss: 10.7232 | gnorm: 2.5451 | dt: 155ms | tok/s: 26,401 | remaining: 13967s
step 48340 (35.4%) | loss: 10.8594 | gnorm: 4.2332 | dt: 153ms | tok/s: 26,791 | remaining: 13964s
step 48360 (35.4%) | loss: 10.4517 | gnorm: 2.2358 | dt: 154ms | tok/s: 26,518 | remaining: 13961s
step 48380 (35.4%) | loss: 10.6359 | gnorm: 4.8396 | dt: 155ms | tok/s: 26,481 | remaining: 13958s
step 48400 (35.4%) | loss: 11.0096 | gnorm: 2.6219 | dt: 154ms | tok/s: 26,653 | remaining: 13955s
step 48420 (35.4%) | loss: 9.9822 | gnorm: 3.5595 | dt: 154ms | tok/s: 26,516 | remaining: 13951s
step 48440 (35.4%) | loss: 10.2246 | gnorm: 2.1189 | dt: 158ms | tok/s: 25,984 | remaining: 13948s
step 48460 (35.4%) | loss: 11.2531 | gnorm: 4.8346 | dt: 155ms | tok/s: 26,454 | remaining: 13945s
step 48480 (35.5%) | loss: 10.7077 | gnorm: 2.4240 | dt: 155ms | tok/s: 26,444 | remaining: 13942s
step 48500 (35.5%) | loss: 11.1661 | gnorm: 4.4665 | dt: 155ms | tok/s: 26,359 | remaining: 13939s
step 48520 (35.5%) | loss: 11.0340 | gnorm: 2.9406 | dt: 153ms | tok/s: 26,773 | remaining: 13936s
step 48540 (35.5%) | loss: 12.6518 | gnorm: 4.1762 | dt: 153ms | tok/s: 26,693 | remaining: 13933s
step 48560 (35.5%) | loss: 10.7485 | gnorm: 2.0231 | dt: 156ms | tok/s: 26,222 | remaining: 13930s
step 48580 (35.5%) | loss: 11.4778 | gnorm: 5.2157 | dt: 155ms | tok/s: 26,349 | remaining: 13927s
step 48600 (35.5%) | loss: 10.8761 | gnorm: 2.3512 | dt: 154ms | tok/s: 26,565 | remaining: 13924s
step 48620 (35.6%) | loss: 11.0483 | gnorm: 4.0663 | dt: 155ms | tok/s: 26,395 | remaining: 13920s
step 48640 (35.6%) | loss: 10.8900 | gnorm: 2.0026 | dt: 158ms | tok/s: 25,946 | remaining: 13917s
step 48660 (35.6%) | loss: 10.6133 | gnorm: 4.5743 | dt: 156ms | tok/s: 26,303 | remaining: 13914s
step 48680 (35.6%) | loss: 10.6942 | gnorm: 2.0077 | dt: 155ms | tok/s: 26,491 | remaining: 13911s
step 48700 (35.6%) | loss: 11.0094 | gnorm: 4.7110 | dt: 157ms | tok/s: 26,110 | remaining: 13908s
step 48720 (35.6%) | loss: 10.6238 | gnorm: 2.2080 | dt: 153ms | tok/s: 26,717 | remaining: 13905s
step 48740 (35.6%) | loss: 10.8413 | gnorm: 4.2435 | dt: 153ms | tok/s: 26,785 | remaining: 13902s
step 48760 (35.7%) | loss: 10.3386 | gnorm: 2.2863 | dt: 157ms | tok/s: 26,067 | remaining: 13899s
step 48780 (35.7%) | loss: 10.7880 | gnorm: 4.8833 | dt: 156ms | tok/s: 26,315 | remaining: 13896s
step 48800 (35.7%) | loss: 10.7231 | gnorm: 2.3544 | dt: 155ms | tok/s: 26,477 | remaining: 13893s
step 48820 (35.7%) | loss: 11.1246 | gnorm: 4.3802 | dt: 155ms | tok/s: 26,467 | remaining: 13889s
step 48840 (35.7%) | loss: 10.3866 | gnorm: 2.1338 | dt: 155ms | tok/s: 26,358 | remaining: 13886s
step 48860 (35.7%) | loss: 11.0385 | gnorm: 5.1142 | dt: 153ms | tok/s: 26,719 | remaining: 13883s
step 48880 (35.7%) | loss: 10.8628 | gnorm: 2.3419 | dt: 154ms | tok/s: 26,569 | remaining: 13880s
step 48900 (35.8%) | loss: 11.5515 | gnorm: 4.9490 | dt: 157ms | tok/s: 26,029 | remaining: 13877s
step 48920 (35.8%) | loss: 10.5433 | gnorm: 2.0420 | dt: 158ms | tok/s: 26,001 | remaining: 13874s
step 48940 (35.8%) | loss: 10.8546 | gnorm: 5.5565 | dt: 155ms | tok/s: 26,346 | remaining: 13871s
step 48960 (35.8%) | loss: 10.6621 | gnorm: 2.1572 | dt: 155ms | tok/s: 26,389 | remaining: 13868s
step 48980 (35.8%) | loss: 10.9476 | gnorm: 4.3547 | dt: 157ms | tok/s: 26,026 | remaining: 13865s
step 49000 (35.8%) | loss: 10.5452 | gnorm: 2.2003 | dt: 153ms | tok/s: 26,759 | remaining: 13861s
step 49020 (35.8%) | loss: 11.2405 | gnorm: 4.1866 | dt: 154ms | tok/s: 26,642 | remaining: 13858s
step 49040 (35.9%) | loss: 10.7214 | gnorm: 2.6518 | dt: 156ms | tok/s: 26,291 | remaining: 13855s
step 49060 (35.9%) | loss: 11.3608 | gnorm: 4.6481 | dt: 157ms | tok/s: 26,114 | remaining: 13852s
step 49080 (35.9%) | loss: 10.3725 | gnorm: 2.5814 | dt: 155ms | tok/s: 26,487 | remaining: 13849s
step 49100 (35.9%) | loss: 13.9760 | gnorm: 5.8286 | dt: 157ms | tok/s: 26,114 | remaining: 13846s
step 49120 (35.9%) | loss: 11.3253 | gnorm: 2.1751 | dt: 157ms | tok/s: 26,092 | remaining: 13843s
step 49140 (35.9%) | loss: 10.6301 | gnorm: 4.6234 | dt: 154ms | tok/s: 26,587 | remaining: 13840s
step 49160 (35.9%) | loss: 11.0042 | gnorm: 2.1256 | dt: 154ms | tok/s: 26,679 | remaining: 13837s
step 49180 (36.0%) | loss: 11.0139 | gnorm: 3.9348 | dt: 155ms | tok/s: 26,368 | remaining: 13833s
step 49200 (36.0%) | loss: 10.3005 | gnorm: 2.2838 | dt: 159ms | tok/s: 25,811 | remaining: 13830s
step 49220 (36.0%) | loss: 11.3224 | gnorm: 4.8429 | dt: 154ms | tok/s: 26,525 | remaining: 13827s
step 49240 (36.0%) | loss: 11.1407 | gnorm: 2.3625 | dt: 155ms | tok/s: 26,446 | remaining: 13824s
step 49260 (36.0%) | loss: 11.0814 | gnorm: 4.9332 | dt: 158ms | tok/s: 25,994 | remaining: 13821s
step 49280 (36.0%) | loss: 10.4286 | gnorm: 2.7457 | dt: 157ms | tok/s: 26,065 | remaining: 13818s
step 49300 (36.0%) | loss: 11.3429 | gnorm: 6.3309 | dt: 155ms | tok/s: 26,429 | remaining: 13815s
step 49320 (36.1%) | loss: 10.1412 | gnorm: 1.9726 | dt: 162ms | tok/s: 25,322 | remaining: 13812s
step 49340 (36.1%) | loss: 10.7868 | gnorm: 4.1901 | dt: 156ms | tok/s: 26,265 | remaining: 13808s
step 49360 (36.1%) | loss: 10.0227 | gnorm: 2.0940 | dt: 158ms | tok/s: 25,878 | remaining: 13805s
step 49380 (36.1%) | loss: 10.5126 | gnorm: 3.5858 | dt: 156ms | tok/s: 26,274 | remaining: 13802s
step 49400 (36.1%) | loss: 10.5861 | gnorm: 2.2668 | dt: 156ms | tok/s: 26,313 | remaining: 13799s
step 49420 (36.1%) | loss: 10.6357 | gnorm: 3.6686 | dt: 156ms | tok/s: 26,308 | remaining: 13796s
step 49440 (36.1%) | loss: 10.2134 | gnorm: 2.1132 | dt: 158ms | tok/s: 25,870 | remaining: 13793s
step 49460 (36.2%) | loss: 9.5456 | gnorm: 4.7654 | dt: 155ms | tok/s: 26,471 | remaining: 13790s
step 49480 (36.2%) | loss: 10.5952 | gnorm: 2.0467 | dt: 155ms | tok/s: 26,344 | remaining: 13787s
step 49500 (36.2%) | loss: 11.6672 | gnorm: 4.2102 | dt: 157ms | tok/s: 26,056 | remaining: 13783s
step 49520 (36.2%) | loss: 10.3707 | gnorm: 2.2189 | dt: 156ms | tok/s: 26,189 | remaining: 13780s
step 49540 (36.2%) | loss: 12.2799 | gnorm: 4.8798 | dt: 156ms | tok/s: 26,312 | remaining: 13777s
step 49560 (36.2%) | loss: 10.7835 | gnorm: 2.2948 | dt: 156ms | tok/s: 26,267 | remaining: 13774s
step 49580 (36.2%) | loss: 11.4798 | gnorm: 4.0720 | dt: 158ms | tok/s: 25,869 | remaining: 13771s
step 49600 (36.3%) | loss: 10.0995 | gnorm: 1.9280 | dt: 154ms | tok/s: 26,583 | remaining: 13768s
step 49620 (36.3%) | loss: 10.8054 | gnorm: 4.4068 | dt: 156ms | tok/s: 26,240 | remaining: 13765s
step 49640 (36.3%) | loss: 10.8947 | gnorm: 2.4290 | dt: 158ms | tok/s: 25,940 | remaining: 13762s
step 49660 (36.3%) | loss: 11.2718 | gnorm: 4.3448 | dt: 160ms | tok/s: 25,555 | remaining: 13759s
step 49680 (36.3%) | loss: 9.7034 | gnorm: 3.1419 | dt: 153ms | tok/s: 26,785 | remaining: 13755s
step 49700 (36.3%) | loss: 10.4704 | gnorm: 4.0063 | dt: 155ms | tok/s: 26,471 | remaining: 13752s
step 49720 (36.3%) | loss: 10.3382 | gnorm: 2.3023 | dt: 157ms | tok/s: 26,123 | remaining: 13749s
step 49740 (36.4%) | loss: 10.5294 | gnorm: 3.6638 | dt: 159ms | tok/s: 25,726 | remaining: 13746s
step 49760 (36.4%) | loss: 9.8347 | gnorm: 2.0839 | dt: 154ms | tok/s: 26,663 | remaining: 13743s
step 49780 (36.4%) | loss: 11.1009 | gnorm: 4.4413 | dt: 155ms | tok/s: 26,358 | remaining: 13740s
step 49800 (36.4%) | loss: 10.8088 | gnorm: 2.1328 | dt: 157ms | tok/s: 26,078 | remaining: 13737s
step 49820 (36.4%) | loss: 11.6440 | gnorm: 4.9050 | dt: 158ms | tok/s: 25,983 | remaining: 13734s
step 49840 (36.4%) | loss: 11.1641 | gnorm: 2.3417 | dt: 155ms | tok/s: 26,412 | remaining: 13730s
step 49860 (36.4%) | loss: 10.8959 | gnorm: 4.2092 | dt: 155ms | tok/s: 26,473 | remaining: 13727s
step 49880 (36.5%) | loss: 9.9640 | gnorm: 2.5874 | dt: 155ms | tok/s: 26,504 | remaining: 13724s
step 49900 (36.5%) | loss: 10.6615 | gnorm: 4.2359 | dt: 151ms | tok/s: 27,043 | remaining: 13721s
step 49920 (36.5%) | loss: 10.0135 | gnorm: 2.2517 | dt: 155ms | tok/s: 26,367 | remaining: 13718s
step 49940 (36.5%) | loss: 10.8518 | gnorm: 4.1515 | dt: 157ms | tok/s: 26,050 | remaining: 13715s
step 49960 (36.5%) | loss: 9.3928 | gnorm: 2.4248 | dt: 157ms | tok/s: 26,123 | remaining: 13712s
step 49980 (36.5%) | loss: 10.4161 | gnorm: 4.5389 | dt: 156ms | tok/s: 26,301 | remaining: 13709s
step 50000 (36.5%) | loss: 9.8881 | gnorm: 2.3691 | dt: 155ms | tok/s: 26,359 | remaining: 13705s
step 50020 (36.6%) | loss: 10.8137 | gnorm: 2.9354 | dt: 157ms | tok/s: 26,060 | remaining: 13702s
step 50040 (36.6%) | loss: 10.2567 | gnorm: 1.9154 | dt: 156ms | tok/s: 26,189 | remaining: 13699s
step 50060 (36.6%) | loss: 10.4234 | gnorm: 4.9826 | dt: 155ms | tok/s: 26,426 | remaining: 13696s
step 50080 (36.6%) | loss: 10.3364 | gnorm: 2.2206 | dt: 156ms | tok/s: 26,267 | remaining: 13693s
step 50100 (36.6%) | loss: 11.1112 | gnorm: 4.3662 | dt: 157ms | tok/s: 26,117 | remaining: 13690s
step 50120 (36.6%) | loss: 9.9456 | gnorm: 2.3678 | dt: 154ms | tok/s: 26,556 | remaining: 13687s
step 50140 (36.6%) | loss: 9.9612 | gnorm: 4.7198 | dt: 155ms | tok/s: 26,433 | remaining: 13684s
step 50160 (36.7%) | loss: 9.9040 | gnorm: 1.8838 | dt: 156ms | tok/s: 26,174 | remaining: 13681s
step 50180 (36.7%) | loss: 10.5663 | gnorm: 3.9642 | dt: 158ms | tok/s: 25,881 | remaining: 13677s
step 50200 (36.7%) | loss: 10.1387 | gnorm: 2.0432 | dt: 155ms | tok/s: 26,452 | remaining: 13674s
step 50220 (36.7%) | loss: 10.6907 | gnorm: 3.9147 | dt: 155ms | tok/s: 26,500 | remaining: 13671s
step 50240 (36.7%) | loss: 10.1715 | gnorm: 2.5197 | dt: 157ms | tok/s: 26,056 | remaining: 13668s
step 50260 (36.7%) | loss: 10.8039 | gnorm: 4.8802 | dt: 154ms | tok/s: 26,595 | remaining: 13665s
step 50280 (36.7%) | loss: 10.0017 | gnorm: 2.3823 | dt: 154ms | tok/s: 26,624 | remaining: 13662s
step 50300 (36.8%) | loss: 10.8181 | gnorm: 4.8217 | dt: 156ms | tok/s: 26,298 | remaining: 13659s
step 50320 (36.8%) | loss: 10.6795 | gnorm: 2.0915 | dt: 159ms | tok/s: 25,711 | remaining: 13656s
step 50340 (36.8%) | loss: 10.5574 | gnorm: 3.4718 | dt: 151ms | tok/s: 27,101 | remaining: 13653s
step 50360 (36.8%) | loss: 10.1518 | gnorm: 2.1564 | dt: 155ms | tok/s: 26,409 | remaining: 13649s
step 50380 (36.8%) | loss: 10.5482 | gnorm: 4.2412 | dt: 157ms | tok/s: 26,063 | remaining: 13646s
step 50400 (36.8%) | loss: 9.5788 | gnorm: 2.3030 | dt: 158ms | tok/s: 25,909 | remaining: 13643s
step 50420 (36.9%) | loss: 10.9556 | gnorm: 4.9109 | dt: 154ms | tok/s: 26,525 | remaining: 13640s
step 50440 (36.9%) | loss: 10.3479 | gnorm: 2.1936 | dt: 155ms | tok/s: 26,462 | remaining: 13637s
step 50460 (36.9%) | loss: 10.9419 | gnorm: 3.7982 | dt: 156ms | tok/s: 26,230 | remaining: 13634s
step 50480 (36.9%) | loss: 12.1769 | gnorm: 2.2698 | dt: 153ms | tok/s: 26,714 | remaining: 13631s
step 50500 (36.9%) | loss: 10.5088 | gnorm: 4.0874 | dt: 155ms | tok/s: 26,367 | remaining: 13628s
step 50520 (36.9%) | loss: 9.5976 | gnorm: 2.2706 | dt: 155ms | tok/s: 26,373 | remaining: 13625s
step 50540 (36.9%) | loss: 10.2173 | gnorm: 4.0033 | dt: 158ms | tok/s: 26,006 | remaining: 13621s
step 50560 (37.0%) | loss: 10.0410 | gnorm: 2.2774 | dt: 157ms | tok/s: 26,171 | remaining: 13618s
step 50580 (37.0%) | loss: 10.8605 | gnorm: 3.9628 | dt: 156ms | tok/s: 26,225 | remaining: 13615s
step 50600 (37.0%) | loss: 9.7988 | gnorm: 2.2875 | dt: 157ms | tok/s: 26,168 | remaining: 13612s
step 50620 (37.0%) | loss: 10.6000 | gnorm: 4.3388 | dt: 154ms | tok/s: 26,640 | remaining: 13609s
step 50640 (37.0%) | loss: 10.0024 | gnorm: 2.6116 | dt: 155ms | tok/s: 26,483 | remaining: 13606s
step 50660 (37.0%) | loss: 12.0958 | gnorm: 3.7540 | dt: 156ms | tok/s: 26,257 | remaining: 13603s
step 50680 (37.0%) | loss: 10.9081 | gnorm: 2.2051 | dt: 158ms | tok/s: 25,951 | remaining: 13600s
step 50700 (37.1%) | loss: 10.3930 | gnorm: 5.0752 | dt: 155ms | tok/s: 26,386 | remaining: 13596s
step 50720 (37.1%) | loss: 10.2264 | gnorm: 2.1793 | dt: 154ms | tok/s: 26,523 | remaining: 13593s
step 50740 (37.1%) | loss: 10.3428 | gnorm: 4.1724 | dt: 156ms | tok/s: 26,212 | remaining: 13590s
step 50760 (37.1%) | loss: 9.6213 | gnorm: 2.5480 | dt: 153ms | tok/s: 26,778 | remaining: 13587s
step 50780 (37.1%) | loss: 9.1085 | gnorm: 4.7162 | dt: 155ms | tok/s: 26,400 | remaining: 13584s
step 50800 (37.1%) | loss: 10.3018 | gnorm: 1.9985 | dt: 157ms | tok/s: 26,051 | remaining: 13581s
step 50820 (37.1%) | loss: 9.3558 | gnorm: 4.0539 | dt: 156ms | tok/s: 26,256 | remaining: 13578s
step 50840 (37.2%) | loss: 10.2498 | gnorm: 2.3219 | dt: 153ms | tok/s: 26,706 | remaining: 13575s
step 50860 (37.2%) | loss: 9.8105 | gnorm: 3.7638 | dt: 155ms | tok/s: 26,356 | remaining: 13572s
step 50880 (37.2%) | loss: 9.8125 | gnorm: 2.3017 | dt: 158ms | tok/s: 25,882 | remaining: 13568s
step 50900 (37.2%) | loss: 9.9779 | gnorm: 3.7532 | dt: 154ms | tok/s: 26,635 | remaining: 13565s
step 50920 (37.2%) | loss: 9.0587 | gnorm: 2.7114 | dt: 154ms | tok/s: 26,580 | remaining: 13562s
step 50940 (37.2%) | loss: 9.5437 | gnorm: 5.2040 | dt: 157ms | tok/s: 26,117 | remaining: 13559s
step 50960 (37.2%) | loss: 8.4684 | gnorm: 2.2426 | dt: 157ms | tok/s: 26,171 | remaining: 13556s
step 50980 (37.3%) | loss: 9.9552 | gnorm: 3.9538 | dt: 154ms | tok/s: 26,562 | remaining: 13553s
step 51000 (37.3%) | loss: 10.1255 | gnorm: 2.1623 | dt: 157ms | tok/s: 26,114 | remaining: 13550s
step 51020 (37.3%) | loss: 11.0243 | gnorm: 4.3968 | dt: 155ms | tok/s: 26,385 | remaining: 13547s
step 51040 (37.3%) | loss: 9.8898 | gnorm: 2.3055 | dt: 158ms | tok/s: 25,896 | remaining: 13544s
step 51060 (37.3%) | loss: 10.3751 | gnorm: 3.7889 | dt: 153ms | tok/s: 26,698 | remaining: 13540s
step 51080 (37.3%) | loss: 9.2716 | gnorm: 2.1840 | dt: 155ms | tok/s: 26,423 | remaining: 13537s
step 51100 (37.3%) | loss: 8.9397 | gnorm: 4.1993 | dt: 157ms | tok/s: 26,049 | remaining: 13534s
step 51120 (37.4%) | loss: 9.5922 | gnorm: 2.4135 | dt: 154ms | tok/s: 26,642 | remaining: 13531s
step 51140 (37.4%) | loss: 9.2948 | gnorm: 3.6266 | dt: 155ms | tok/s: 26,453 | remaining: 13528s
step 51160 (37.4%) | loss: 8.9988 | gnorm: 2.2151 | dt: 156ms | tok/s: 26,173 | remaining: 13525s
step 51180 (37.4%) | loss: 9.7097 | gnorm: 3.8510 | dt: 157ms | tok/s: 26,009 | remaining: 13522s
step 51200 (37.4%) | loss: 9.4131 | gnorm: 2.0509 | dt: 155ms | tok/s: 26,500 | remaining: 13519s
step 51220 (37.4%) | loss: 9.8798 | gnorm: 4.4050 | dt: 153ms | tok/s: 26,814 | remaining: 13516s
step 51240 (37.4%) | loss: 9.0175 | gnorm: 2.1624 | dt: 157ms | tok/s: 26,144 | remaining: 13512s
step 51260 (37.5%) | loss: 8.7244 | gnorm: 4.6164 | dt: 154ms | tok/s: 26,615 | remaining: 13509s
step 51280 (37.5%) | loss: 9.5368 | gnorm: 2.3947 | dt: 150ms | tok/s: 27,313 | remaining: 13506s
step 51300 (37.5%) | loss: 10.0289 | gnorm: 4.9269 | dt: 155ms | tok/s: 26,379 | remaining: 13503s
step 51320 (37.5%) | loss: 9.6169 | gnorm: 2.4978 | dt: 157ms | tok/s: 26,075 | remaining: 13500s
step 51340 (37.5%) | loss: 10.3853 | gnorm: 3.9349 | dt: 154ms | tok/s: 26,658 | remaining: 13497s
step 51360 (37.5%) | loss: 9.8206 | gnorm: 2.0929 | dt: 153ms | tok/s: 26,739 | remaining: 13494s
step 51380 (37.5%) | loss: 10.9303 | gnorm: 4.5656 | dt: 157ms | tok/s: 26,145 | remaining: 13491s
step 51400 (37.6%) | loss: 10.8013 | gnorm: 2.5688 | dt: 157ms | tok/s: 26,154 | remaining: 13488s
step 51420 (37.6%) | loss: 11.0698 | gnorm: 3.9474 | dt: 154ms | tok/s: 26,526 | remaining: 13484s
step 51440 (37.6%) | loss: 10.9937 | gnorm: 2.3981 | dt: 155ms | tok/s: 26,455 | remaining: 13481s
step 51460 (37.6%) | loss: 11.0801 | gnorm: 4.4844 | dt: 156ms | tok/s: 26,289 | remaining: 13478s
step 51480 (37.6%) | loss: 10.6674 | gnorm: 2.6395 | dt: 154ms | tok/s: 26,513 | remaining: 13475s
step 51500 (37.6%) | loss: 9.6377 | gnorm: 4.7388 | dt: 154ms | tok/s: 26,633 | remaining: 13472s
step 51520 (37.6%) | loss: 10.4557 | gnorm: 1.8567 | dt: 155ms | tok/s: 26,403 | remaining: 13469s
step 51540 (37.7%) | loss: 10.9011 | gnorm: 4.8556 | dt: 158ms | tok/s: 26,002 | remaining: 13466s
step 51560 (37.7%) | loss: 10.5707 | gnorm: 2.4045 | dt: 155ms | tok/s: 26,376 | remaining: 13463s
step 51580 (37.7%) | loss: 10.6672 | gnorm: 4.5929 | dt: 157ms | tok/s: 26,091 | remaining: 13460s
step 51600 (37.7%) | loss: 10.6246 | gnorm: 2.1976 | dt: 157ms | tok/s: 26,023 | remaining: 13456s
step 51620 (37.7%) | loss: 11.1017 | gnorm: 4.3047 | dt: 155ms | tok/s: 26,481 | remaining: 13453s
step 51640 (37.7%) | loss: 10.6531 | gnorm: 2.1698 | dt: 152ms | tok/s: 26,949 | remaining: 13450s
step 51660 (37.7%) | loss: 10.2608 | gnorm: 3.8333 | dt: 156ms | tok/s: 26,191 | remaining: 13447s
step 51680 (37.8%) | loss: 10.1451 | gnorm: 2.2054 | dt: 156ms | tok/s: 26,268 | remaining: 13444s
step 51700 (37.8%) | loss: 10.8749 | gnorm: 4.6276 | dt: 154ms | tok/s: 26,608 | remaining: 13441s
step 51720 (37.8%) | loss: 10.5882 | gnorm: 2.1608 | dt: 155ms | tok/s: 26,474 | remaining: 13438s
step 51740 (37.8%) | loss: 11.9380 | gnorm: 4.8934 | dt: 156ms | tok/s: 26,296 | remaining: 13435s
step 51760 (37.8%) | loss: 10.4289 | gnorm: 2.6484 | dt: 153ms | tok/s: 26,732 | remaining: 13432s
step 51780 (37.8%) | loss: 10.4384 | gnorm: 4.1186 | dt: 155ms | tok/s: 26,408 | remaining: 13428s
step 51800 (37.8%) | loss: 10.0975 | gnorm: 2.3467 | dt: 157ms | tok/s: 26,172 | remaining: 13425s
step 51820 (37.9%) | loss: 11.4380 | gnorm: 5.3841 | dt: 158ms | tok/s: 25,933 | remaining: 13422s
step 51840 (37.9%) | loss: 10.6032 | gnorm: 2.4437 | dt: 155ms | tok/s: 26,387 | remaining: 13419s
step 51860 (37.9%) | loss: 10.4630 | gnorm: 4.5819 | dt: 155ms | tok/s: 26,421 | remaining: 13416s
step 51880 (37.9%) | loss: 10.4390 | gnorm: 2.2227 | dt: 156ms | tok/s: 26,186 | remaining: 13413s
step 51900 (37.9%) | loss: 11.1221 | gnorm: 5.7097 | dt: 152ms | tok/s: 26,870 | remaining: 13410s
step 51920 (37.9%) | loss: 10.9416 | gnorm: 2.1343 | dt: 155ms | tok/s: 26,507 | remaining: 13407s
step 51940 (37.9%) | loss: 10.4132 | gnorm: 4.4465 | dt: 156ms | tok/s: 26,186 | remaining: 13404s
step 51960 (38.0%) | loss: 10.1746 | gnorm: 2.1979 | dt: 158ms | tok/s: 25,913 | remaining: 13400s
step 51980 (38.0%) | loss: 11.5093 | gnorm: 4.1272 | dt: 156ms | tok/s: 26,264 | remaining: 13397s
step 52000 (38.0%) | loss: 10.3809 | gnorm: 2.2241 | dt: 156ms | tok/s: 26,286 | remaining: 13394s
step 52020 (38.0%) | loss: 10.8949 | gnorm: 4.7788 | dt: 157ms | tok/s: 26,090 | remaining: 13391s
step 52040 (38.0%) | loss: 9.7178 | gnorm: 2.4531 | dt: 154ms | tok/s: 26,656 | remaining: 13388s
step 52060 (38.0%) | loss: 10.5171 | gnorm: 4.3286 | dt: 155ms | tok/s: 26,490 | remaining: 13385s
step 52080 (38.0%) | loss: 9.9690 | gnorm: 2.3507 | dt: 156ms | tok/s: 26,229 | remaining: 13382s
step 52100 (38.1%) | loss: 10.4222 | gnorm: 4.9994 | dt: 158ms | tok/s: 25,891 | remaining: 13379s
step 52120 (38.1%) | loss: 10.2083 | gnorm: 2.0094 | dt: 155ms | tok/s: 26,373 | remaining: 13376s
step 52140 (38.1%) | loss: 10.2705 | gnorm: 4.1046 | dt: 156ms | tok/s: 26,309 | remaining: 13372s
step 52160 (38.1%) | loss: 10.4578 | gnorm: 2.4428 | dt: 157ms | tok/s: 26,107 | remaining: 13369s
step 52180 (38.1%) | loss: 10.8795 | gnorm: 3.8489 | dt: 153ms | tok/s: 26,777 | remaining: 13366s
step 52200 (38.1%) | loss: 11.0055 | gnorm: 2.0978 | dt: 154ms | tok/s: 26,514 | remaining: 13363s
step 52220 (38.1%) | loss: 10.7708 | gnorm: 4.1987 | dt: 153ms | tok/s: 26,708 | remaining: 13360s
step 52240 (38.2%) | loss: 10.4156 | gnorm: 2.3276 | dt: 157ms | tok/s: 26,146 | remaining: 13357s
step 52260 (38.2%) | loss: 11.2571 | gnorm: 5.3082 | dt: 155ms | tok/s: 26,456 | remaining: 13354s
step 52280 (38.2%) | loss: 12.0747 | gnorm: 2.4527 | dt: 156ms | tok/s: 26,315 | remaining: 13351s
step 52300 (38.2%) | loss: 10.9849 | gnorm: 4.4614 | dt: 156ms | tok/s: 26,189 | remaining: 13348s
step 52320 (38.2%) | loss: 10.2790 | gnorm: 2.1403 | dt: 154ms | tok/s: 26,662 | remaining: 13344s
step 52340 (38.2%) | loss: 11.3151 | gnorm: 4.6428 | dt: 155ms | tok/s: 26,505 | remaining: 13341s
step 52360 (38.2%) | loss: 10.7465 | gnorm: 2.0608 | dt: 156ms | tok/s: 26,255 | remaining: 13338s
step 52380 (38.3%) | loss: 11.2737 | gnorm: 4.0546 | dt: 158ms | tok/s: 25,987 | remaining: 13335s
step 52400 (38.3%) | loss: 10.1018 | gnorm: 2.1364 | dt: 153ms | tok/s: 26,699 | remaining: 13332s
step 52420 (38.3%) | loss: 10.4862 | gnorm: 4.3321 | dt: 154ms | tok/s: 26,592 | remaining: 13329s
step 52440 (38.3%) | loss: 10.0539 | gnorm: 2.2620 | dt: 157ms | tok/s: 26,085 | remaining: 13326s
step 52460 (38.3%) | loss: 10.7979 | gnorm: 5.4986 | dt: 154ms | tok/s: 26,570 | remaining: 13323s
step 52480 (38.3%) | loss: 10.3483 | gnorm: 2.0546 | dt: 155ms | tok/s: 26,464 | remaining: 13320s
step 52500 (38.3%) | loss: 10.1241 | gnorm: 4.4591 | dt: 159ms | tok/s: 25,712 | remaining: 13316s
step 52520 (38.4%) | loss: 10.1422 | gnorm: 2.2549 | dt: 155ms | tok/s: 26,358 | remaining: 13313s
step 52540 (38.4%) | loss: 10.7872 | gnorm: 4.3707 | dt: 157ms | tok/s: 26,134 | remaining: 13310s
step 52560 (38.4%) | loss: 10.5000 | gnorm: 2.3340 | dt: 155ms | tok/s: 26,425 | remaining: 13307s
step 52580 (38.4%) | loss: 11.2799 | gnorm: 4.8547 | dt: 156ms | tok/s: 26,277 | remaining: 13304s
step 52600 (38.4%) | loss: 10.5908 | gnorm: 2.9801 | dt: 153ms | tok/s: 26,696 | remaining: 13301s
step 52620 (38.4%) | loss: 11.0638 | gnorm: 4.4012 | dt: 154ms | tok/s: 26,661 | remaining: 13298s
step 52640 (38.4%) | loss: 9.9311 | gnorm: 2.0904 | dt: 156ms | tok/s: 26,183 | remaining: 13295s
step 52660 (38.5%) | loss: 10.3928 | gnorm: 4.7829 | dt: 157ms | tok/s: 26,104 | remaining: 13292s
step 52680 (38.5%) | loss: 10.3278 | gnorm: 1.9617 | dt: 154ms | tok/s: 26,600 | remaining: 13289s
step 52700 (38.5%) | loss: 10.3034 | gnorm: 5.4806 | dt: 155ms | tok/s: 26,478 | remaining: 13285s
step 52720 (38.5%) | loss: 11.1323 | gnorm: 2.1647 | dt: 156ms | tok/s: 26,205 | remaining: 13282s
step 52740 (38.5%) | loss: 11.1797 | gnorm: 3.1877 | dt: 154ms | tok/s: 26,636 | remaining: 13279s
step 52760 (38.5%) | loss: 10.5112 | gnorm: 2.1027 | dt: 154ms | tok/s: 26,522 | remaining: 13276s
step 52780 (38.6%) | loss: 11.2816 | gnorm: 4.2925 | dt: 156ms | tok/s: 26,236 | remaining: 13273s
step 52800 (38.6%) | loss: 10.4753 | gnorm: 2.1188 | dt: 156ms | tok/s: 26,315 | remaining: 13270s
step 52820 (38.6%) | loss: 10.2172 | gnorm: 3.7482 | dt: 154ms | tok/s: 26,587 | remaining: 13267s
step 52840 (38.6%) | loss: 10.1899 | gnorm: 2.3454 | dt: 155ms | tok/s: 26,455 | remaining: 13264s
step 52860 (38.6%) | loss: 10.1463 | gnorm: 4.9314 | dt: 156ms | tok/s: 26,271 | remaining: 13261s
step 52880 (38.6%) | loss: 10.0971 | gnorm: 1.8095 | dt: 154ms | tok/s: 26,649 | remaining: 13257s
step 52900 (38.6%) | loss: 11.4972 | gnorm: 4.5292 | dt: 155ms | tok/s: 26,435 | remaining: 13254s
step 52920 (38.7%) | loss: 10.2391 | gnorm: 2.2106 | dt: 156ms | tok/s: 26,228 | remaining: 13251s
step 52940 (38.7%) | loss: 10.6377 | gnorm: 3.7341 | dt: 157ms | tok/s: 26,154 | remaining: 13248s
step 52960 (38.7%) | loss: 11.4834 | gnorm: 2.5039 | dt: 156ms | tok/s: 26,243 | remaining: 13245s
step 52980 (38.7%) | loss: 10.4584 | gnorm: 4.1163 | dt: 155ms | tok/s: 26,460 | remaining: 13242s
step 53000 (38.7%) | loss: 11.1618 | gnorm: 2.3143 | dt: 155ms | tok/s: 26,351 | remaining: 13239s
step 53020 (38.7%) | loss: 11.2416 | gnorm: 4.4221 | dt: 153ms | tok/s: 26,829 | remaining: 13236s
step 53040 (38.7%) | loss: 10.0113 | gnorm: 1.9657 | dt: 155ms | tok/s: 26,486 | remaining: 13233s
step 53060 (38.8%) | loss: 11.3329 | gnorm: 4.2722 | dt: 156ms | tok/s: 26,266 | remaining: 13229s
step 53080 (38.8%) | loss: 10.2529 | gnorm: 2.4178 | dt: 158ms | tok/s: 25,950 | remaining: 13226s
step 53100 (38.8%) | loss: 11.5190 | gnorm: 5.0539 | dt: 154ms | tok/s: 26,664 | remaining: 13223s
step 53120 (38.8%) | loss: 11.2197 | gnorm: 2.2993 | dt: 155ms | tok/s: 26,479 | remaining: 13220s
step 53140 (38.8%) | loss: 10.2765 | gnorm: 4.2148 | dt: 158ms | tok/s: 25,984 | remaining: 13217s
step 53160 (38.8%) | loss: 10.4112 | gnorm: 2.2474 | dt: 157ms | tok/s: 26,041 | remaining: 13214s
step 53180 (38.8%) | loss: 10.6588 | gnorm: 4.6672 | dt: 155ms | tok/s: 26,455 | remaining: 13211s
step 53200 (38.9%) | loss: 10.3500 | gnorm: 2.0216 | dt: 157ms | tok/s: 26,152 | remaining: 13208s
step 53220 (38.9%) | loss: 9.7442 | gnorm: 3.7514 | dt: 156ms | tok/s: 26,208 | remaining: 13205s
step 53240 (38.9%) | loss: 10.1230 | gnorm: 2.2489 | dt: 153ms | tok/s: 26,823 | remaining: 13201s
step 53260 (38.9%) | loss: 10.2276 | gnorm: 3.9858 | dt: 154ms | tok/s: 26,522 | remaining: 13198s
step 53280 (38.9%) | loss: 10.1670 | gnorm: 2.6165 | dt: 157ms | tok/s: 26,032 | remaining: 13195s
step 53300 (38.9%) | loss: 10.5472 | gnorm: 4.7745 | dt: 157ms | tok/s: 26,115 | remaining: 13192s
step 53320 (38.9%) | loss: 10.4253 | gnorm: 2.2540 | dt: 155ms | tok/s: 26,366 | remaining: 13189s
step 53340 (39.0%) | loss: 10.2500 | gnorm: 4.4813 | dt: 156ms | tok/s: 26,216 | remaining: 13186s
step 53360 (39.0%) | loss: 9.7934 | gnorm: 2.1954 | dt: 157ms | tok/s: 26,111 | remaining: 13183s
step 53380 (39.0%) | loss: 10.6554 | gnorm: 5.2775 | dt: 152ms | tok/s: 26,911 | remaining: 13180s
step 53400 (39.0%) | loss: 9.4412 | gnorm: 2.5552 | dt: 155ms | tok/s: 26,413 | remaining: 13176s
step 53420 (39.0%) | loss: 10.4161 | gnorm: 4.5482 | dt: 156ms | tok/s: 26,199 | remaining: 13173s
step 53440 (39.0%) | loss: 9.8346 | gnorm: 2.3806 | dt: 158ms | tok/s: 25,948 | remaining: 13170s
step 53460 (39.0%) | loss: 10.4261 | gnorm: 4.2433 | dt: 155ms | tok/s: 26,449 | remaining: 13167s
step 53480 (39.1%) | loss: 9.9105 | gnorm: 2.0076 | dt: 157ms | tok/s: 26,150 | remaining: 13164s
step 53500 (39.1%) | loss: 10.4449 | gnorm: 3.9654 | dt: 156ms | tok/s: 26,229 | remaining: 13161s
step 53520 (39.1%) | loss: 10.2899 | gnorm: 2.0652 | dt: 158ms | tok/s: 25,966 | remaining: 13158s
step 53540 (39.1%) | loss: 11.2495 | gnorm: 4.1375 | dt: 158ms | tok/s: 25,880 | remaining: 13155s
step 53560 (39.1%) | loss: 10.3180 | gnorm: 2.2578 | dt: 156ms | tok/s: 26,281 | remaining: 13151s
step 53580 (39.1%) | loss: 10.9222 | gnorm: 4.5060 | dt: 157ms | tok/s: 26,138 | remaining: 13148s
step 53600 (39.1%) | loss: 9.8525 | gnorm: 2.0552 | dt: 158ms | tok/s: 25,930 | remaining: 13145s
step 53620 (39.2%) | loss: 10.1008 | gnorm: 3.9610 | dt: 159ms | tok/s: 25,692 | remaining: 13142s
step 53640 (39.2%) | loss: 9.5703 | gnorm: 2.2021 | dt: 154ms | tok/s: 26,645 | remaining: 13139s
step 53660 (39.2%) | loss: 10.6798 | gnorm: 4.7213 | dt: 154ms | tok/s: 26,592 | remaining: 13136s
step 53680 (39.2%) | loss: 9.8098 | gnorm: 2.1367 | dt: 157ms | tok/s: 26,101 | remaining: 13133s
step 53700 (39.2%) | loss: 9.9868 | gnorm: 4.5471 | dt: 159ms | tok/s: 25,724 | remaining: 13129s
step 53720 (39.2%) | loss: 9.8255 | gnorm: 2.2775 | dt: 156ms | tok/s: 26,256 | remaining: 13126s
step 53740 (39.2%) | loss: 10.5238 | gnorm: 4.2740 | dt: 156ms | tok/s: 26,260 | remaining: 13123s
step 53760 (39.3%) | loss: 9.7427 | gnorm: 2.2191 | dt: 158ms | tok/s: 25,874 | remaining: 13120s
step 53780 (39.3%) | loss: 10.9427 | gnorm: 4.8624 | dt: 158ms | tok/s: 25,999 | remaining: 13117s
step 53800 (39.3%) | loss: 9.9068 | gnorm: 2.3055 | dt: 155ms | tok/s: 26,487 | remaining: 13114s
step 53820 (39.3%) | loss: 9.5777 | gnorm: 4.4166 | dt: 155ms | tok/s: 26,423 | remaining: 13111s
step 53840 (39.3%) | loss: 9.7536 | gnorm: 2.1259 | dt: 155ms | tok/s: 26,383 | remaining: 13108s
step 53860 (39.3%) | loss: 10.9512 | gnorm: 4.4669 | dt: 157ms | tok/s: 26,036 | remaining: 13104s
step 53880 (39.3%) | loss: 10.4919 | gnorm: 2.1588 | dt: 159ms | tok/s: 25,774 | remaining: 13101s
step 53900 (39.4%) | loss: 10.3856 | gnorm: 3.3883 | dt: 155ms | tok/s: 26,451 | remaining: 13098s
step 53920 (39.4%) | loss: 9.5190 | gnorm: 1.9700 | dt: 156ms | tok/s: 26,252 | remaining: 13095s
step 53940 (39.4%) | loss: 10.2665 | gnorm: 4.8261 | dt: 157ms | tok/s: 26,127 | remaining: 13092s
step 53960 (39.4%) | loss: 10.1064 | gnorm: 2.1191 | dt: 156ms | tok/s: 26,253 | remaining: 13089s
step 53980 (39.4%) | loss: 10.5592 | gnorm: 4.3968 | dt: 154ms | tok/s: 26,580 | remaining: 13086s
step 54000 (39.4%) | loss: 10.3597 | gnorm: 2.2452 | dt: 154ms | tok/s: 26,519 | remaining: 13083s
step 54020 (39.4%) | loss: 10.9909 | gnorm: 4.0724 | dt: 156ms | tok/s: 26,333 | remaining: 13079s
step 54040 (39.5%) | loss: 10.4186 | gnorm: 2.2670 | dt: 154ms | tok/s: 26,549 | remaining: 13076s
step 54060 (39.5%) | loss: 10.9754 | gnorm: 4.6644 | dt: 155ms | tok/s: 26,509 | remaining: 13073s
step 54080 (39.5%) | loss: 10.4420 | gnorm: 2.6870 | dt: 156ms | tok/s: 26,253 | remaining: 13070s
step 54100 (39.5%) | loss: 10.3739 | gnorm: 4.3544 | dt: 157ms | tok/s: 26,145 | remaining: 13067s
step 54120 (39.5%) | loss: 10.1734 | gnorm: 2.4367 | dt: 153ms | tok/s: 26,686 | remaining: 13064s
step 54140 (39.5%) | loss: 10.4772 | gnorm: 4.3321 | dt: 155ms | tok/s: 26,408 | remaining: 13061s
step 54160 (39.5%) | loss: 9.8246 | gnorm: 2.0252 | dt: 158ms | tok/s: 25,904 | remaining: 13058s
step 54180 (39.6%) | loss: 10.7012 | gnorm: 3.9610 | dt: 160ms | tok/s: 25,582 | remaining: 13054s
step 54200 (39.6%) | loss: 10.1108 | gnorm: 1.9642 | dt: 154ms | tok/s: 26,529 | remaining: 13051s
step 54220 (39.6%) | loss: 10.0816 | gnorm: 3.8332 | dt: 156ms | tok/s: 26,244 | remaining: 13048s
step 54240 (39.6%) | loss: 9.9530 | gnorm: 2.3457 | dt: 157ms | tok/s: 26,040 | remaining: 13045s
step 54260 (39.6%) | loss: 10.2383 | gnorm: 3.9146 | dt: 156ms | tok/s: 26,173 | remaining: 13042s
step 54280 (39.6%) | loss: 10.1466 | gnorm: 1.9593 | dt: 156ms | tok/s: 26,234 | remaining: 13039s
step 54300 (39.6%) | loss: 12.2377 | gnorm: 6.8382 | dt: 156ms | tok/s: 26,238 | remaining: 13036s
step 54320 (39.7%) | loss: 10.0872 | gnorm: 2.3137 | dt: 157ms | tok/s: 26,067 | remaining: 13033s
step 54340 (39.7%) | loss: 10.6416 | gnorm: 4.5224 | dt: 154ms | tok/s: 26,627 | remaining: 13029s
step 54360 (39.7%) | loss: 10.1170 | gnorm: 2.4844 | dt: 156ms | tok/s: 26,323 | remaining: 13026s
step 54380 (39.7%) | loss: 10.0055 | gnorm: 4.1140 | dt: 155ms | tok/s: 26,353 | remaining: 13023s
step 54400 (39.7%) | loss: 9.6965 | gnorm: 2.0934 | dt: 158ms | tok/s: 25,958 | remaining: 13020s
step 54420 (39.7%) | loss: 10.3861 | gnorm: 3.9420 | dt: 153ms | tok/s: 26,729 | remaining: 13017s
step 54440 (39.8%) | loss: 9.1564 | gnorm: 1.9606 | dt: 155ms | tok/s: 26,438 | remaining: 13014s
step 54460 (39.8%) | loss: 9.3023 | gnorm: 4.4803 | dt: 157ms | tok/s: 26,089 | remaining: 13011s
step 54480 (39.8%) | loss: 9.0188 | gnorm: 1.9660 | dt: 158ms | tok/s: 25,979 | remaining: 13008s
step 54500 (39.8%) | loss: 9.4631 | gnorm: 3.4746 | dt: 155ms | tok/s: 26,509 | remaining: 13004s
step 54520 (39.8%) | loss: 9.1663 | gnorm: 2.1626 | dt: 155ms | tok/s: 26,360 | remaining: 13001s
step 54540 (39.8%) | loss: 10.5291 | gnorm: 4.6717 | dt: 156ms | tok/s: 26,225 | remaining: 12998s
step 54560 (39.8%) | loss: 8.9718 | gnorm: 2.5182 | dt: 158ms | tok/s: 25,945 | remaining: 12995s
step 54580 (39.9%) | loss: 9.1059 | gnorm: 3.5763 | dt: 153ms | tok/s: 26,702 | remaining: 12992s
step 54600 (39.9%) | loss: 9.3921 | gnorm: 1.8841 | dt: 155ms | tok/s: 26,355 | remaining: 12989s
step 54620 (39.9%) | loss: 9.6405 | gnorm: 3.7527 | dt: 159ms | tok/s: 25,706 | remaining: 12986s
step 54640 (39.9%) | loss: 8.6468 | gnorm: 2.2138 | dt: 160ms | tok/s: 25,608 | remaining: 12983s
step 54660 (39.9%) | loss: 9.8017 | gnorm: 4.2423 | dt: 154ms | tok/s: 26,525 | remaining: 12979s
step 54680 (39.9%) | loss: 9.0211 | gnorm: 2.2831 | dt: 155ms | tok/s: 26,350 | remaining: 12976s
step 54700 (39.9%) | loss: 10.1685 | gnorm: 4.3508 | dt: 157ms | tok/s: 26,030 | remaining: 12973s
step 54720 (40.0%) | loss: 8.8268 | gnorm: 2.2220 | dt: 158ms | tok/s: 25,939 | remaining: 12970s
step 54740 (40.0%) | loss: 9.3696 | gnorm: 3.4876 | dt: 156ms | tok/s: 26,284 | remaining: 12967s
step 54760 (40.0%) | loss: 9.3247 | gnorm: 2.2046 | dt: 155ms | tok/s: 26,373 | remaining: 12964s
step 54780 (40.0%) | loss: 9.9683 | gnorm: 4.1978 | dt: 158ms | tok/s: 25,991 | remaining: 12961s
step 54800 (40.0%) | loss: 9.2665 | gnorm: 2.3786 | dt: 155ms | tok/s: 26,388 | remaining: 12958s
step 54820 (40.0%) | loss: 9.9855 | gnorm: 3.8624 | dt: 155ms | tok/s: 26,466 | remaining: 12954s
step 54840 (40.0%) | loss: 8.9497 | gnorm: 2.4035 | dt: 156ms | tok/s: 26,173 | remaining: 12951s
step 54860 (40.1%) | loss: 8.7237 | gnorm: 4.3024 | dt: 158ms | tok/s: 25,995 | remaining: 12948s
step 54880 (40.1%) | loss: 9.1189 | gnorm: 2.1487 | dt: 155ms | tok/s: 26,444 | remaining: 12945s
step 54900 (40.1%) | loss: 9.6831 | gnorm: 4.2479 | dt: 156ms | tok/s: 26,222 | remaining: 12942s
step 54920 (40.1%) | loss: 9.4535 | gnorm: 2.2208 | dt: 158ms | tok/s: 25,983 | remaining: 12939s
step 54940 (40.1%) | loss: 9.2042 | gnorm: 4.3719 | dt: 158ms | tok/s: 25,878 | remaining: 12936s
step 54960 (40.1%) | loss: 9.7597 | gnorm: 2.0068 | dt: 155ms | tok/s: 26,365 | remaining: 12933s
step 54980 (40.1%) | loss: 10.5395 | gnorm: 4.3910 | dt: 156ms | tok/s: 26,290 | remaining: 12929s
step 55000 (40.2%) | loss: 9.8111 | gnorm: 2.5209 | dt: 156ms | tok/s: 26,237 | remaining: 12926s
step 55020 (40.2%) | loss: 10.8910 | gnorm: 4.4049 | dt: 154ms | tok/s: 26,674 | remaining: 12923s
step 55040 (40.2%) | loss: 9.9259 | gnorm: 2.3159 | dt: 155ms | tok/s: 26,460 | remaining: 12920s
step 55060 (40.2%) | loss: 10.4929 | gnorm: 5.0152 | dt: 153ms | tok/s: 26,717 | remaining: 12917s
step 55080 (40.2%) | loss: 10.1413 | gnorm: 2.3388 | dt: 156ms | tok/s: 26,203 | remaining: 12914s
step 55100 (40.2%) | loss: 10.6514 | gnorm: 4.0270 | dt: 153ms | tok/s: 26,841 | remaining: 12911s
step 55120 (40.2%) | loss: 9.4502 | gnorm: 2.1562 | dt: 155ms | tok/s: 26,486 | remaining: 12908s
step 55140 (40.3%) | loss: 10.6202 | gnorm: 4.0883 | dt: 157ms | tok/s: 26,107 | remaining: 12905s
step 55160 (40.3%) | loss: 10.4107 | gnorm: 2.2964 | dt: 155ms | tok/s: 26,398 | remaining: 12901s
step 55180 (40.3%) | loss: 11.4384 | gnorm: 5.2626 | dt: 154ms | tok/s: 26,548 | remaining: 12898s
step 55200 (40.3%) | loss: 10.5825 | gnorm: 2.3589 | dt: 155ms | tok/s: 26,385 | remaining: 12895s
step 55220 (40.3%) | loss: 11.3956 | gnorm: 4.1455 | dt: 155ms | tok/s: 26,389 | remaining: 12892s
step 55240 (40.3%) | loss: 11.7408 | gnorm: 2.4606 | dt: 153ms | tok/s: 26,729 | remaining: 12889s
step 55260 (40.3%) | loss: 11.0525 | gnorm: 4.8282 | dt: 154ms | tok/s: 26,552 | remaining: 12886s
step 55280 (40.4%) | loss: 10.0523 | gnorm: 2.5540 | dt: 156ms | tok/s: 26,239 | remaining: 12883s
step 55300 (40.4%) | loss: 11.3340 | gnorm: 4.3281 | dt: 162ms | tok/s: 25,244 | remaining: 12880s
step 55320 (40.4%) | loss: 9.8417 | gnorm: 2.2258 | dt: 154ms | tok/s: 26,572 | remaining: 12877s
step 55340 (40.4%) | loss: 10.4186 | gnorm: 4.3500 | dt: 155ms | tok/s: 26,377 | remaining: 12873s
step 55360 (40.4%) | loss: 10.5302 | gnorm: 2.5451 | dt: 158ms | tok/s: 25,979 | remaining: 12870s
step 55380 (40.4%) | loss: 11.3739 | gnorm: 4.2993 | dt: 153ms | tok/s: 26,696 | remaining: 12867s
step 55400 (40.4%) | loss: 13.8982 | gnorm: 2.3815 | dt: 156ms | tok/s: 26,215 | remaining: 12864s
step 55420 (40.5%) | loss: 12.2040 | gnorm: 5.5190 | dt: 155ms | tok/s: 26,486 | remaining: 12861s
step 55440 (40.5%) | loss: 10.5760 | gnorm: 2.6943 | dt: 156ms | tok/s: 26,328 | remaining: 12858s
step 55460 (40.5%) | loss: 10.6836 | gnorm: 4.2175 | dt: 154ms | tok/s: 26,536 | remaining: 12855s
step 55480 (40.5%) | loss: 11.2593 | gnorm: 2.2190 | dt: 155ms | tok/s: 26,425 | remaining: 12852s
step 55500 (40.5%) | loss: 11.2597 | gnorm: 4.7889 | dt: 156ms | tok/s: 26,290 | remaining: 12849s
step 55520 (40.5%) | loss: 12.4589 | gnorm: 3.0772 | dt: 153ms | tok/s: 26,709 | remaining: 12845s
step 55540 (40.5%) | loss: 11.4241 | gnorm: 4.1391 | dt: 155ms | tok/s: 26,506 | remaining: 12842s
step 55560 (40.6%) | loss: 10.1977 | gnorm: 2.1218 | dt: 157ms | tok/s: 26,168 | remaining: 12839s
step 55580 (40.6%) | loss: 11.4838 | gnorm: 5.0242 | dt: 157ms | tok/s: 26,115 | remaining: 12836s
step 55600 (40.6%) | loss: 10.6977 | gnorm: 2.4217 | dt: 155ms | tok/s: 26,427 | remaining: 12833s
step 55620 (40.6%) | loss: 11.3793 | gnorm: 3.9904 | dt: 155ms | tok/s: 26,387 | remaining: 12830s
step 55640 (40.6%) | loss: 9.9269 | gnorm: 2.4975 | dt: 158ms | tok/s: 25,937 | remaining: 12827s
step 55660 (40.6%) | loss: 11.1183 | gnorm: 3.9140 | dt: 153ms | tok/s: 26,824 | remaining: 12824s
step 55680 (40.6%) | loss: 9.4567 | gnorm: 1.8993 | dt: 155ms | tok/s: 26,453 | remaining: 12821s
step 55700 (40.7%) | loss: 10.6202 | gnorm: 3.8997 | dt: 157ms | tok/s: 26,101 | remaining: 12818s
step 55720 (40.7%) | loss: 10.0669 | gnorm: 2.1650 | dt: 158ms | tok/s: 25,969 | remaining: 12814s
step 55740 (40.7%) | loss: 10.4924 | gnorm: 4.3709 | dt: 154ms | tok/s: 26,544 | remaining: 12811s
step 55760 (40.7%) | loss: 10.0172 | gnorm: 2.3561 | dt: 156ms | tok/s: 26,305 | remaining: 12808s
step 55780 (40.7%) | loss: 10.4299 | gnorm: 4.0272 | dt: 157ms | tok/s: 26,148 | remaining: 12805s
step 55800 (40.7%) | loss: 8.4993 | gnorm: 2.6395 | dt: 154ms | tok/s: 26,518 | remaining: 12802s
step 55820 (40.7%) | loss: 10.1143 | gnorm: 3.6087 | dt: 155ms | tok/s: 26,476 | remaining: 12799s
step 55840 (40.8%) | loss: 10.8950 | gnorm: 2.0684 | dt: 157ms | tok/s: 26,136 | remaining: 12796s
step 55860 (40.8%) | loss: 10.3902 | gnorm: 3.4029 | dt: 156ms | tok/s: 26,256 | remaining: 12793s
step 55880 (40.8%) | loss: 10.3014 | gnorm: 2.0169 | dt: 159ms | tok/s: 25,826 | remaining: 12790s
step 55900 (40.8%) | loss: 10.7116 | gnorm: 4.6022 | dt: 155ms | tok/s: 26,497 | remaining: 12786s
step 55920 (40.8%) | loss: 10.3432 | gnorm: 2.2978 | dt: 157ms | tok/s: 26,168 | remaining: 12783s
step 55940 (40.8%) | loss: 10.2217 | gnorm: 3.9609 | dt: 153ms | tok/s: 26,850 | remaining: 12780s
step 55960 (40.8%) | loss: 9.9078 | gnorm: 2.0618 | dt: 154ms | tok/s: 26,515 | remaining: 12777s
step 55980 (40.9%) | loss: 10.4912 | gnorm: 4.0660 | dt: 155ms | tok/s: 26,390 | remaining: 12774s
step 56000 (40.9%) | loss: 9.7289 | gnorm: 1.9524 | dt: 156ms | tok/s: 26,185 | remaining: 12771s
step 56020 (40.9%) | loss: 9.6709 | gnorm: 3.0034 | dt: 154ms | tok/s: 26,607 | remaining: 12768s
step 56040 (40.9%) | loss: 9.6604 | gnorm: 2.1728 | dt: 155ms | tok/s: 26,361 | remaining: 12765s
step 56060 (40.9%) | loss: 10.6321 | gnorm: 3.6243 | dt: 159ms | tok/s: 25,732 | remaining: 12762s
step 56080 (40.9%) | loss: 10.2126 | gnorm: 2.1366 | dt: 157ms | tok/s: 26,090 | remaining: 12758s
step 56100 (40.9%) | loss: 11.2914 | gnorm: 5.0013 | dt: 156ms | tok/s: 26,296 | remaining: 12755s
step 56120 (41.0%) | loss: 10.4226 | gnorm: 2.0028 | dt: 157ms | tok/s: 26,128 | remaining: 12752s
step 56140 (41.0%) | loss: 11.1880 | gnorm: 4.7041 | dt: 157ms | tok/s: 26,071 | remaining: 12749s
step 56160 (41.0%) | loss: 10.7168 | gnorm: 2.4070 | dt: 154ms | tok/s: 26,656 | remaining: 12746s
step 56180 (41.0%) | loss: 11.3201 | gnorm: 3.8489 | dt: 155ms | tok/s: 26,492 | remaining: 12743s
step 56200 (41.0%) | loss: 11.0396 | gnorm: 2.1327 | dt: 155ms | tok/s: 26,405 | remaining: 12740s
step 56220 (41.0%) | loss: 10.6264 | gnorm: 4.7385 | dt: 154ms | tok/s: 26,619 | remaining: 12737s
step 56240 (41.0%) | loss: 10.1589 | gnorm: 2.3485 | dt: 156ms | tok/s: 26,305 | remaining: 12734s
step 56260 (41.1%) | loss: 11.8525 | gnorm: 3.8991 | dt: 157ms | tok/s: 26,128 | remaining: 12730s
step 56280 (41.1%) | loss: 10.5419 | gnorm: 2.1450 | dt: 153ms | tok/s: 26,813 | remaining: 12727s
step 56300 (41.1%) | loss: 11.5914 | gnorm: 4.6975 | dt: 153ms | tok/s: 26,751 | remaining: 12724s
step 56320 (41.1%) | loss: 10.4202 | gnorm: 2.0115 | dt: 155ms | tok/s: 26,498 | remaining: 12721s
step 56340 (41.1%) | loss: 11.6324 | gnorm: 4.6318 | dt: 157ms | tok/s: 26,069 | remaining: 12718s
step 56360 (41.1%) | loss: 10.3494 | gnorm: 2.2335 | dt: 157ms | tok/s: 26,125 | remaining: 12715s
step 56380 (41.1%) | loss: 10.9939 | gnorm: 4.3984 | dt: 154ms | tok/s: 26,538 | remaining: 12712s
step 56400 (41.2%) | loss: 10.2215 | gnorm: 2.5465 | dt: 154ms | tok/s: 26,637 | remaining: 12709s
step 56420 (41.2%) | loss: 10.1434 | gnorm: 4.7886 | dt: 156ms | tok/s: 26,276 | remaining: 12706s
step 56440 (41.2%) | loss: 10.0296 | gnorm: 2.2156 | dt: 154ms | tok/s: 26,591 | remaining: 12702s
step 56460 (41.2%) | loss: 10.6778 | gnorm: 3.8876 | dt: 156ms | tok/s: 26,189 | remaining: 12699s
step 56480 (41.2%) | loss: 9.9535 | gnorm: 2.0641 | dt: 157ms | tok/s: 26,066 | remaining: 12696s
step 56500 (41.2%) | loss: 10.7122 | gnorm: 3.9205 | dt: 158ms | tok/s: 25,913 | remaining: 12693s
step 56520 (41.2%) | loss: 10.7067 | gnorm: 2.1131 | dt: 156ms | tok/s: 26,234 | remaining: 12690s
step 56540 (41.3%) | loss: 10.5135 | gnorm: 4.9857 | dt: 156ms | tok/s: 26,251 | remaining: 12687s
step 56560 (41.3%) | loss: 9.5299 | gnorm: 1.9529 | dt: 158ms | tok/s: 25,999 | remaining: 12684s
step 56580 (41.3%) | loss: 10.0478 | gnorm: 4.5668 | dt: 154ms | tok/s: 26,604 | remaining: 12681s
step 56600 (41.3%) | loss: 11.8289 | gnorm: 2.0408 | dt: 155ms | tok/s: 26,450 | remaining: 12677s
step 56620 (41.3%) | loss: 9.7619 | gnorm: 3.3731 | dt: 156ms | tok/s: 26,178 | remaining: 12674s
step 56640 (41.3%) | loss: 10.9503 | gnorm: 2.3362 | dt: 159ms | tok/s: 25,837 | remaining: 12671s
step 56660 (41.4%) | loss: 10.3348 | gnorm: 4.6293 | dt: 155ms | tok/s: 26,347 | remaining: 12668s
step 56680 (41.4%) | loss: 9.9714 | gnorm: 2.4430 | dt: 155ms | tok/s: 26,376 | remaining: 12665s
step 56700 (41.4%) | loss: 10.7103 | gnorm: 4.9690 | dt: 157ms | tok/s: 26,100 | remaining: 12662s
step 56720 (41.4%) | loss: 10.3690 | gnorm: 2.5459 | dt: 153ms | tok/s: 26,707 | remaining: 12659s
step 56740 (41.4%) | loss: 10.9830 | gnorm: 4.3208 | dt: 153ms | tok/s: 26,772 | remaining: 12656s
step 56760 (41.4%) | loss: 9.8580 | gnorm: 2.2757 | dt: 157ms | tok/s: 26,054 | remaining: 12653s
step 56780 (41.4%) | loss: 10.4803 | gnorm: 4.6452 | dt: 157ms | tok/s: 26,108 | remaining: 12649s
step 56800 (41.5%) | loss: 11.3732 | gnorm: 2.1388 | dt: 156ms | tok/s: 26,331 | remaining: 12646s
step 56820 (41.5%) | loss: 10.3819 | gnorm: 3.6091 | dt: 157ms | tok/s: 26,083 | remaining: 12643s
step 56840 (41.5%) | loss: 10.0408 | gnorm: 2.1613 | dt: 158ms | tok/s: 25,874 | remaining: 12640s
step 56860 (41.5%) | loss: 10.6157 | gnorm: 4.4687 | dt: 155ms | tok/s: 26,460 | remaining: 12637s
step 56880 (41.5%) | loss: 10.5084 | gnorm: 3.9644 | dt: 154ms | tok/s: 26,529 | remaining: 12634s
step 56900 (41.5%) | loss: 10.1939 | gnorm: 4.7518 | dt: 157ms | tok/s: 26,169 | remaining: 12631s
step 56920 (41.5%) | loss: 10.1485 | gnorm: 2.1626 | dt: 159ms | tok/s: 25,841 | remaining: 12628s
step 56940 (41.6%) | loss: 10.4243 | gnorm: 3.6047 | dt: 154ms | tok/s: 26,534 | remaining: 12625s
step 56960 (41.6%) | loss: 10.0505 | gnorm: 2.1238 | dt: 151ms | tok/s: 27,103 | remaining: 12621s
step 56980 (41.6%) | loss: 10.7293 | gnorm: 4.0777 | dt: 157ms | tok/s: 26,101 | remaining: 12618s
step 57000 (41.6%) | loss: 11.0270 | gnorm: 2.0637 | dt: 157ms | tok/s: 26,015 | remaining: 12615s
step 57020 (41.6%) | loss: 10.3732 | gnorm: 3.6410 | dt: 155ms | tok/s: 26,404 | remaining: 12612s
step 57040 (41.6%) | loss: 8.9770 | gnorm: 2.2057 | dt: 152ms | tok/s: 26,911 | remaining: 12609s
step 57060 (41.6%) | loss: 9.2791 | gnorm: 4.0242 | dt: 156ms | tok/s: 26,283 | remaining: 12606s
step 57080 (41.7%) | loss: 9.8620 | gnorm: 2.3008 | dt: 155ms | tok/s: 26,454 | remaining: 12603s
step 57100 (41.7%) | loss: 10.2169 | gnorm: 3.9065 | dt: 155ms | tok/s: 26,451 | remaining: 12600s
step 57120 (41.7%) | loss: 10.0518 | gnorm: 1.9824 | dt: 156ms | tok/s: 26,290 | remaining: 12596s
step 57140 (41.7%) | loss: 10.2784 | gnorm: 4.1794 | dt: 157ms | tok/s: 26,116 | remaining: 12593s
step 57160 (41.7%) | loss: 10.4491 | gnorm: 1.8611 | dt: 155ms | tok/s: 26,468 | remaining: 12590s
step 57180 (41.7%) | loss: 10.7407 | gnorm: 4.8850 | dt: 154ms | tok/s: 26,562 | remaining: 12587s
step 57200 (41.7%) | loss: 10.5160 | gnorm: 2.1307 | dt: 155ms | tok/s: 26,511 | remaining: 12584s
step 57220 (41.8%) | loss: 10.2716 | gnorm: 4.8670 | dt: 159ms | tok/s: 25,777 | remaining: 12581s
step 57240 (41.8%) | loss: 8.9787 | gnorm: 2.2054 | dt: 153ms | tok/s: 26,798 | remaining: 12578s
step 57260 (41.8%) | loss: 10.0590 | gnorm: 3.9725 | dt: 156ms | tok/s: 26,211 | remaining: 12575s
step 57280 (41.8%) | loss: 9.6897 | gnorm: 2.2273 | dt: 156ms | tok/s: 26,211 | remaining: 12571s
step 57300 (41.8%) | loss: 9.8185 | gnorm: 4.8416 | dt: 158ms | tok/s: 25,861 | remaining: 12568s
step 57320 (41.8%) | loss: 9.1743 | gnorm: 2.2179 | dt: 156ms | tok/s: 26,320 | remaining: 12565s
step 57340 (41.8%) | loss: 10.7904 | gnorm: 4.4086 | dt: 157ms | tok/s: 26,171 | remaining: 12562s
step 57360 (41.9%) | loss: 9.7824 | gnorm: 2.3508 | dt: 157ms | tok/s: 26,172 | remaining: 12559s
step 57380 (41.9%) | loss: 10.2243 | gnorm: 3.4445 | dt: 154ms | tok/s: 26,512 | remaining: 12556s
step 57400 (41.9%) | loss: 9.6534 | gnorm: 2.3102 | dt: 156ms | tok/s: 26,288 | remaining: 12553s
step 57420 (41.9%) | loss: 10.4171 | gnorm: 4.5261 | dt: 156ms | tok/s: 26,329 | remaining: 12550s
step 57440 (41.9%) | loss: 10.6405 | gnorm: 2.3781 | dt: 157ms | tok/s: 26,008 | remaining: 12546s
step 57460 (41.9%) | loss: 9.7715 | gnorm: 4.1812 | dt: 154ms | tok/s: 26,639 | remaining: 12543s
step 57480 (41.9%) | loss: 10.2048 | gnorm: 2.2166 | dt: 156ms | tok/s: 26,306 | remaining: 12540s
step 57500 (42.0%) | loss: 10.8904 | gnorm: 5.1023 | dt: 157ms | tok/s: 26,155 | remaining: 12537s
step 57520 (42.0%) | loss: 9.8384 | gnorm: 2.8677 | dt: 159ms | tok/s: 25,806 | remaining: 12534s
step 57540 (42.0%) | loss: 10.4013 | gnorm: 4.2022 | dt: 154ms | tok/s: 26,516 | remaining: 12531s
step 57560 (42.0%) | loss: 10.3368 | gnorm: 2.5038 | dt: 155ms | tok/s: 26,464 | remaining: 12528s
step 57580 (42.0%) | loss: 10.3303 | gnorm: 5.0179 | dt: 156ms | tok/s: 26,293 | remaining: 12525s
step 57600 (42.0%) | loss: 10.6122 | gnorm: 2.2713 | dt: 153ms | tok/s: 26,720 | remaining: 12522s
step 57620 (42.0%) | loss: 10.6133 | gnorm: 5.1260 | dt: 154ms | tok/s: 26,544 | remaining: 12518s
step 57640 (42.1%) | loss: 11.0205 | gnorm: 2.3637 | dt: 156ms | tok/s: 26,192 | remaining: 12515s
step 57660 (42.1%) | loss: 9.9309 | gnorm: 5.4469 | dt: 158ms | tok/s: 25,865 | remaining: 12512s
step 57680 (42.1%) | loss: 10.0182 | gnorm: 2.3956 | dt: 158ms | tok/s: 25,868 | remaining: 12509s
step 57700 (42.1%) | loss: 11.1586 | gnorm: 4.9917 | dt: 157ms | tok/s: 26,109 | remaining: 12506s
step 57720 (42.1%) | loss: 10.6016 | gnorm: 2.1003 | dt: 156ms | tok/s: 26,293 | remaining: 12503s
step 57740 (42.1%) | loss: 10.6707 | gnorm: 4.2028 | dt: 157ms | tok/s: 26,021 | remaining: 12500s
step 57760 (42.1%) | loss: 10.0208 | gnorm: 2.5193 | dt: 156ms | tok/s: 26,306 | remaining: 12497s
step 57780 (42.2%) | loss: 10.4873 | gnorm: 4.2616 | dt: 156ms | tok/s: 26,330 | remaining: 12494s
step 57800 (42.2%) | loss: 9.5807 | gnorm: 2.0703 | dt: 155ms | tok/s: 26,362 | remaining: 12490s
step 57820 (42.2%) | loss: 10.7270 | gnorm: 4.2639 | dt: 155ms | tok/s: 26,377 | remaining: 12487s
step 57840 (42.2%) | loss: 11.2600 | gnorm: 2.3500 | dt: 156ms | tok/s: 26,317 | remaining: 12484s
step 57860 (42.2%) | loss: 9.9857 | gnorm: 4.0634 | dt: 157ms | tok/s: 26,070 | remaining: 12481s
step 57880 (42.2%) | loss: 10.0634 | gnorm: 2.2042 | dt: 153ms | tok/s: 26,777 | remaining: 12478s
step 57900 (42.2%) | loss: 9.8418 | gnorm: 4.0241 | dt: 155ms | tok/s: 26,437 | remaining: 12475s
step 57920 (42.3%) | loss: 9.7030 | gnorm: 2.2761 | dt: 156ms | tok/s: 26,187 | remaining: 12472s
step 57940 (42.3%) | loss: 9.8593 | gnorm: 4.3620 | dt: 159ms | tok/s: 25,776 | remaining: 12469s
step 57960 (42.3%) | loss: 10.0780 | gnorm: 2.7637 | dt: 156ms | tok/s: 26,281 | remaining: 12465s
step 57980 (42.3%) | loss: 10.1467 | gnorm: 3.7963 | dt: 155ms | tok/s: 26,459 | remaining: 12462s
step 58000 (42.3%) | loss: 9.4820 | gnorm: 2.2458 | dt: 158ms | tok/s: 25,985 | remaining: 12459s
step 58020 (42.3%) | loss: 8.8193 | gnorm: 4.6821 | dt: 158ms | tok/s: 25,949 | remaining: 12456s
step 58040 (42.3%) | loss: 9.6660 | gnorm: 2.1424 | dt: 156ms | tok/s: 26,318 | remaining: 12453s
step 58060 (42.4%) | loss: 9.3709 | gnorm: 4.6741 | dt: 155ms | tok/s: 26,468 | remaining: 12450s
step 58080 (42.4%) | loss: 8.9287 | gnorm: 2.2938 | dt: 156ms | tok/s: 26,223 | remaining: 12447s
step 58100 (42.4%) | loss: 9.4291 | gnorm: 3.5755 | dt: 154ms | tok/s: 26,593 | remaining: 12444s
step 58120 (42.4%) | loss: 9.6937 | gnorm: 2.4729 | dt: 155ms | tok/s: 26,365 | remaining: 12441s
step 58140 (42.4%) | loss: 8.7873 | gnorm: 3.4050 | dt: 156ms | tok/s: 26,205 | remaining: 12437s
step 58160 (42.4%) | loss: 8.6745 | gnorm: 2.3944 | dt: 159ms | tok/s: 25,739 | remaining: 12434s
step 58180 (42.4%) | loss: 9.4272 | gnorm: 4.1347 | dt: 153ms | tok/s: 26,761 | remaining: 12431s
step 58200 (42.5%) | loss: 9.5817 | gnorm: 2.0188 | dt: 153ms | tok/s: 26,732 | remaining: 12428s
step 58220 (42.5%) | loss: 9.5959 | gnorm: 4.1462 | dt: 157ms | tok/s: 26,169 | remaining: 12425s
step 58240 (42.5%) | loss: 9.8063 | gnorm: 2.9387 | dt: 159ms | tok/s: 25,811 | remaining: 12422s
step 58260 (42.5%) | loss: 9.5975 | gnorm: 3.8243 | dt: 154ms | tok/s: 26,537 | remaining: 12419s
step 58280 (42.5%) | loss: 10.7435 | gnorm: 2.7066 | dt: 155ms | tok/s: 26,395 | remaining: 12416s
step 58300 (42.5%) | loss: 10.8415 | gnorm: 3.7753 | dt: 157ms | tok/s: 26,067 | remaining: 12412s
step 58320 (42.5%) | loss: 8.5620 | gnorm: 2.3018 | dt: 154ms | tok/s: 26,518 | remaining: 12409s
step 58340 (42.6%) | loss: 10.2833 | gnorm: 4.9526 | dt: 155ms | tok/s: 26,364 | remaining: 12406s
step 58360 (42.6%) | loss: 8.9255 | gnorm: 3.7505 | dt: 157ms | tok/s: 26,152 | remaining: 12403s
step 58380 (42.6%) | loss: 8.3691 | gnorm: 3.7865 | dt: 158ms | tok/s: 25,912 | remaining: 12400s
step 58400 (42.6%) | loss: 8.7023 | gnorm: 2.0601 | dt: 154ms | tok/s: 26,630 | remaining: 12397s
step 58420 (42.6%) | loss: 8.9774 | gnorm: 4.1680 | dt: 154ms | tok/s: 26,534 | remaining: 12394s
step 58440 (42.6%) | loss: 9.1074 | gnorm: 2.3848 | dt: 156ms | tok/s: 26,319 | remaining: 12391s
step 58460 (42.6%) | loss: 9.6979 | gnorm: 4.2875 | dt: 158ms | tok/s: 25,874 | remaining: 12387s
step 58480 (42.7%) | loss: 9.6738 | gnorm: 2.1588 | dt: 155ms | tok/s: 26,400 | remaining: 12384s
step 58500 (42.7%) | loss: 10.0040 | gnorm: 4.7968 | dt: 156ms | tok/s: 26,269 | remaining: 12381s
step 58520 (42.7%) | loss: 9.4765 | gnorm: 1.9179 | dt: 156ms | tok/s: 26,181 | remaining: 12378s
step 58540 (42.7%) | loss: 9.8452 | gnorm: 4.5005 | dt: 156ms | tok/s: 26,287 | remaining: 12375s
step 58560 (42.7%) | loss: 10.1126 | gnorm: 1.9210 | dt: 156ms | tok/s: 26,306 | remaining: 12372s
step 58580 (42.7%) | loss: 11.2507 | gnorm: 5.1927 | dt: 157ms | tok/s: 26,157 | remaining: 12369s
step 58600 (42.8%) | loss: 10.3269 | gnorm: 2.0047 | dt: 153ms | tok/s: 26,685 | remaining: 12366s
step 58620 (42.8%) | loss: 10.5528 | gnorm: 3.8561 | dt: 156ms | tok/s: 26,331 | remaining: 12362s
step 58640 (42.8%) | loss: 10.1459 | gnorm: 2.4311 | dt: 155ms | tok/s: 26,404 | remaining: 12359s
step 58660 (42.8%) | loss: 11.2933 | gnorm: 4.5637 | dt: 156ms | tok/s: 26,173 | remaining: 12356s
step 58680 (42.8%) | loss: 10.6776 | gnorm: 2.0918 | dt: 157ms | tok/s: 26,070 | remaining: 12353s
step 58700 (42.8%) | loss: 11.7580 | gnorm: 4.8273 | dt: 155ms | tok/s: 26,423 | remaining: 12350s
step 58720 (42.8%) | loss: 9.7877 | gnorm: 2.0284 | dt: 161ms | tok/s: 25,516 | remaining: 12347s
step 58740 (42.9%) | loss: 11.1218 | gnorm: 3.7360 | dt: 158ms | tok/s: 25,920 | remaining: 12344s
step 58760 (42.9%) | loss: 10.8433 | gnorm: 2.7983 | dt: 156ms | tok/s: 26,238 | remaining: 12341s
step 58780 (42.9%) | loss: 10.6358 | gnorm: 4.0058 | dt: 155ms | tok/s: 26,484 | remaining: 12337s
step 58800 (42.9%) | loss: 10.7561 | gnorm: 2.2919 | dt: 156ms | tok/s: 26,314 | remaining: 12334s
step 58820 (42.9%) | loss: 10.7930 | gnorm: 5.7059 | dt: 156ms | tok/s: 26,196 | remaining: 12331s
step 58840 (42.9%) | loss: 10.6791 | gnorm: 2.1319 | dt: 158ms | tok/s: 25,906 | remaining: 12328s
step 58860 (42.9%) | loss: 10.5671 | gnorm: 4.1242 | dt: 152ms | tok/s: 26,987 | remaining: 12325s
step 58880 (43.0%) | loss: 9.7433 | gnorm: 2.6867 | dt: 156ms | tok/s: 26,279 | remaining: 12322s
step 58900 (43.0%) | loss: 11.3234 | gnorm: 4.7374 | dt: 156ms | tok/s: 26,217 | remaining: 12319s
step 58920 (43.0%) | loss: 10.3258 | gnorm: 2.8850 | dt: 157ms | tok/s: 26,090 | remaining: 12316s
step 58940 (43.0%) | loss: 10.5008 | gnorm: 3.5477 | dt: 155ms | tok/s: 26,341 | remaining: 12312s
step 58960 (43.0%) | loss: 10.3339 | gnorm: 2.2109 | dt: 155ms | tok/s: 26,409 | remaining: 12309s
step 58980 (43.0%) | loss: 10.1643 | gnorm: 3.8531 | dt: 157ms | tok/s: 26,140 | remaining: 12306s
step 59000 (43.0%) | loss: 9.5866 | gnorm: 2.7475 | dt: 158ms | tok/s: 25,954 | remaining: 12303s
step 59020 (43.1%) | loss: 10.0218 | gnorm: 3.7078 | dt: 155ms | tok/s: 26,447 | remaining: 12300s
step 59040 (43.1%) | loss: 10.0524 | gnorm: 2.5859 | dt: 153ms | tok/s: 26,711 | remaining: 12297s
step 59060 (43.1%) | loss: 8.7301 | gnorm: 4.3025 | dt: 157ms | tok/s: 26,045 | remaining: 12294s
step 59080 (43.1%) | loss: 9.0746 | gnorm: 2.3604 | dt: 158ms | tok/s: 25,962 | remaining: 12291s
step 59100 (43.1%) | loss: 10.3610 | gnorm: 4.2998 | dt: 155ms | tok/s: 26,470 | remaining: 12287s
step 59120 (43.1%) | loss: 10.2050 | gnorm: 2.5330 | dt: 156ms | tok/s: 26,325 | remaining: 12284s
step 59140 (43.1%) | loss: 10.6879 | gnorm: 4.3452 | dt: 156ms | tok/s: 26,237 | remaining: 12281s
step 59160 (43.2%) | loss: 9.5071 | gnorm: 4.0879 | dt: 155ms | tok/s: 26,365 | remaining: 12278s
step 59180 (43.2%) | loss: 11.4778 | gnorm: 5.9669 | dt: 155ms | tok/s: 26,374 | remaining: 12275s
step 59200 (43.2%) | loss: 10.5594 | gnorm: 2.3447 | dt: 156ms | tok/s: 26,280 | remaining: 12272s
step 59220 (43.2%) | loss: 10.7109 | gnorm: 3.5607 | dt: 156ms | tok/s: 26,257 | remaining: 12269s
step 59240 (43.2%) | loss: 10.4666 | gnorm: 2.1454 | dt: 153ms | tok/s: 26,836 | remaining: 12266s
step 59260 (43.2%) | loss: 11.8031 | gnorm: 5.7643 | dt: 154ms | tok/s: 26,574 | remaining: 12263s
step 59280 (43.2%) | loss: 10.5595 | gnorm: 2.1114 | dt: 156ms | tok/s: 26,223 | remaining: 12259s
step 59300 (43.3%) | loss: 10.8455 | gnorm: 4.2535 | dt: 159ms | tok/s: 25,822 | remaining: 12256s
step 59320 (43.3%) | loss: 10.0472 | gnorm: 2.0099 | dt: 154ms | tok/s: 26,563 | remaining: 12253s
step 59340 (43.3%) | loss: 10.9582 | gnorm: 4.5899 | dt: 155ms | tok/s: 26,508 | remaining: 12250s
step 59360 (43.3%) | loss: 9.9944 | gnorm: 2.1720 | dt: 157ms | tok/s: 26,007 | remaining: 12247s
step 59380 (43.3%) | loss: 8.3846 | gnorm: 3.8864 | dt: 160ms | tok/s: 25,547 | remaining: 12244s
step 59400 (43.3%) | loss: 10.1888 | gnorm: 2.1403 | dt: 155ms | tok/s: 26,444 | remaining: 12241s
step 59420 (43.3%) | loss: 10.7257 | gnorm: 4.6538 | dt: 155ms | tok/s: 26,433 | remaining: 12238s
step 59440 (43.4%) | loss: 9.5650 | gnorm: 2.1024 | dt: 157ms | tok/s: 26,155 | remaining: 12234s
step 59460 (43.4%) | loss: 10.7148 | gnorm: 3.5225 | dt: 156ms | tok/s: 26,195 | remaining: 12231s
step 59480 (43.4%) | loss: 9.8865 | gnorm: 2.0117 | dt: 155ms | tok/s: 26,348 | remaining: 12228s
step 59500 (43.4%) | loss: 8.2004 | gnorm: 3.9929 | dt: 156ms | tok/s: 26,278 | remaining: 12225s
step 59520 (43.4%) | loss: 10.1288 | gnorm: 2.6155 | dt: 157ms | tok/s: 26,154 | remaining: 12222s
step 59540 (43.4%) | loss: 10.6055 | gnorm: 4.2226 | dt: 155ms | tok/s: 26,511 | remaining: 12219s
step 59560 (43.4%) | loss: 9.8191 | gnorm: 2.6271 | dt: 155ms | tok/s: 26,388 | remaining: 12216s
step 59580 (43.5%) | loss: 11.0307 | gnorm: 4.9717 | dt: 156ms | tok/s: 26,175 | remaining: 12213s
step 59600 (43.5%) | loss: 10.1889 | gnorm: 2.1779 | dt: 158ms | tok/s: 25,939 | remaining: 12209s
step 59620 (43.5%) | loss: 10.2100 | gnorm: 5.0478 | dt: 154ms | tok/s: 26,610 | remaining: 12206s
step 59640 (43.5%) | loss: 9.9416 | gnorm: 2.2028 | dt: 157ms | tok/s: 26,044 | remaining: 12203s
step 59660 (43.5%) | loss: 10.4933 | gnorm: 4.8907 | dt: 158ms | tok/s: 25,905 | remaining: 12200s
step 59680 (43.5%) | loss: 10.5960 | gnorm: 2.6943 | dt: 157ms | tok/s: 26,028 | remaining: 12197s
step 59700 (43.5%) | loss: 11.2162 | gnorm: 4.0762 | dt: 156ms | tok/s: 26,336 | remaining: 12194s
step 59720 (43.6%) | loss: 10.0873 | gnorm: 2.4335 | dt: 154ms | tok/s: 26,584 | remaining: 12191s
step 59740 (43.6%) | loss: 10.3120 | gnorm: 4.3549 | dt: 156ms | tok/s: 26,176 | remaining: 12188s
step 59760 (43.6%) | loss: 10.4483 | gnorm: 2.0103 | dt: 159ms | tok/s: 25,766 | remaining: 12184s
step 59780 (43.6%) | loss: 10.5333 | gnorm: 4.5051 | dt: 154ms | tok/s: 26,656 | remaining: 12181s
step 59800 (43.6%) | loss: 9.6639 | gnorm: 1.8688 | dt: 155ms | tok/s: 26,459 | remaining: 12178s
step 59820 (43.6%) | loss: 10.8157 | gnorm: 5.1877 | dt: 157ms | tok/s: 26,141 | remaining: 12175s
step 59840 (43.6%) | loss: 10.8757 | gnorm: 2.0370 | dt: 157ms | tok/s: 26,158 | remaining: 12172s
step 59860 (43.7%) | loss: 10.2346 | gnorm: 3.9355 | dt: 155ms | tok/s: 26,391 | remaining: 12169s
step 59880 (43.7%) | loss: 9.7765 | gnorm: 2.7806 | dt: 156ms | tok/s: 26,273 | remaining: 12166s
step 59900 (43.7%) | loss: 10.2499 | gnorm: 3.8255 | dt: 156ms | tok/s: 26,294 | remaining: 12163s
step 59920 (43.7%) | loss: 9.7180 | gnorm: 1.9383 | dt: 154ms | tok/s: 26,677 | remaining: 12159s
step 59940 (43.7%) | loss: 11.0152 | gnorm: 4.1388 | dt: 155ms | tok/s: 26,510 | remaining: 12156s
step 59960 (43.7%) | loss: 10.4054 | gnorm: 2.3289 | dt: 156ms | tok/s: 26,232 | remaining: 12153s
step 59980 (43.7%) | loss: 10.5695 | gnorm: 4.3950 | dt: 157ms | tok/s: 26,064 | remaining: 12150s
step 60000 (43.8%) | loss: 9.9432 | gnorm: 2.2013 | dt: 154ms | tok/s: 26,614 | remaining: 12147s
step 60020 (43.8%) | loss: 10.2574 | gnorm: 4.1674 | dt: 155ms | tok/s: 26,463 | remaining: 12144s
step 60040 (43.8%) | loss: 10.1727 | gnorm: 2.5187 | dt: 155ms | tok/s: 26,459 | remaining: 12141s
step 60060 (43.8%) | loss: 10.5657 | gnorm: 4.9852 | dt: 158ms | tok/s: 25,843 | remaining: 12138s
step 60080 (43.8%) | loss: 10.0981 | gnorm: 1.9761 | dt: 155ms | tok/s: 26,457 | remaining: 12135s
step 60100 (43.8%) | loss: 9.5106 | gnorm: 4.1194 | dt: 155ms | tok/s: 26,373 | remaining: 12131s
step 60120 (43.8%) | loss: 10.3961 | gnorm: 2.8540 | dt: 161ms | tok/s: 25,364 | remaining: 12128s
step 60140 (43.9%) | loss: 10.5154 | gnorm: 4.7443 | dt: 155ms | tok/s: 26,424 | remaining: 12125s
step 60160 (43.9%) | loss: 10.2422 | gnorm: 1.9385 | dt: 155ms | tok/s: 26,363 | remaining: 12122s
step 60180 (43.9%) | loss: 10.6131 | gnorm: 4.7629 | dt: 155ms | tok/s: 26,371 | remaining: 12119s
step 60200 (43.9%) | loss: 10.1979 | gnorm: 2.3428 | dt: 158ms | tok/s: 25,964 | remaining: 12116s
step 60220 (43.9%) | loss: 10.0775 | gnorm: 4.7254 | dt: 154ms | tok/s: 26,576 | remaining: 12113s
step 60240 (43.9%) | loss: 9.5063 | gnorm: 1.9729 | dt: 155ms | tok/s: 26,391 | remaining: 12110s
step 60260 (44.0%) | loss: 10.5472 | gnorm: 3.7028 | dt: 157ms | tok/s: 26,173 | remaining: 12106s
step 60280 (44.0%) | loss: 10.6432 | gnorm: 2.6594 | dt: 158ms | tok/s: 25,922 | remaining: 12103s
step 60300 (44.0%) | loss: 11.2775 | gnorm: 4.7198 | dt: 156ms | tok/s: 26,203 | remaining: 12100s
step 60320 (44.0%) | loss: 9.5482 | gnorm: 2.3034 | dt: 156ms | tok/s: 26,272 | remaining: 12097s
step 60340 (44.0%) | loss: 10.0750 | gnorm: 4.3242 | dt: 157ms | tok/s: 26,087 | remaining: 12094s
step 60360 (44.0%) | loss: 10.1934 | gnorm: 2.6819 | dt: 159ms | tok/s: 25,812 | remaining: 12091s
step 60380 (44.0%) | loss: 9.6664 | gnorm: 5.2349 | dt: 155ms | tok/s: 26,462 | remaining: 12088s
step 60400 (44.1%) | loss: 10.3269 | gnorm: 2.0677 | dt: 156ms | tok/s: 26,292 | remaining: 12085s
step 60420 (44.1%) | loss: 10.5758 | gnorm: 4.6571 | dt: 158ms | tok/s: 25,845 | remaining: 12081s
step 60440 (44.1%) | loss: 9.5163 | gnorm: 2.2370 | dt: 159ms | tok/s: 25,733 | remaining: 12078s
step 60460 (44.1%) | loss: 10.0388 | gnorm: 4.1667 | dt: 155ms | tok/s: 26,499 | remaining: 12075s
step 60480 (44.1%) | loss: 9.7505 | gnorm: 1.9974 | dt: 156ms | tok/s: 26,237 | remaining: 12072s
step 60500 (44.1%) | loss: 10.7881 | gnorm: 4.6403 | dt: 157ms | tok/s: 26,086 | remaining: 12069s
step 60520 (44.1%) | loss: 10.0182 | gnorm: 2.5557 | dt: 158ms | tok/s: 25,851 | remaining: 12066s
step 60540 (44.2%) | loss: 10.0229 | gnorm: 4.7040 | dt: 154ms | tok/s: 26,535 | remaining: 12063s
step 60560 (44.2%) | loss: 10.2708 | gnorm: 2.8619 | dt: 157ms | tok/s: 26,020 | remaining: 12059s
step 60580 (44.2%) | loss: 12.1096 | gnorm: 4.1949 | dt: 157ms | tok/s: 26,162 | remaining: 12056s
step 60600 (44.2%) | loss: 10.3876 | gnorm: 2.7543 | dt: 158ms | tok/s: 25,943 | remaining: 12053s
step 60620 (44.2%) | loss: 10.8865 | gnorm: 4.8328 | dt: 161ms | tok/s: 25,445 | remaining: 12050s
step 60640 (44.2%) | loss: 10.0219 | gnorm: 2.0013 | dt: 155ms | tok/s: 26,503 | remaining: 12047s
step 60660 (44.2%) | loss: 10.2187 | gnorm: 4.4997 | dt: 155ms | tok/s: 26,499 | remaining: 12044s
step 60680 (44.3%) | loss: 9.9774 | gnorm: 2.2289 | dt: 156ms | tok/s: 26,186 | remaining: 12041s
step 60700 (44.3%) | loss: 10.3456 | gnorm: 4.7248 | dt: 158ms | tok/s: 25,912 | remaining: 12037s
step 60720 (44.3%) | loss: 9.8125 | gnorm: 2.2274 | dt: 157ms | tok/s: 26,134 | remaining: 12034s
step 60740 (44.3%) | loss: 11.5280 | gnorm: 4.3657 | dt: 158ms | tok/s: 25,981 | remaining: 12031s
step 60760 (44.3%) | loss: 10.9793 | gnorm: 2.2618 | dt: 154ms | tok/s: 26,656 | remaining: 12028s
step 60780 (44.3%) | loss: 11.3597 | gnorm: 5.1215 | dt: 157ms | tok/s: 26,115 | remaining: 12025s
step 60800 (44.3%) | loss: 9.9444 | gnorm: 2.2381 | dt: 158ms | tok/s: 25,969 | remaining: 12022s
step 60820 (44.4%) | loss: 9.9107 | gnorm: 4.2331 | dt: 159ms | tok/s: 25,730 | remaining: 12019s
step 60840 (44.4%) | loss: 9.8971 | gnorm: 2.2058 | dt: 159ms | tok/s: 25,812 | remaining: 12015s
step 60860 (44.4%) | loss: 10.6854 | gnorm: 4.8501 | dt: 156ms | tok/s: 26,282 | remaining: 12012s
step 60880 (44.4%) | loss: 10.3385 | gnorm: 2.1377 | dt: 156ms | tok/s: 26,175 | remaining: 12009s
step 60900 (44.4%) | loss: 10.0560 | gnorm: 4.1803 | dt: 158ms | tok/s: 25,966 | remaining: 12006s
step 60920 (44.4%) | loss: 9.4013 | gnorm: 2.3894 | dt: 159ms | tok/s: 25,756 | remaining: 12003s
step 60940 (44.4%) | loss: 9.9456 | gnorm: 4.7136 | dt: 162ms | tok/s: 25,339 | remaining: 12000s
step 60960 (44.5%) | loss: 9.4602 | gnorm: 2.1280 | dt: 156ms | tok/s: 26,212 | remaining: 11996s
step 60980 (44.5%) | loss: 10.3370 | gnorm: 4.0142 | dt: 157ms | tok/s: 26,034 | remaining: 11993s
step 61000 (44.5%) | loss: 10.6665 | gnorm: 2.2540 | dt: 159ms | tok/s: 25,829 | remaining: 11990s
step 61020 (44.5%) | loss: 10.1151 | gnorm: 3.7257 | dt: 159ms | tok/s: 25,720 | remaining: 11987s
step 61040 (44.5%) | loss: 9.3961 | gnorm: 1.9880 | dt: 157ms | tok/s: 26,055 | remaining: 11984s
step 61060 (44.5%) | loss: 9.7978 | gnorm: 4.3925 | dt: 159ms | tok/s: 25,682 | remaining: 11981s
step 61080 (44.5%) | loss: 9.3182 | gnorm: 2.5352 | dt: 159ms | tok/s: 25,726 | remaining: 11977s
step 61100 (44.6%) | loss: 9.5611 | gnorm: 5.1044 | dt: 159ms | tok/s: 25,786 | remaining: 11974s
step 61120 (44.6%) | loss: 10.3521 | gnorm: 2.1953 | dt: 158ms | tok/s: 25,895 | remaining: 11971s
step 61140 (44.6%) | loss: 10.1698 | gnorm: 4.1381 | dt: 159ms | tok/s: 25,780 | remaining: 11968s
step 61160 (44.6%) | loss: 10.0030 | gnorm: 1.8551 | dt: 158ms | tok/s: 25,893 | remaining: 11965s
step 61180 (44.6%) | loss: 10.4261 | gnorm: 4.2405 | dt: 160ms | tok/s: 25,645 | remaining: 11962s
step 61200 (44.6%) | loss: 9.6997 | gnorm: 2.1839 | dt: 155ms | tok/s: 26,495 | remaining: 11958s
step 61220 (44.7%) | loss: 10.4142 | gnorm: 3.8532 | dt: 157ms | tok/s: 26,040 | remaining: 11955s
step 61240 (44.7%) | loss: 10.4984 | gnorm: 2.5303 | dt: 158ms | tok/s: 25,861 | remaining: 11952s
step 61260 (44.7%) | loss: 10.3406 | gnorm: 4.5255 | dt: 159ms | tok/s: 25,690 | remaining: 11949s
step 61280 (44.7%) | loss: 10.1234 | gnorm: 2.6823 | dt: 160ms | tok/s: 25,655 | remaining: 11946s
step 61300 (44.7%) | loss: 9.9494 | gnorm: 4.5791 | dt: 161ms | tok/s: 25,459 | remaining: 11943s
step 61320 (44.7%) | loss: 10.5601 | gnorm: 2.3200 | dt: 156ms | tok/s: 26,255 | remaining: 11939s
step 61340 (44.7%) | loss: 10.2457 | gnorm: 4.7795 | dt: 157ms | tok/s: 26,046 | remaining: 11936s
step 61360 (44.8%) | loss: 10.6640 | gnorm: 2.4096 | dt: 158ms | tok/s: 25,864 | remaining: 11933s
step 61380 (44.8%) | loss: 9.5871 | gnorm: 3.7413 | dt: 159ms | tok/s: 25,753 | remaining: 11930s
step 61400 (44.8%) | loss: 9.9282 | gnorm: 2.1312 | dt: 159ms | tok/s: 25,738 | remaining: 11927s
step 61420 (44.8%) | loss: 10.4202 | gnorm: 3.7582 | dt: 159ms | tok/s: 25,738 | remaining: 11924s
step 61440 (44.8%) | loss: 9.5729 | gnorm: 1.8946 | dt: 156ms | tok/s: 26,203 | remaining: 11920s
step 61460 (44.8%) | loss: 10.8285 | gnorm: 4.2246 | dt: 157ms | tok/s: 26,101 | remaining: 11917s
step 61480 (44.8%) | loss: 10.3381 | gnorm: 2.3127 | dt: 158ms | tok/s: 25,912 | remaining: 11914s
step 61500 (44.9%) | loss: 9.6320 | gnorm: 4.1354 | dt: 159ms | tok/s: 25,717 | remaining: 11911s
step 61520 (44.9%) | loss: 10.0080 | gnorm: 2.2468 | dt: 159ms | tok/s: 25,778 | remaining: 11908s
step 61540 (44.9%) | loss: 10.4151 | gnorm: 4.5337 | dt: 160ms | tok/s: 25,633 | remaining: 11905s
step 61560 (44.9%) | loss: 10.1410 | gnorm: 2.3399 | dt: 157ms | tok/s: 26,119 | remaining: 11901s
step 61580 (44.9%) | loss: 10.4659 | gnorm: 4.3972 | dt: 157ms | tok/s: 26,150 | remaining: 11898s
step 61600 (44.9%) | loss: 10.4280 | gnorm: 2.5638 | dt: 158ms | tok/s: 25,898 | remaining: 11895s
step 61620 (44.9%) | loss: 10.0648 | gnorm: 3.6860 | dt: 160ms | tok/s: 25,648 | remaining: 11892s
step 61640 (45.0%) | loss: 9.4828 | gnorm: 2.1315 | dt: 160ms | tok/s: 25,523 | remaining: 11889s
step 61660 (45.0%) | loss: 9.7647 | gnorm: 5.1227 | dt: 159ms | tok/s: 25,695 | remaining: 11886s
step 61680 (45.0%) | loss: 9.2063 | gnorm: 2.1037 | dt: 157ms | tok/s: 26,066 | remaining: 11882s
step 61700 (45.0%) | loss: 9.7457 | gnorm: 3.8379 | dt: 157ms | tok/s: 26,027 | remaining: 11879s
step 61720 (45.0%) | loss: 8.6874 | gnorm: 1.9966 | dt: 158ms | tok/s: 25,879 | remaining: 11876s
step 61740 (45.0%) | loss: 9.0769 | gnorm: 4.0331 | dt: 160ms | tok/s: 25,622 | remaining: 11873s
step 61760 (45.0%) | loss: 9.4909 | gnorm: 2.2206 | dt: 161ms | tok/s: 25,509 | remaining: 11870s
step 61780 (45.1%) | loss: 10.1053 | gnorm: 4.0479 | dt: 162ms | tok/s: 25,311 | remaining: 11866s
step 61800 (45.1%) | loss: 9.2962 | gnorm: 1.9578 | dt: 156ms | tok/s: 26,190 | remaining: 11863s
step 61820 (45.1%) | loss: 9.6043 | gnorm: 3.3359 | dt: 157ms | tok/s: 26,124 | remaining: 11860s
step 61840 (45.1%) | loss: 9.5198 | gnorm: 2.1768 | dt: 159ms | tok/s: 25,773 | remaining: 11857s
step 61860 (45.1%) | loss: 8.9264 | gnorm: 3.3469 | dt: 162ms | tok/s: 25,360 | remaining: 11854s
step 61880 (45.1%) | loss: 9.2660 | gnorm: 2.3064 | dt: 161ms | tok/s: 25,438 | remaining: 11851s
step 61900 (45.2%) | loss: 9.6340 | gnorm: 4.2621 | dt: 163ms | tok/s: 25,142 | remaining: 11847s
step 61920 (45.2%) | loss: 9.2180 | gnorm: 2.0604 | dt: 157ms | tok/s: 26,131 | remaining: 11844s
step 61940 (45.2%) | loss: 9.9027 | gnorm: 5.1360 | dt: 156ms | tok/s: 26,192 | remaining: 11841s
step 61960 (45.2%) | loss: 8.9034 | gnorm: 2.1634 | dt: 156ms | tok/s: 26,248 | remaining: 11838s
step 61980 (45.2%) | loss: 8.9840 | gnorm: 3.6499 | dt: 156ms | tok/s: 26,219 | remaining: 11835s
step 62000 (45.2%) | loss: 9.2611 | gnorm: 2.3942 | dt: 160ms | tok/s: 25,576 | remaining: 11832s
step 62020 (45.2%) | loss: 8.9188 | gnorm: 4.1050 | dt: 161ms | tok/s: 25,462 | remaining: 11828s
step 62040 (45.3%) | loss: 9.1836 | gnorm: 2.1192 | dt: 156ms | tok/s: 26,211 | remaining: 11825s
step 62060 (45.3%) | loss: 9.8333 | gnorm: 4.4468 | dt: 157ms | tok/s: 26,126 | remaining: 11822s
step 62080 (45.3%) | loss: 8.8171 | gnorm: 2.4976 | dt: 157ms | tok/s: 26,072 | remaining: 11819s
step 62100 (45.3%) | loss: 8.0160 | gnorm: 3.9061 | dt: 159ms | tok/s: 25,758 | remaining: 11816s
step 62120 (45.3%) | loss: 10.3807 | gnorm: 2.4196 | dt: 159ms | tok/s: 25,785 | remaining: 11813s
step 62140 (45.3%) | loss: 9.4917 | gnorm: 3.9654 | dt: 162ms | tok/s: 25,233 | remaining: 11809s
step 62160 (45.3%) | loss: 9.0005 | gnorm: 2.2315 | dt: 158ms | tok/s: 26,003 | remaining: 11806s
step 62180 (45.4%) | loss: 9.8553 | gnorm: 4.1317 | dt: 158ms | tok/s: 25,948 | remaining: 11803s
step 62200 (45.4%) | loss: 9.7922 | gnorm: 2.5056 | dt: 158ms | tok/s: 25,863 | remaining: 11800s
step 62220 (45.4%) | loss: 9.9572 | gnorm: 4.6422 | dt: 160ms | tok/s: 25,547 | remaining: 11797s
step 62240 (45.4%) | loss: 11.1523 | gnorm: 2.9793 | dt: 161ms | tok/s: 25,515 | remaining: 11794s
step 62260 (45.4%) | loss: 10.6385 | gnorm: 4.7137 | dt: 159ms | tok/s: 25,789 | remaining: 11790s
step 62280 (45.4%) | loss: 10.0863 | gnorm: 2.5613 | dt: 157ms | tok/s: 26,110 | remaining: 11787s
step 62300 (45.4%) | loss: 10.8220 | gnorm: 5.6471 | dt: 157ms | tok/s: 26,127 | remaining: 11784s
step 62320 (45.5%) | loss: 10.1405 | gnorm: 2.8035 | dt: 158ms | tok/s: 25,899 | remaining: 11781s
step 62340 (45.5%) | loss: 10.7162 | gnorm: 4.0973 | dt: 159ms | tok/s: 25,828 | remaining: 11778s
step 62360 (45.5%) | loss: 10.0862 | gnorm: 2.1770 | dt: 160ms | tok/s: 25,593 | remaining: 11775s
step 62380 (45.5%) | loss: 10.2825 | gnorm: 4.0372 | dt: 155ms | tok/s: 26,358 | remaining: 11771s
step 62400 (45.5%) | loss: 10.1612 | gnorm: 2.1639 | dt: 158ms | tok/s: 25,939 | remaining: 11768s
step 62420 (45.5%) | loss: 10.4652 | gnorm: 4.4826 | dt: 158ms | tok/s: 25,933 | remaining: 11765s
step 62440 (45.5%) | loss: 10.2330 | gnorm: 2.1078 | dt: 159ms | tok/s: 25,715 | remaining: 11762s
step 62460 (45.6%) | loss: 10.9208 | gnorm: 4.4193 | dt: 160ms | tok/s: 25,568 | remaining: 11759s
step 62480 (45.6%) | loss: 10.4981 | gnorm: 2.4059 | dt: 158ms | tok/s: 25,918 | remaining: 11756s
step 62500 (45.6%) | loss: 11.1945 | gnorm: 4.1703 | dt: 157ms | tok/s: 26,155 | remaining: 11752s
step 62520 (45.6%) | loss: 9.8364 | gnorm: 2.0707 | dt: 157ms | tok/s: 26,037 | remaining: 11749s
step 62540 (45.6%) | loss: 11.8099 | gnorm: 5.6265 | dt: 159ms | tok/s: 25,817 | remaining: 11746s
step 62560 (45.6%) | loss: 10.3437 | gnorm: 2.5308 | dt: 159ms | tok/s: 25,768 | remaining: 11743s
step 62580 (45.6%) | loss: 10.7821 | gnorm: 5.1401 | dt: 161ms | tok/s: 25,507 | remaining: 11740s
step 62600 (45.7%) | loss: 10.2466 | gnorm: 2.0222 | dt: 156ms | tok/s: 26,310 | remaining: 11737s
step 62620 (45.7%) | loss: 10.8437 | gnorm: 4.3739 | dt: 153ms | tok/s: 26,707 | remaining: 11733s
step 62640 (45.7%) | loss: 10.2078 | gnorm: 2.2509 | dt: 158ms | tok/s: 25,932 | remaining: 11730s
step 62660 (45.7%) | loss: 10.0620 | gnorm: 4.3642 | dt: 155ms | tok/s: 26,390 | remaining: 11727s
step 62680 (45.7%) | loss: 10.2241 | gnorm: 2.1391 | dt: 172ms | tok/s: 23,822 | remaining: 11724s
step 62700 (45.7%) | loss: 13.2872 | gnorm: 5.8005 | dt: 160ms | tok/s: 25,527 | remaining: 11721s
step 62720 (45.8%) | loss: 11.2458 | gnorm: 2.3345 | dt: 158ms | tok/s: 25,941 | remaining: 11718s
step 62740 (45.8%) | loss: 10.3229 | gnorm: 4.0662 | dt: 157ms | tok/s: 26,024 | remaining: 11714s
step 62760 (45.8%) | loss: 10.7432 | gnorm: 1.9089 | dt: 158ms | tok/s: 25,892 | remaining: 11711s
step 62780 (45.8%) | loss: 11.0006 | gnorm: 4.8696 | dt: 158ms | tok/s: 25,879 | remaining: 11708s
step 62800 (45.8%) | loss: 9.9135 | gnorm: 2.1448 | dt: 159ms | tok/s: 25,745 | remaining: 11705s
step 62820 (45.8%) | loss: 10.7162 | gnorm: 7.0343 | dt: 160ms | tok/s: 25,573 | remaining: 11702s
step 62840 (45.8%) | loss: 9.7501 | gnorm: 2.4185 | dt: 156ms | tok/s: 26,287 | remaining: 11699s
step 62860 (45.9%) | loss: 9.6173 | gnorm: 4.8301 | dt: 157ms | tok/s: 26,020 | remaining: 11696s
step 62880 (45.9%) | loss: 9.7189 | gnorm: 2.0409 | dt: 158ms | tok/s: 25,923 | remaining: 11692s
step 62900 (45.9%) | loss: 10.5621 | gnorm: 4.3839 | dt: 159ms | tok/s: 25,704 | remaining: 11689s
step 62920 (45.9%) | loss: 10.3158 | gnorm: 2.2045 | dt: 160ms | tok/s: 25,521 | remaining: 11686s
step 62940 (45.9%) | loss: 12.9356 | gnorm: 4.4268 | dt: 156ms | tok/s: 26,260 | remaining: 11683s
step 62960 (45.9%) | loss: 10.5801 | gnorm: 2.0180 | dt: 156ms | tok/s: 26,182 | remaining: 11680s
step 62980 (45.9%) | loss: 10.0362 | gnorm: 4.3840 | dt: 159ms | tok/s: 25,771 | remaining: 11677s
step 63000 (46.0%) | loss: 9.9893 | gnorm: 2.4394 | dt: 158ms | tok/s: 25,924 | remaining: 11673s
step 63020 (46.0%) | loss: 10.3305 | gnorm: 4.1788 | dt: 161ms | tok/s: 25,509 | remaining: 11670s
step 63040 (46.0%) | loss: 10.5177 | gnorm: 2.2204 | dt: 153ms | tok/s: 26,699 | remaining: 11667s
step 63060 (46.0%) | loss: 10.9005 | gnorm: 3.7624 | dt: 157ms | tok/s: 26,139 | remaining: 11664s
step 63080 (46.0%) | loss: 10.1091 | gnorm: 1.9792 | dt: 158ms | tok/s: 25,908 | remaining: 11661s
step 63100 (46.0%) | loss: 9.8182 | gnorm: 4.9239 | dt: 160ms | tok/s: 25,666 | remaining: 11658s
step 63120 (46.0%) | loss: 10.0851 | gnorm: 2.9573 | dt: 159ms | tok/s: 25,780 | remaining: 11655s
step 63140 (46.1%) | loss: 10.4281 | gnorm: 4.0389 | dt: 156ms | tok/s: 26,275 | remaining: 11651s
step 63160 (46.1%) | loss: 9.9485 | gnorm: 2.3293 | dt: 157ms | tok/s: 26,166 | remaining: 11648s
step 63180 (46.1%) | loss: 10.6429 | gnorm: 4.0705 | dt: 157ms | tok/s: 26,012 | remaining: 11645s
step 63200 (46.1%) | loss: 9.9937 | gnorm: 2.3332 | dt: 160ms | tok/s: 25,670 | remaining: 11642s
step 63220 (46.1%) | loss: 10.7845 | gnorm: 3.8485 | dt: 160ms | tok/s: 25,658 | remaining: 11639s
step 63240 (46.1%) | loss: 10.2545 | gnorm: 2.3098 | dt: 156ms | tok/s: 26,323 | remaining: 11636s
step 63260 (46.1%) | loss: 10.7729 | gnorm: 5.5477 | dt: 157ms | tok/s: 26,166 | remaining: 11632s
step 63280 (46.2%) | loss: 9.8272 | gnorm: 2.1981 | dt: 158ms | tok/s: 25,942 | remaining: 11629s
step 63300 (46.2%) | loss: 11.2078 | gnorm: 4.4826 | dt: 159ms | tok/s: 25,735 | remaining: 11626s
step 63320 (46.2%) | loss: 10.0066 | gnorm: 2.0908 | dt: 162ms | tok/s: 25,258 | remaining: 11623s
step 63340 (46.2%) | loss: 10.6462 | gnorm: 5.2040 | dt: 158ms | tok/s: 25,910 | remaining: 11620s
step 63360 (46.2%) | loss: 10.1959 | gnorm: 2.3745 | dt: 158ms | tok/s: 25,999 | remaining: 11617s
step 63380 (46.2%) | loss: 10.9743 | gnorm: 3.8922 | dt: 159ms | tok/s: 25,817 | remaining: 11613s
step 63400 (46.2%) | loss: 10.7296 | gnorm: 2.3103 | dt: 159ms | tok/s: 25,720 | remaining: 11610s
step 63420 (46.3%) | loss: 10.0170 | gnorm: 5.4291 | dt: 161ms | tok/s: 25,367 | remaining: 11607s
step 63440 (46.3%) | loss: 10.2984 | gnorm: 2.1872 | dt: 159ms | tok/s: 25,707 | remaining: 11604s
step 63460 (46.3%) | loss: 10.8274 | gnorm: 4.4031 | dt: 159ms | tok/s: 25,780 | remaining: 11601s
step 63480 (46.3%) | loss: 9.9810 | gnorm: 2.4434 | dt: 159ms | tok/s: 25,692 | remaining: 11598s
step 63500 (46.3%) | loss: 10.7573 | gnorm: 4.2721 | dt: 158ms | tok/s: 25,870 | remaining: 11594s
step 63520 (46.3%) | loss: 10.5493 | gnorm: 2.1428 | dt: 159ms | tok/s: 25,693 | remaining: 11591s
step 63540 (46.4%) | loss: 10.4195 | gnorm: 4.0772 | dt: 157ms | tok/s: 26,127 | remaining: 11588s
step 63560 (46.4%) | loss: 12.9879 | gnorm: 2.2193 | dt: 156ms | tok/s: 26,339 | remaining: 11585s
step 63580 (46.4%) | loss: 11.7376 | gnorm: 5.3002 | dt: 157ms | tok/s: 26,134 | remaining: 11582s
step 63600 (46.4%) | loss: 10.5664 | gnorm: 2.5166 | dt: 158ms | tok/s: 25,929 | remaining: 11579s
step 63620 (46.4%) | loss: 10.7257 | gnorm: 4.1533 | dt: 158ms | tok/s: 25,965 | remaining: 11576s
step 63640 (46.4%) | loss: 10.1943 | gnorm: 1.9477 | dt: 160ms | tok/s: 25,597 | remaining: 11572s
step 63660 (46.4%) | loss: 11.0412 | gnorm: 4.4443 | dt: 156ms | tok/s: 26,239 | remaining: 11569s
step 63680 (46.5%) | loss: 10.1881 | gnorm: 2.6402 | dt: 157ms | tok/s: 26,158 | remaining: 11566s
step 63700 (46.5%) | loss: 10.9499 | gnorm: 4.7322 | dt: 156ms | tok/s: 26,231 | remaining: 11563s
step 63720 (46.5%) | loss: 10.2315 | gnorm: 2.4445 | dt: 158ms | tok/s: 25,916 | remaining: 11560s
step 63740 (46.5%) | loss: 10.7718 | gnorm: 4.4026 | dt: 159ms | tok/s: 25,809 | remaining: 11557s
step 63760 (46.5%) | loss: 9.9900 | gnorm: 2.1209 | dt: 162ms | tok/s: 25,320 | remaining: 11553s
step 63780 (46.5%) | loss: 9.7996 | gnorm: 4.8464 | dt: 158ms | tok/s: 25,985 | remaining: 11550s
step 63800 (46.5%) | loss: 10.0234 | gnorm: 2.6595 | dt: 158ms | tok/s: 25,919 | remaining: 11547s
step 63820 (46.6%) | loss: 11.5783 | gnorm: 4.3121 | dt: 158ms | tok/s: 25,973 | remaining: 11544s
step 63840 (46.6%) | loss: 10.5075 | gnorm: 3.3058 | dt: 159ms | tok/s: 25,795 | remaining: 11541s
step 63860 (46.6%) | loss: 10.2062 | gnorm: 3.7651 | dt: 160ms | tok/s: 25,641 | remaining: 11537s
step 63880 (46.6%) | loss: 9.9537 | gnorm: 2.0146 | dt: 160ms | tok/s: 25,605 | remaining: 11534s
step 63900 (46.6%) | loss: 12.0035 | gnorm: 4.1649 | dt: 161ms | tok/s: 25,399 | remaining: 11531s
step 63920 (46.6%) | loss: 10.3577 | gnorm: 2.5118 | dt: 158ms | tok/s: 25,997 | remaining: 11528s
step 63940 (46.6%) | loss: 10.1251 | gnorm: 4.6386 | dt: 158ms | tok/s: 25,908 | remaining: 11525s
step 63960 (46.7%) | loss: 9.5998 | gnorm: 1.9870 | dt: 158ms | tok/s: 25,949 | remaining: 11522s
step 63980 (46.7%) | loss: 9.6590 | gnorm: 4.0207 | dt: 158ms | tok/s: 25,895 | remaining: 11518s
step 64000 (46.7%) | loss: 9.8825 | gnorm: 2.6299 | dt: 161ms | tok/s: 25,480 | remaining: 11515s
step 64020 (46.7%) | loss: 10.6254 | gnorm: 4.0770 | dt: 161ms | tok/s: 25,486 | remaining: 11512s
step 64040 (46.7%) | loss: 10.1493 | gnorm: 2.4242 | dt: 159ms | tok/s: 25,712 | remaining: 11509s
step 64060 (46.7%) | loss: 10.5026 | gnorm: 4.7114 | dt: 157ms | tok/s: 26,155 | remaining: 11506s
step 64080 (46.7%) | loss: 9.7662 | gnorm: 1.9751 | dt: 158ms | tok/s: 25,881 | remaining: 11502s
step 64100 (46.8%) | loss: 9.5780 | gnorm: 4.2823 | dt: 159ms | tok/s: 25,728 | remaining: 11499s
step 64120 (46.8%) | loss: 9.9802 | gnorm: 2.1960 | dt: 160ms | tok/s: 25,540 | remaining: 11496s
step 64140 (46.8%) | loss: 10.4675 | gnorm: 4.1886 | dt: 160ms | tok/s: 25,583 | remaining: 11493s
step 64160 (46.8%) | loss: 9.7431 | gnorm: 2.6845 | dt: 160ms | tok/s: 25,554 | remaining: 11490s
step 64180 (46.8%) | loss: 10.0538 | gnorm: 5.9355 | dt: 160ms | tok/s: 25,538 | remaining: 11487s
step 64200 (46.8%) | loss: 10.1687 | gnorm: 2.0205 | dt: 156ms | tok/s: 26,262 | remaining: 11483s
step 64220 (46.9%) | loss: 10.8782 | gnorm: 4.0637 | dt: 157ms | tok/s: 26,007 | remaining: 11480s
step 64240 (46.9%) | loss: 10.5503 | gnorm: 2.0240 | dt: 158ms | tok/s: 25,856 | remaining: 11477s
step 64260 (46.9%) | loss: 9.7460 | gnorm: 4.9093 | dt: 158ms | tok/s: 25,871 | remaining: 11474s
step 64280 (46.9%) | loss: 9.8512 | gnorm: 1.9203 | dt: 160ms | tok/s: 25,602 | remaining: 11471s
step 64300 (46.9%) | loss: 10.4755 | gnorm: 4.9054 | dt: 162ms | tok/s: 25,216 | remaining: 11467s
step 64320 (46.9%) | loss: 10.1310 | gnorm: 3.2103 | dt: 157ms | tok/s: 26,088 | remaining: 11464s
step 64340 (46.9%) | loss: 10.6395 | gnorm: 3.6810 | dt: 158ms | tok/s: 25,999 | remaining: 11461s
step 64360 (47.0%) | loss: 10.4623 | gnorm: 2.0365 | dt: 157ms | tok/s: 26,012 | remaining: 11458s
step 64380 (47.0%) | loss: 9.8495 | gnorm: 3.9847 | dt: 160ms | tok/s: 25,674 | remaining: 11455s
step 64400 (47.0%) | loss: 9.8151 | gnorm: 2.3621 | dt: 159ms | tok/s: 25,723 | remaining: 11452s
step 64420 (47.0%) | loss: 10.2741 | gnorm: 4.3962 | dt: 162ms | tok/s: 25,254 | remaining: 11448s
step 64440 (47.0%) | loss: 10.3040 | gnorm: 2.4509 | dt: 157ms | tok/s: 26,128 | remaining: 11445s
step 64460 (47.0%) | loss: 10.0959 | gnorm: 5.3013 | dt: 159ms | tok/s: 25,828 | remaining: 11442s
step 64480 (47.0%) | loss: 9.8576 | gnorm: 2.3539 | dt: 157ms | tok/s: 26,103 | remaining: 11439s
step 64500 (47.1%) | loss: 10.6265 | gnorm: 3.6572 | dt: 159ms | tok/s: 25,767 | remaining: 11436s
step 64520 (47.1%) | loss: 9.4727 | gnorm: 2.0591 | dt: 158ms | tok/s: 25,998 | remaining: 11433s
step 64540 (47.1%) | loss: 12.2537 | gnorm: 4.2160 | dt: 159ms | tok/s: 25,705 | remaining: 11429s
step 64560 (47.1%) | loss: 9.8347 | gnorm: 2.3309 | dt: 160ms | tok/s: 25,616 | remaining: 11426s
step 64580 (47.1%) | loss: 9.9459 | gnorm: 3.7959 | dt: 157ms | tok/s: 26,161 | remaining: 11423s
step 64600 (47.1%) | loss: 10.2018 | gnorm: 2.1117 | dt: 156ms | tok/s: 26,290 | remaining: 11420s
step 64620 (47.1%) | loss: 10.3207 | gnorm: 5.1643 | dt: 158ms | tok/s: 25,872 | remaining: 11417s
step 64640 (47.2%) | loss: 9.7656 | gnorm: 2.1640 | dt: 160ms | tok/s: 25,671 | remaining: 11414s
step 64660 (47.2%) | loss: 9.9490 | gnorm: 5.4262 | dt: 159ms | tok/s: 25,688 | remaining: 11410s
step 64680 (47.2%) | loss: 9.8287 | gnorm: 2.3225 | dt: 155ms | tok/s: 26,479 | remaining: 11407s
step 64700 (47.2%) | loss: 10.0511 | gnorm: 4.3481 | dt: 157ms | tok/s: 26,045 | remaining: 11404s
step 64720 (47.2%) | loss: 10.3255 | gnorm: 2.3307 | dt: 156ms | tok/s: 26,231 | remaining: 11401s
step 64740 (47.2%) | loss: 10.4614 | gnorm: 3.4616 | dt: 159ms | tok/s: 25,818 | remaining: 11398s
step 64760 (47.2%) | loss: 9.4271 | gnorm: 1.9984 | dt: 159ms | tok/s: 25,825 | remaining: 11395s
step 64780 (47.3%) | loss: 10.6369 | gnorm: 4.4569 | dt: 161ms | tok/s: 25,388 | remaining: 11391s
step 64800 (47.3%) | loss: 10.0748 | gnorm: 2.1640 | dt: 157ms | tok/s: 26,100 | remaining: 11388s
step 64820 (47.3%) | loss: 9.7548 | gnorm: 4.0261 | dt: 158ms | tok/s: 25,896 | remaining: 11385s
step 64840 (47.3%) | loss: 10.1040 | gnorm: 2.6012 | dt: 158ms | tok/s: 25,944 | remaining: 11382s
step 64860 (47.3%) | loss: 10.1912 | gnorm: 4.0070 | dt: 158ms | tok/s: 25,851 | remaining: 11379s
step 64880 (47.3%) | loss: 9.5938 | gnorm: 2.2220 | dt: 160ms | tok/s: 25,560 | remaining: 11376s
step 64900 (47.3%) | loss: 9.6506 | gnorm: 4.3058 | dt: 158ms | tok/s: 25,928 | remaining: 11372s
step 64920 (47.4%) | loss: 10.1949 | gnorm: 2.0470 | dt: 157ms | tok/s: 26,151 | remaining: 11369s
step 64940 (47.4%) | loss: 11.1252 | gnorm: 4.9013 | dt: 156ms | tok/s: 26,320 | remaining: 11366s
step 64960 (47.4%) | loss: 9.2115 | gnorm: 2.2230 | dt: 158ms | tok/s: 25,943 | remaining: 11363s
step 64980 (47.4%) | loss: 10.2639 | gnorm: 5.0600 | dt: 158ms | tok/s: 25,952 | remaining: 11360s
step 65000 (47.4%) | loss: 9.8252 | gnorm: 2.1147 | dt: 161ms | tok/s: 25,500 | remaining: 11357s
step 65020 (47.4%) | loss: 9.9203 | gnorm: 3.8347 | dt: 156ms | tok/s: 26,189 | remaining: 11353s
step 65040 (47.5%) | loss: 9.6155 | gnorm: 2.2428 | dt: 157ms | tok/s: 26,057 | remaining: 11350s
step 65060 (47.5%) | loss: 10.7047 | gnorm: 5.1487 | dt: 157ms | tok/s: 26,069 | remaining: 11347s
step 65080 (47.5%) | loss: 10.4960 | gnorm: 2.3607 | dt: 159ms | tok/s: 25,705 | remaining: 11344s
step 65100 (47.5%) | loss: 11.0777 | gnorm: 4.0076 | dt: 160ms | tok/s: 25,628 | remaining: 11341s
step 65120 (47.5%) | loss: 10.2072 | gnorm: 2.2422 | dt: 157ms | tok/s: 26,025 | remaining: 11338s
step 65140 (47.5%) | loss: 10.1022 | gnorm: 4.5426 | dt: 157ms | tok/s: 26,015 | remaining: 11335s
step 65160 (47.5%) | loss: 10.4556 | gnorm: 2.6449 | dt: 159ms | tok/s: 25,803 | remaining: 11331s
step 65180 (47.6%) | loss: 9.8712 | gnorm: 4.2158 | dt: 159ms | tok/s: 25,796 | remaining: 11328s
step 65200 (47.6%) | loss: 9.0603 | gnorm: 2.2177 | dt: 158ms | tok/s: 25,863 | remaining: 11325s
step 65220 (47.6%) | loss: 9.7629 | gnorm: 3.4133 | dt: 159ms | tok/s: 25,723 | remaining: 11322s
step 65240 (47.6%) | loss: 8.3718 | gnorm: 2.6358 | dt: 156ms | tok/s: 26,199 | remaining: 11319s
step 65260 (47.6%) | loss: 9.1114 | gnorm: 3.6524 | dt: 157ms | tok/s: 26,020 | remaining: 11316s
step 65280 (47.6%) | loss: 8.8849 | gnorm: 2.2298 | dt: 157ms | tok/s: 26,053 | remaining: 11312s
step 65300 (47.6%) | loss: 9.4515 | gnorm: 3.6034 | dt: 163ms | tok/s: 25,187 | remaining: 11309s
step 65320 (47.7%) | loss: 8.6878 | gnorm: 2.3615 | dt: 161ms | tok/s: 25,375 | remaining: 11306s
step 65340 (47.7%) | loss: 9.4034 | gnorm: 4.0946 | dt: 157ms | tok/s: 26,036 | remaining: 11303s
step 65360 (47.7%) | loss: 10.8282 | gnorm: 2.3688 | dt: 158ms | tok/s: 25,946 | remaining: 11300s
step 65380 (47.7%) | loss: 10.1680 | gnorm: 4.8618 | dt: 157ms | tok/s: 26,060 | remaining: 11297s
step 65400 (47.7%) | loss: 9.3451 | gnorm: 2.3534 | dt: 159ms | tok/s: 25,840 | remaining: 11293s
step 65420 (47.7%) | loss: 9.8067 | gnorm: 4.3988 | dt: 159ms | tok/s: 25,689 | remaining: 11290s
step 65440 (47.7%) | loss: 9.3349 | gnorm: 2.2686 | dt: 162ms | tok/s: 25,216 | remaining: 11287s
step 65460 (47.8%) | loss: 8.7630 | gnorm: 3.6999 | dt: 156ms | tok/s: 26,192 | remaining: 11284s
step 65480 (47.8%) | loss: 9.2609 | gnorm: 1.9666 | dt: 156ms | tok/s: 26,276 | remaining: 11281s
step 65500 (47.8%) | loss: 10.2921 | gnorm: 3.9914 | dt: 157ms | tok/s: 26,039 | remaining: 11278s
step 65520 (47.8%) | loss: 9.0861 | gnorm: 2.1589 | dt: 158ms | tok/s: 25,875 | remaining: 11274s
step 65540 (47.8%) | loss: 9.1335 | gnorm: 4.0072 | dt: 159ms | tok/s: 25,744 | remaining: 11271s
step 65560 (47.8%) | loss: 8.5603 | gnorm: 1.9478 | dt: 160ms | tok/s: 25,549 | remaining: 11268s
step 65580 (47.8%) | loss: 9.5763 | gnorm: 3.2505 | dt: 156ms | tok/s: 26,174 | remaining: 11265s
step 65600 (47.9%) | loss: 9.0405 | gnorm: 2.3629 | dt: 157ms | tok/s: 26,029 | remaining: 11262s
step 65620 (47.9%) | loss: 10.7259 | gnorm: 4.5837 | dt: 159ms | tok/s: 25,776 | remaining: 11259s
step 65640 (47.9%) | loss: 9.5039 | gnorm: 1.9829 | dt: 160ms | tok/s: 25,632 | remaining: 11255s
step 65660 (47.9%) | loss: 11.1589 | gnorm: 3.9742 | dt: 160ms | tok/s: 25,527 | remaining: 11252s
step 65680 (47.9%) | loss: 9.6979 | gnorm: 2.6439 | dt: 159ms | tok/s: 25,719 | remaining: 11249s
step 65700 (47.9%) | loss: 9.3464 | gnorm: 4.1473 | dt: 156ms | tok/s: 26,322 | remaining: 11246s
step 65720 (47.9%) | loss: 10.3481 | gnorm: 1.9926 | dt: 157ms | tok/s: 26,115 | remaining: 11243s
step 65740 (48.0%) | loss: 10.3781 | gnorm: 4.1597 | dt: 158ms | tok/s: 25,856 | remaining: 11240s
step 65760 (48.0%) | loss: 9.9801 | gnorm: 2.3712 | dt: 159ms | tok/s: 25,684 | remaining: 11236s
step 65780 (48.0%) | loss: 10.8412 | gnorm: 5.4002 | dt: 161ms | tok/s: 25,420 | remaining: 11233s
step 65800 (48.0%) | loss: 10.0633 | gnorm: 2.2139 | dt: 159ms | tok/s: 25,788 | remaining: 11230s
step 65820 (48.0%) | loss: 9.6342 | gnorm: 4.1784 | dt: 157ms | tok/s: 26,150 | remaining: 11227s
step 65840 (48.0%) | loss: 10.1816 | gnorm: 2.3001 | dt: 157ms | tok/s: 26,095 | remaining: 11224s
step 65860 (48.1%) | loss: 10.0855 | gnorm: 4.1445 | dt: 158ms | tok/s: 25,997 | remaining: 11221s
step 65880 (48.1%) | loss: 9.5133 | gnorm: 2.2744 | dt: 158ms | tok/s: 25,884 | remaining: 11217s
step 65900 (48.1%) | loss: 10.1384 | gnorm: 4.4350 | dt: 160ms | tok/s: 25,572 | remaining: 11214s
step 65920 (48.1%) | loss: 9.6709 | gnorm: 2.4204 | dt: 160ms | tok/s: 25,610 | remaining: 11211s
step 65940 (48.1%) | loss: 10.0087 | gnorm: 3.9755 | dt: 157ms | tok/s: 26,038 | remaining: 11208s
step 65960 (48.1%) | loss: 10.0822 | gnorm: 2.3410 | dt: 158ms | tok/s: 25,889 | remaining: 11205s
step 65980 (48.1%) | loss: 10.0014 | gnorm: 4.4473 | dt: 158ms | tok/s: 25,928 | remaining: 11202s
step 66000 (48.2%) | loss: 10.2036 | gnorm: 2.2388 | dt: 159ms | tok/s: 25,829 | remaining: 11198s
step 66020 (48.2%) | loss: 10.7059 | gnorm: 4.1504 | dt: 160ms | tok/s: 25,626 | remaining: 11195s
step 66040 (48.2%) | loss: 9.8653 | gnorm: 2.4545 | dt: 162ms | tok/s: 25,358 | remaining: 11192s
step 66060 (48.2%) | loss: 9.7103 | gnorm: 3.8734 | dt: 158ms | tok/s: 25,881 | remaining: 11189s
step 66080 (48.2%) | loss: 11.1647 | gnorm: 2.0408 | dt: 157ms | tok/s: 26,160 | remaining: 11186s
step 66100 (48.2%) | loss: 10.1961 | gnorm: 3.9140 | dt: 158ms | tok/s: 25,956 | remaining: 11182s
step 66120 (48.2%) | loss: 10.3787 | gnorm: 2.4230 | dt: 158ms | tok/s: 25,844 | remaining: 11179s
step 66140 (48.3%) | loss: 10.6432 | gnorm: 4.5984 | dt: 159ms | tok/s: 25,760 | remaining: 11176s
step 66160 (48.3%) | loss: 10.6346 | gnorm: 2.0767 | dt: 159ms | tok/s: 25,779 | remaining: 11173s
step 66180 (48.3%) | loss: 10.2476 | gnorm: 4.4385 | dt: 161ms | tok/s: 25,403 | remaining: 11170s
step 66200 (48.3%) | loss: 9.7893 | gnorm: 2.1725 | dt: 167ms | tok/s: 24,544 | remaining: 11167s
step 66220 (48.3%) | loss: 11.7893 | gnorm: 4.0907 | dt: 157ms | tok/s: 26,041 | remaining: 11163s
step 66240 (48.3%) | loss: 10.0136 | gnorm: 2.1839 | dt: 157ms | tok/s: 26,017 | remaining: 11160s
step 66260 (48.3%) | loss: 10.1190 | gnorm: 4.9212 | dt: 159ms | tok/s: 25,834 | remaining: 11157s
step 66280 (48.4%) | loss: 9.8509 | gnorm: 2.2914 | dt: 160ms | tok/s: 25,618 | remaining: 11154s
step 66300 (48.4%) | loss: 11.0404 | gnorm: 3.9841 | dt: 161ms | tok/s: 25,486 | remaining: 11151s
step 66320 (48.4%) | loss: 9.7228 | gnorm: 2.1306 | dt: 158ms | tok/s: 25,952 | remaining: 11148s
step 66340 (48.4%) | loss: 9.9861 | gnorm: 4.2107 | dt: 156ms | tok/s: 26,300 | remaining: 11144s
step 66360 (48.4%) | loss: 9.9109 | gnorm: 2.4857 | dt: 158ms | tok/s: 25,985 | remaining: 11141s
step 66380 (48.4%) | loss: 9.6862 | gnorm: 4.1338 | dt: 158ms | tok/s: 25,946 | remaining: 11138s
step 66400 (48.4%) | loss: 9.5851 | gnorm: 2.2734 | dt: 159ms | tok/s: 25,832 | remaining: 11135s
step 66420 (48.5%) | loss: 10.6502 | gnorm: 4.4669 | dt: 159ms | tok/s: 25,737 | remaining: 11132s
step 66440 (48.5%) | loss: 10.5822 | gnorm: 2.0771 | dt: 162ms | tok/s: 25,292 | remaining: 11128s
step 66460 (48.5%) | loss: 9.8273 | gnorm: 4.0259 | dt: 157ms | tok/s: 26,098 | remaining: 11125s
step 66480 (48.5%) | loss: 9.9128 | gnorm: 1.9968 | dt: 158ms | tok/s: 25,844 | remaining: 11122s
step 66500 (48.5%) | loss: 10.2079 | gnorm: 4.0619 | dt: 158ms | tok/s: 25,972 | remaining: 11119s
step 66520 (48.5%) | loss: 9.8188 | gnorm: 2.2152 | dt: 160ms | tok/s: 25,668 | remaining: 11116s
step 66540 (48.6%) | loss: 11.1029 | gnorm: 4.6887 | dt: 160ms | tok/s: 25,595 | remaining: 11113s
step 66560 (48.6%) | loss: 9.7019 | gnorm: 2.3942 | dt: 162ms | tok/s: 25,240 | remaining: 11109s
step 66580 (48.6%) | loss: 11.0525 | gnorm: 4.7795 | dt: 160ms | tok/s: 25,531 | remaining: 11106s
step 66600 (48.6%) | loss: 10.6064 | gnorm: 2.1479 | dt: 158ms | tok/s: 25,908 | remaining: 11103s
step 66620 (48.6%) | loss: 10.8835 | gnorm: 3.9626 | dt: 158ms | tok/s: 25,998 | remaining: 11100s
step 66640 (48.6%) | loss: 10.6154 | gnorm: 2.2021 | dt: 159ms | tok/s: 25,837 | remaining: 11097s
step 66660 (48.6%) | loss: 10.0170 | gnorm: 4.2881 | dt: 158ms | tok/s: 25,930 | remaining: 11094s
step 66680 (48.7%) | loss: 9.6815 | gnorm: 2.2688 | dt: 160ms | tok/s: 25,558 | remaining: 11090s
step 66700 (48.7%) | loss: 11.9696 | gnorm: 6.0667 | dt: 160ms | tok/s: 25,624 | remaining: 11087s
step 66720 (48.7%) | loss: 10.4966 | gnorm: 2.3140 | dt: 156ms | tok/s: 26,214 | remaining: 11084s
step 66740 (48.7%) | loss: 10.0844 | gnorm: 4.5009 | dt: 158ms | tok/s: 25,934 | remaining: 11081s
step 66760 (48.7%) | loss: 9.9457 | gnorm: 2.3154 | dt: 158ms | tok/s: 25,940 | remaining: 11078s
step 66780 (48.7%) | loss: 10.8948 | gnorm: 4.6645 | dt: 158ms | tok/s: 25,907 | remaining: 11075s
step 66800 (48.7%) | loss: 10.0648 | gnorm: 2.1590 | dt: 159ms | tok/s: 25,722 | remaining: 11071s
step 66820 (48.8%) | loss: 10.9672 | gnorm: 4.2731 | dt: 162ms | tok/s: 25,311 | remaining: 11068s
step 66840 (48.8%) | loss: 9.9910 | gnorm: 2.1336 | dt: 159ms | tok/s: 25,776 | remaining: 11065s
step 66860 (48.8%) | loss: 10.7701 | gnorm: 5.1967 | dt: 157ms | tok/s: 26,133 | remaining: 11062s
step 66880 (48.8%) | loss: 9.9456 | gnorm: 1.9641 | dt: 158ms | tok/s: 25,965 | remaining: 11059s
step 66900 (48.8%) | loss: 9.6978 | gnorm: 4.1759 | dt: 158ms | tok/s: 25,858 | remaining: 11055s
step 66920 (48.8%) | loss: 9.5749 | gnorm: 2.1214 | dt: 159ms | tok/s: 25,705 | remaining: 11052s
step 66940 (48.8%) | loss: 9.5275 | gnorm: 3.7222 | dt: 160ms | tok/s: 25,644 | remaining: 11049s
step 66960 (48.9%) | loss: 9.9802 | gnorm: 2.6310 | dt: 154ms | tok/s: 26,628 | remaining: 11046s
step 66980 (48.9%) | loss: 9.9665 | gnorm: 4.5538 | dt: 155ms | tok/s: 26,419 | remaining: 11043s
step 67000 (48.9%) | loss: 9.5609 | gnorm: 2.6708 | dt: 156ms | tok/s: 26,267 | remaining: 11040s
step 67020 (48.9%) | loss: 10.5830 | gnorm: 4.4775 | dt: 158ms | tok/s: 25,982 | remaining: 11036s
step 67040 (48.9%) | loss: 11.1647 | gnorm: 2.6641 | dt: 159ms | tok/s: 25,719 | remaining: 11033s
step 67060 (48.9%) | loss: 10.8027 | gnorm: 4.2619 | dt: 161ms | tok/s: 25,504 | remaining: 11030s
step 67080 (48.9%) | loss: 10.1099 | gnorm: 2.2374 | dt: 158ms | tok/s: 25,992 | remaining: 11027s
step 67100 (49.0%) | loss: 11.7192 | gnorm: 4.6649 | dt: 157ms | tok/s: 26,093 | remaining: 11024s
step 67120 (49.0%) | loss: 10.2154 | gnorm: 2.3559 | dt: 157ms | tok/s: 26,126 | remaining: 11021s
step 67140 (49.0%) | loss: 10.3768 | gnorm: 4.5653 | dt: 157ms | tok/s: 26,127 | remaining: 11017s
step 67160 (49.0%) | loss: 10.1754 | gnorm: 2.0889 | dt: 159ms | tok/s: 25,710 | remaining: 11014s
step 67180 (49.0%) | loss: 12.7374 | gnorm: 4.6059 | dt: 160ms | tok/s: 25,576 | remaining: 11011s
step 67200 (49.0%) | loss: 10.0505 | gnorm: 2.4941 | dt: 158ms | tok/s: 25,845 | remaining: 11008s
step 67220 (49.1%) | loss: 10.7982 | gnorm: 4.2757 | dt: 157ms | tok/s: 26,035 | remaining: 11005s
step 67240 (49.1%) | loss: 10.6130 | gnorm: 2.7497 | dt: 157ms | tok/s: 26,110 | remaining: 11002s
step 67260 (49.1%) | loss: 10.6248 | gnorm: 4.1378 | dt: 158ms | tok/s: 25,864 | remaining: 10998s
step 67280 (49.1%) | loss: 9.7952 | gnorm: 2.0037 | dt: 159ms | tok/s: 25,790 | remaining: 10995s
step 67300 (49.1%) | loss: 11.3001 | gnorm: 5.5721 | dt: 159ms | tok/s: 25,827 | remaining: 10992s
step 67320 (49.1%) | loss: 9.6234 | gnorm: 2.3994 | dt: 156ms | tok/s: 26,333 | remaining: 10989s
step 67340 (49.1%) | loss: 13.2945 | gnorm: 6.9198 | dt: 153ms | tok/s: 26,803 | remaining: 10986s
step 67360 (49.2%) | loss: 10.6241 | gnorm: 2.2047 | dt: 159ms | tok/s: 25,743 | remaining: 10983s
step 67380 (49.2%) | loss: 10.6678 | gnorm: 4.2269 | dt: 159ms | tok/s: 25,803 | remaining: 10979s
step 67400 (49.2%) | loss: 10.1645 | gnorm: 1.8871 | dt: 160ms | tok/s: 25,567 | remaining: 10976s
step 67420 (49.2%) | loss: 10.1188 | gnorm: 4.2847 | dt: 161ms | tok/s: 25,458 | remaining: 10973s
step 67440 (49.2%) | loss: 10.1388 | gnorm: 2.3574 | dt: 157ms | tok/s: 26,028 | remaining: 10970s
step 67460 (49.2%) | loss: 12.4822 | gnorm: 4.7385 | dt: 159ms | tok/s: 25,700 | remaining: 10967s
step 67480 (49.2%) | loss: 10.0999 | gnorm: 2.0753 | dt: 159ms | tok/s: 25,762 | remaining: 10964s
step 67500 (49.3%) | loss: 10.0461 | gnorm: 3.7814 | dt: 159ms | tok/s: 25,783 | remaining: 10960s
step 67520 (49.3%) | loss: 9.7960 | gnorm: 2.1779 | dt: 159ms | tok/s: 25,691 | remaining: 10957s
step 67540 (49.3%) | loss: 10.2213 | gnorm: 4.0436 | dt: 161ms | tok/s: 25,369 | remaining: 10954s
step 67560 (49.3%) | loss: 9.5366 | gnorm: 2.1449 | dt: 156ms | tok/s: 26,316 | remaining: 10951s
step 67580 (49.3%) | loss: 12.5537 | gnorm: 3.9487 | dt: 160ms | tok/s: 25,662 | remaining: 10948s
step 67600 (49.3%) | loss: 10.2218 | gnorm: 2.2879 | dt: 159ms | tok/s: 25,710 | remaining: 10945s
step 67620 (49.3%) | loss: 10.0440 | gnorm: 3.8156 | dt: 158ms | tok/s: 25,891 | remaining: 10941s
step 67640 (49.4%) | loss: 9.8438 | gnorm: 3.0158 | dt: 158ms | tok/s: 25,842 | remaining: 10938s
step 67660 (49.4%) | loss: 10.4896 | gnorm: 4.8311 | dt: 159ms | tok/s: 25,703 | remaining: 10935s
step 67680 (49.4%) | loss: 9.7873 | gnorm: 2.2610 | dt: 157ms | tok/s: 26,161 | remaining: 10932s
step 67700 (49.4%) | loss: 9.3122 | gnorm: 4.2183 | dt: 156ms | tok/s: 26,206 | remaining: 10929s
step 67720 (49.4%) | loss: 13.3139 | gnorm: 2.4039 | dt: 154ms | tok/s: 26,591 | remaining: 10926s
step 67740 (49.4%) | loss: 11.6307 | gnorm: 4.2358 | dt: 157ms | tok/s: 26,008 | remaining: 10922s
step 67760 (49.4%) | loss: 10.2275 | gnorm: 2.2688 | dt: 160ms | tok/s: 25,628 | remaining: 10919s
step 67780 (49.5%) | loss: 10.2216 | gnorm: 4.1556 | dt: 162ms | tok/s: 25,310 | remaining: 10916s
step 67800 (49.5%) | loss: 10.0591 | gnorm: 2.0985 | dt: 157ms | tok/s: 26,131 | remaining: 10913s
step 67820 (49.5%) | loss: 10.1311 | gnorm: 4.4292 | dt: 158ms | tok/s: 25,957 | remaining: 10910s
step 67840 (49.5%) | loss: 9.5645 | gnorm: 2.4259 | dt: 157ms | tok/s: 26,073 | remaining: 10907s
step 67860 (49.5%) | loss: 10.7819 | gnorm: 4.8755 | dt: 158ms | tok/s: 25,922 | remaining: 10903s
step 67880 (49.5%) | loss: 9.9201 | gnorm: 2.2341 | dt: 159ms | tok/s: 25,827 | remaining: 10900s
step 67900 (49.5%) | loss: 10.3905 | gnorm: 3.7897 | dt: 160ms | tok/s: 25,559 | remaining: 10897s
step 67920 (49.6%) | loss: 9.3388 | gnorm: 2.2651 | dt: 157ms | tok/s: 26,124 | remaining: 10894s
step 67940 (49.6%) | loss: 11.2261 | gnorm: 4.2140 | dt: 155ms | tok/s: 26,373 | remaining: 10891s
step 67960 (49.6%) | loss: 9.6927 | gnorm: 2.0885 | dt: 158ms | tok/s: 25,967 | remaining: 10888s
step 67980 (49.6%) | loss: 10.4900 | gnorm: 4.7572 | dt: 158ms | tok/s: 25,869 | remaining: 10884s
step 68000 (49.6%) | loss: 9.6800 | gnorm: 2.1650 | dt: 161ms | tok/s: 25,476 | remaining: 10881s
step 68020 (49.6%) | loss: 9.7474 | gnorm: 4.3030 | dt: 161ms | tok/s: 25,437 | remaining: 10878s
step 68040 (49.7%) | loss: 9.3134 | gnorm: 2.0986 | dt: 157ms | tok/s: 26,061 | remaining: 10875s
step 68060 (49.7%) | loss: 9.9200 | gnorm: 4.4855 | dt: 155ms | tok/s: 26,345 | remaining: 10872s
step 68080 (49.7%) | loss: 9.3062 | gnorm: 2.0757 | dt: 157ms | tok/s: 26,046 | remaining: 10869s
step 68100 (49.7%) | loss: 10.0952 | gnorm: 4.4834 | dt: 156ms | tok/s: 26,334 | remaining: 10865s
step 68120 (49.7%) | loss: 9.5696 | gnorm: 2.1123 | dt: 160ms | tok/s: 25,602 | remaining: 10862s
step 68140 (49.7%) | loss: 10.1611 | gnorm: 3.8066 | dt: 162ms | tok/s: 25,355 | remaining: 10859s
step 68160 (49.7%) | loss: 9.9459 | gnorm: 2.6120 | dt: 156ms | tok/s: 26,211 | remaining: 10856s
step 68180 (49.8%) | loss: 10.1607 | gnorm: 4.8435 | dt: 159ms | tok/s: 25,760 | remaining: 10853s
step 68200 (49.8%) | loss: 9.8089 | gnorm: 2.0035 | dt: 174ms | tok/s: 23,550 | remaining: 10849s
step 68220 (49.8%) | loss: 9.7332 | gnorm: 5.2585 | dt: 159ms | tok/s: 25,793 | remaining: 10846s
step 68240 (49.8%) | loss: 10.0586 | gnorm: 2.1364 | dt: 159ms | tok/s: 25,744 | remaining: 10843s
step 68260 (49.8%) | loss: 10.0515 | gnorm: 4.9122 | dt: 160ms | tok/s: 25,595 | remaining: 10840s
step 68280 (49.8%) | loss: 9.3459 | gnorm: 2.4072 | dt: 161ms | tok/s: 25,472 | remaining: 10837s
step 68300 (49.8%) | loss: 10.6330 | gnorm: 3.9304 | dt: 158ms | tok/s: 25,892 | remaining: 10834s
step 68320 (49.9%) | loss: 8.8675 | gnorm: 2.2995 | dt: 157ms | tok/s: 26,077 | remaining: 10830s
step 68340 (49.9%) | loss: 10.1612 | gnorm: 4.5322 | dt: 159ms | tok/s: 25,730 | remaining: 10827s
step 68360 (49.9%) | loss: 9.4356 | gnorm: 2.0814 | dt: 158ms | tok/s: 25,863 | remaining: 10824s
step 68380 (49.9%) | loss: 9.4344 | gnorm: 5.6745 | dt: 160ms | tok/s: 25,578 | remaining: 10821s
step 68400 (49.9%) | loss: 9.9580 | gnorm: 2.2397 | dt: 161ms | tok/s: 25,371 | remaining: 10818s
step 68420 (49.9%) | loss: 10.4278 | gnorm: 3.3949 | dt: 156ms | tok/s: 26,188 | remaining: 10815s
step 68440 (49.9%) | loss: 10.0728 | gnorm: 2.1375 | dt: 158ms | tok/s: 25,972 | remaining: 10811s
step 68460 (50.0%) | loss: 10.4035 | gnorm: 3.4289 | dt: 159ms | tok/s: 25,822 | remaining: 10808s
step 68480 (50.0%) | loss: 9.7564 | gnorm: 2.2036 | dt: 159ms | tok/s: 25,802 | remaining: 10805s
step 68500 (50.0%) | loss: 9.9018 | gnorm: 3.7503 | dt: 159ms | tok/s: 25,685 | remaining: 10802s
step 68520 (50.0%) | loss: 9.9872 | gnorm: 2.0268 | dt: 161ms | tok/s: 25,509 | remaining: 10799s
step 68540 (50.0%) | loss: 10.4409 | gnorm: 4.3402 | dt: 158ms | tok/s: 25,991 | remaining: 10796s
step 68560 (50.0%) | loss: 9.6166 | gnorm: 2.2138 | dt: 158ms | tok/s: 25,957 | remaining: 10792s
step 68580 (50.0%) | loss: 10.8494 | gnorm: 5.3516 | dt: 159ms | tok/s: 25,790 | remaining: 10789s
step 68600 (50.1%) | loss: 9.8526 | gnorm: 2.3460 | dt: 159ms | tok/s: 25,803 | remaining: 10786s
step 68620 (50.1%) | loss: 10.3085 | gnorm: 5.1374 | dt: 160ms | tok/s: 25,665 | remaining: 10783s
step 68640 (50.1%) | loss: 11.4024 | gnorm: 2.1891 | dt: 161ms | tok/s: 25,392 | remaining: 10780s
step 68660 (50.1%) | loss: 10.4558 | gnorm: 4.2353 | dt: 156ms | tok/s: 26,228 | remaining: 10777s
step 68680 (50.1%) | loss: 9.9135 | gnorm: 2.2282 | dt: 157ms | tok/s: 26,064 | remaining: 10773s
step 68700 (50.1%) | loss: 10.3943 | gnorm: 4.0271 | dt: 158ms | tok/s: 25,892 | remaining: 10770s
step 68720 (50.2%) | loss: 10.0070 | gnorm: 2.3590 | dt: 158ms | tok/s: 25,872 | remaining: 10767s
step 68740 (50.2%) | loss: 9.7418 | gnorm: 4.0470 | dt: 162ms | tok/s: 25,309 | remaining: 10764s
step 68760 (50.2%) | loss: 9.2027 | gnorm: 2.1291 | dt: 160ms | tok/s: 25,521 | remaining: 10761s
step 68780 (50.2%) | loss: 10.5302 | gnorm: 4.0875 | dt: 156ms | tok/s: 26,281 | remaining: 10757s
step 68800 (50.2%) | loss: 8.6122 | gnorm: 2.0254 | dt: 158ms | tok/s: 25,924 | remaining: 10754s
step 68820 (50.2%) | loss: 9.3669 | gnorm: 4.7034 | dt: 158ms | tok/s: 25,986 | remaining: 10751s
step 68840 (50.2%) | loss: 9.3542 | gnorm: 2.3804 | dt: 158ms | tok/s: 25,917 | remaining: 10748s
step 68860 (50.3%) | loss: 9.4856 | gnorm: 4.0159 | dt: 160ms | tok/s: 25,564 | remaining: 10745s
step 68880 (50.3%) | loss: 9.1205 | gnorm: 1.8022 | dt: 161ms | tok/s: 25,446 | remaining: 10742s
step 68900 (50.3%) | loss: 8.6219 | gnorm: 3.7500 | dt: 158ms | tok/s: 25,932 | remaining: 10738s
step 68920 (50.3%) | loss: 8.0484 | gnorm: 2.0512 | dt: 157ms | tok/s: 26,069 | remaining: 10735s
step 68940 (50.3%) | loss: 8.1499 | gnorm: 3.9807 | dt: 157ms | tok/s: 26,123 | remaining: 10732s
step 68960 (50.3%) | loss: 9.2069 | gnorm: 1.9845 | dt: 159ms | tok/s: 25,789 | remaining: 10729s
step 68980 (50.3%) | loss: 9.2021 | gnorm: 5.0594 | dt: 160ms | tok/s: 25,676 | remaining: 10726s
step 69000 (50.4%) | loss: 8.9482 | gnorm: 2.0755 | dt: 161ms | tok/s: 25,518 | remaining: 10723s
step 69020 (50.4%) | loss: 9.7538 | gnorm: 4.1339 | dt: 156ms | tok/s: 26,281 | remaining: 10719s
step 69040 (50.4%) | loss: 8.9170 | gnorm: 2.0374 | dt: 157ms | tok/s: 26,088 | remaining: 10716s
step 69060 (50.4%) | loss: 9.3418 | gnorm: 4.0121 | dt: 158ms | tok/s: 25,885 | remaining: 10713s
step 69080 (50.4%) | loss: 8.7440 | gnorm: 1.9645 | dt: 159ms | tok/s: 25,783 | remaining: 10710s
step 69100 (50.4%) | loss: 8.5494 | gnorm: 4.3033 | dt: 159ms | tok/s: 25,761 | remaining: 10707s
step 69120 (50.4%) | loss: 8.8230 | gnorm: 2.1506 | dt: 161ms | tok/s: 25,371 | remaining: 10704s
step 69140 (50.5%) | loss: 9.3802 | gnorm: 5.0802 | dt: 157ms | tok/s: 26,095 | remaining: 10700s
step 69160 (50.5%) | loss: 9.0139 | gnorm: 2.2872 | dt: 157ms | tok/s: 26,056 | remaining: 10697s
step 69180 (50.5%) | loss: 8.9605 | gnorm: 4.4178 | dt: 158ms | tok/s: 25,913 | remaining: 10694s
step 69200 (50.5%) | loss: 8.5082 | gnorm: 1.9544 | dt: 158ms | tok/s: 25,876 | remaining: 10691s
step 69220 (50.5%) | loss: 8.8338 | gnorm: 4.2934 | dt: 159ms | tok/s: 25,685 | remaining: 10688s
step 69240 (50.5%) | loss: 9.6237 | gnorm: 2.3452 | dt: 162ms | tok/s: 25,217 | remaining: 10685s
step 69260 (50.5%) | loss: 9.2608 | gnorm: 3.4474 | dt: 156ms | tok/s: 26,234 | remaining: 10681s
step 69280 (50.6%) | loss: 9.8619 | gnorm: 2.0892 | dt: 157ms | tok/s: 26,081 | remaining: 10678s
step 69300 (50.6%) | loss: 10.4255 | gnorm: 4.2540 | dt: 157ms | tok/s: 26,124 | remaining: 10675s
step 69320 (50.6%) | loss: 9.4284 | gnorm: 2.1375 | dt: 158ms | tok/s: 25,991 | remaining: 10672s
step 69340 (50.6%) | loss: 9.0932 | gnorm: 3.9154 | dt: 160ms | tok/s: 25,673 | remaining: 10669s
step 69360 (50.6%) | loss: 9.6543 | gnorm: 2.1445 | dt: 160ms | tok/s: 25,592 | remaining: 10666s
step 69380 (50.6%) | loss: 10.6550 | gnorm: 4.4373 | dt: 156ms | tok/s: 26,200 | remaining: 10662s
step 69400 (50.7%) | loss: 10.1201 | gnorm: 2.3164 | dt: 156ms | tok/s: 26,215 | remaining: 10659s
step 69420 (50.7%) | loss: 10.2948 | gnorm: 4.0194 | dt: 158ms | tok/s: 25,875 | remaining: 10656s
step 69440 (50.7%) | loss: 10.5846 | gnorm: 2.3179 | dt: 159ms | tok/s: 25,759 | remaining: 10653s
step 69460 (50.7%) | loss: 8.4343 | gnorm: 3.1093 | dt: 159ms | tok/s: 25,684 | remaining: 10650s
step 69480 (50.7%) | loss: 9.8432 | gnorm: 2.2856 | dt: 159ms | tok/s: 25,785 | remaining: 10647s
step 69500 (50.7%) | loss: 9.8809 | gnorm: 3.8711 | dt: 156ms | tok/s: 26,232 | remaining: 10643s
step 69520 (50.7%) | loss: 10.6353 | gnorm: 3.0987 | dt: 157ms | tok/s: 26,094 | remaining: 10640s
step 69540 (50.8%) | loss: 10.0066 | gnorm: 4.1476 | dt: 158ms | tok/s: 25,900 | remaining: 10637s
step 69560 (50.8%) | loss: 10.6547 | gnorm: 2.7033 | dt: 159ms | tok/s: 25,718 | remaining: 10634s
step 69580 (50.8%) | loss: 11.1297 | gnorm: 4.2866 | dt: 160ms | tok/s: 25,606 | remaining: 10631s
step 69600 (50.8%) | loss: 10.1219 | gnorm: 2.4443 | dt: 155ms | tok/s: 26,398 | remaining: 10628s
step 69620 (50.8%) | loss: 10.0713 | gnorm: 4.7358 | dt: 158ms | tok/s: 25,863 | remaining: 10624s
step 69640 (50.8%) | loss: 9.6928 | gnorm: 2.0542 | dt: 158ms | tok/s: 25,971 | remaining: 10621s
step 69660 (50.8%) | loss: 10.2526 | gnorm: 4.6842 | dt: 159ms | tok/s: 25,695 | remaining: 10618s
step 69680 (50.9%) | loss: 10.8262 | gnorm: 2.4238 | dt: 159ms | tok/s: 25,761 | remaining: 10615s
step 69700 (50.9%) | loss: 11.3606 | gnorm: 5.8815 | dt: 161ms | tok/s: 25,455 | remaining: 10612s
step 69720 (50.9%) | loss: 10.6071 | gnorm: 2.0991 | dt: 156ms | tok/s: 26,334 | remaining: 10609s
step 69740 (50.9%) | loss: 10.0600 | gnorm: 4.1908 | dt: 157ms | tok/s: 26,123 | remaining: 10605s
step 69760 (50.9%) | loss: 10.5245 | gnorm: 2.3389 | dt: 158ms | tok/s: 25,968 | remaining: 10602s
step 69780 (50.9%) | loss: 10.7427 | gnorm: 4.4763 | dt: 159ms | tok/s: 25,720 | remaining: 10599s
step 69800 (50.9%) | loss: 10.5596 | gnorm: 2.1476 | dt: 160ms | tok/s: 25,633 | remaining: 10596s
step 69820 (51.0%) | loss: 9.6490 | gnorm: 4.1959 | dt: 160ms | tok/s: 25,641 | remaining: 10593s
step 69840 (51.0%) | loss: 10.2012 | gnorm: 2.1061 | dt: 163ms | tok/s: 25,192 | remaining: 10589s
step 69860 (51.0%) | loss: 10.9450 | gnorm: 4.9213 | dt: 156ms | tok/s: 26,313 | remaining: 10586s
step 69880 (51.0%) | loss: 10.5684 | gnorm: 1.9589 | dt: 158ms | tok/s: 25,980 | remaining: 10583s
step 69900 (51.0%) | loss: 10.1035 | gnorm: 3.6808 | dt: 158ms | tok/s: 25,999 | remaining: 10580s
step 69920 (51.0%) | loss: 9.8363 | gnorm: 2.0562 | dt: 159ms | tok/s: 25,743 | remaining: 10577s
step 69940 (51.0%) | loss: 10.0477 | gnorm: 5.7380 | dt: 160ms | tok/s: 25,530 | remaining: 10574s
step 69960 (51.1%) | loss: 10.7737 | gnorm: 2.1006 | dt: 161ms | tok/s: 25,479 | remaining: 10570s
step 69980 (51.1%) | loss: 10.2905 | gnorm: 4.6263 | dt: 159ms | tok/s: 25,790 | remaining: 10567s
step 70000 (51.1%) | loss: 10.3642 | gnorm: 2.5366 | dt: 158ms | tok/s: 25,986 | remaining: 10564s
step 70020 (51.1%) | loss: 10.8335 | gnorm: 4.4912 | dt: 157ms | tok/s: 26,020 | remaining: 10561s
step 70040 (51.1%) | loss: 10.0839 | gnorm: 2.0253 | dt: 158ms | tok/s: 25,930 | remaining: 10558s
step 70060 (51.1%) | loss: 10.0295 | gnorm: 4.1317 | dt: 154ms | tok/s: 26,578 | remaining: 10555s
step 70080 (51.2%) | loss: 9.2339 | gnorm: 1.9948 | dt: 158ms | tok/s: 25,924 | remaining: 10551s
step 70100 (51.2%) | loss: 10.5808 | gnorm: 4.7400 | dt: 160ms | tok/s: 25,657 | remaining: 10548s
step 70120 (51.2%) | loss: 10.7438 | gnorm: 2.2398 | dt: 161ms | tok/s: 25,384 | remaining: 10545s
step 70140 (51.2%) | loss: 10.6240 | gnorm: 4.2946 | dt: 158ms | tok/s: 25,867 | remaining: 10542s
step 70160 (51.2%) | loss: 9.8006 | gnorm: 2.8722 | dt: 157ms | tok/s: 26,147 | remaining: 10539s
step 70180 (51.2%) | loss: 9.6170 | gnorm: 3.7636 | dt: 167ms | tok/s: 24,586 | remaining: 10535s
step 70200 (51.2%) | loss: 9.8337 | gnorm: 2.2151 | dt: 159ms | tok/s: 25,776 | remaining: 10532s
step 70220 (51.3%) | loss: 10.2858 | gnorm: 4.1707 | dt: 160ms | tok/s: 25,676 | remaining: 10529s
step 70240 (51.3%) | loss: 9.9331 | gnorm: 2.1229 | dt: 160ms | tok/s: 25,659 | remaining: 10526s
step 70260 (51.3%) | loss: 10.7633 | gnorm: 4.0789 | dt: 161ms | tok/s: 25,385 | remaining: 10523s
step 70280 (51.3%) | loss: 9.7906 | gnorm: 2.6775 | dt: 159ms | tok/s: 25,710 | remaining: 10519s
step 70300 (51.3%) | loss: 10.8123 | gnorm: 4.0671 | dt: 157ms | tok/s: 26,139 | remaining: 10516s
step 70320 (51.3%) | loss: 9.5479 | gnorm: 2.1455 | dt: 157ms | tok/s: 26,014 | remaining: 10513s
step 70340 (51.3%) | loss: 9.7732 | gnorm: 4.4282 | dt: 159ms | tok/s: 25,760 | remaining: 10510s
step 70360 (51.4%) | loss: 9.8345 | gnorm: 2.2799 | dt: 158ms | tok/s: 25,845 | remaining: 10507s
step 70380 (51.4%) | loss: 9.8854 | gnorm: 3.9183 | dt: 160ms | tok/s: 25,645 | remaining: 10504s
step 70400 (51.4%) | loss: 9.8099 | gnorm: 2.1531 | dt: 161ms | tok/s: 25,433 | remaining: 10500s
step 70420 (51.4%) | loss: 10.6211 | gnorm: 5.5397 | dt: 161ms | tok/s: 25,454 | remaining: 10497s
step 70440 (51.4%) | loss: 10.8357 | gnorm: 2.8817 | dt: 156ms | tok/s: 26,199 | remaining: 10494s
step 70460 (51.4%) | loss: 10.0619 | gnorm: 3.9819 | dt: 158ms | tok/s: 25,911 | remaining: 10491s
step 70480 (51.4%) | loss: 10.1598 | gnorm: 2.2019 | dt: 159ms | tok/s: 25,727 | remaining: 10488s
step 70500 (51.5%) | loss: 10.5683 | gnorm: 3.6971 | dt: 159ms | tok/s: 25,794 | remaining: 10485s
step 70520 (51.5%) | loss: 10.2048 | gnorm: 2.2236 | dt: 160ms | tok/s: 25,674 | remaining: 10481s
step 70540 (51.5%) | loss: 10.0528 | gnorm: 4.6717 | dt: 162ms | tok/s: 25,305 | remaining: 10478s
step 70560 (51.5%) | loss: 9.5935 | gnorm: 2.0413 | dt: 154ms | tok/s: 26,535 | remaining: 10475s
step 70580 (51.5%) | loss: 10.2142 | gnorm: 3.9851 | dt: 156ms | tok/s: 26,201 | remaining: 10472s
step 70600 (51.5%) | loss: 9.9209 | gnorm: 2.6340 | dt: 157ms | tok/s: 26,062 | remaining: 10469s
step 70620 (51.5%) | loss: 9.8543 | gnorm: 4.7022 | dt: 158ms | tok/s: 25,892 | remaining: 10465s
step 70640 (51.6%) | loss: 10.1945 | gnorm: 2.1837 | dt: 160ms | tok/s: 25,566 | remaining: 10462s
step 70660 (51.6%) | loss: 10.5884 | gnorm: 3.9052 | dt: 160ms | tok/s: 25,648 | remaining: 10459s
step 70680 (51.6%) | loss: 10.2668 | gnorm: 2.1187 | dt: 161ms | tok/s: 25,490 | remaining: 10456s
step 70700 (51.6%) | loss: 9.9713 | gnorm: 4.0692 | dt: 156ms | tok/s: 26,239 | remaining: 10453s
step 70720 (51.6%) | loss: 9.8155 | gnorm: 2.0682 | dt: 158ms | tok/s: 25,984 | remaining: 10450s
step 70740 (51.6%) | loss: 10.4412 | gnorm: 4.1897 | dt: 159ms | tok/s: 25,737 | remaining: 10446s
step 70760 (51.7%) | loss: 9.5184 | gnorm: 2.4902 | dt: 160ms | tok/s: 25,543 | remaining: 10443s
step 70780 (51.7%) | loss: 10.5756 | gnorm: 3.7325 | dt: 161ms | tok/s: 25,478 | remaining: 10440s
step 70800 (51.7%) | loss: 10.3847 | gnorm: 2.1685 | dt: 159ms | tok/s: 25,743 | remaining: 10437s
step 70820 (51.7%) | loss: 10.3086 | gnorm: 4.8942 | dt: 157ms | tok/s: 26,131 | remaining: 10434s
step 70840 (51.7%) | loss: 9.8597 | gnorm: 2.3132 | dt: 157ms | tok/s: 26,055 | remaining: 10431s
step 70860 (51.7%) | loss: 10.0039 | gnorm: 4.1666 | dt: 159ms | tok/s: 25,700 | remaining: 10427s
step 70880 (51.7%) | loss: 10.5892 | gnorm: 3.2289 | dt: 159ms | tok/s: 25,717 | remaining: 10424s
step 70900 (51.8%) | loss: 10.0673 | gnorm: 4.1847 | dt: 159ms | tok/s: 25,797 | remaining: 10421s
step 70920 (51.8%) | loss: 9.7260 | gnorm: 2.3340 | dt: 157ms | tok/s: 26,010 | remaining: 10418s
step 70940 (51.8%) | loss: 10.8114 | gnorm: 4.1862 | dt: 153ms | tok/s: 26,791 | remaining: 10415s
step 70960 (51.8%) | loss: 9.8846 | gnorm: 2.4136 | dt: 158ms | tok/s: 25,956 | remaining: 10412s
step 70980 (51.8%) | loss: 10.5247 | gnorm: 4.0547 | dt: 157ms | tok/s: 26,070 | remaining: 10408s
step 71000 (51.8%) | loss: 9.9732 | gnorm: 2.0173 | dt: 158ms | tok/s: 25,872 | remaining: 10405s
step 71020 (51.8%) | loss: 10.8550 | gnorm: 4.3619 | dt: 161ms | tok/s: 25,499 | remaining: 10402s
step 71040 (51.9%) | loss: 10.3740 | gnorm: 2.3036 | dt: 159ms | tok/s: 25,729 | remaining: 10399s
step 71060 (51.9%) | loss: 10.0509 | gnorm: 4.3435 | dt: 157ms | tok/s: 26,164 | remaining: 10396s
step 71080 (51.9%) | loss: 9.1382 | gnorm: 2.1281 | dt: 159ms | tok/s: 25,773 | remaining: 10393s
step 71100 (51.9%) | loss: 9.7264 | gnorm: 4.1253 | dt: 158ms | tok/s: 25,888 | remaining: 10389s
step 71120 (51.9%) | loss: 10.1603 | gnorm: 2.7008 | dt: 159ms | tok/s: 25,699 | remaining: 10386s
step 71140 (51.9%) | loss: 10.6530 | gnorm: 4.9783 | dt: 161ms | tok/s: 25,459 | remaining: 10383s
step 71160 (51.9%) | loss: 9.8553 | gnorm: 2.3051 | dt: 159ms | tok/s: 25,824 | remaining: 10380s
step 71180 (52.0%) | loss: 10.1648 | gnorm: 3.7662 | dt: 156ms | tok/s: 26,306 | remaining: 10377s
step 71200 (52.0%) | loss: 10.7132 | gnorm: 2.5101 | dt: 158ms | tok/s: 25,983 | remaining: 10374s
step 71220 (52.0%) | loss: 9.5906 | gnorm: 4.5784 | dt: 157ms | tok/s: 26,065 | remaining: 10370s
step 71240 (52.0%) | loss: 10.2932 | gnorm: 2.3841 | dt: 159ms | tok/s: 25,710 | remaining: 10367s
step 71260 (52.0%) | loss: 10.6054 | gnorm: 4.5060 | dt: 159ms | tok/s: 25,685 | remaining: 10364s
step 71280 (52.0%) | loss: 10.0513 | gnorm: 2.2380 | dt: 158ms | tok/s: 25,974 | remaining: 10361s
step 71300 (52.0%) | loss: 9.8161 | gnorm: 4.6982 | dt: 157ms | tok/s: 26,036 | remaining: 10358s
step 71320 (52.1%) | loss: 10.0169 | gnorm: 2.2161 | dt: 155ms | tok/s: 26,449 | remaining: 10355s
step 71340 (52.1%) | loss: 10.8574 | gnorm: 4.7990 | dt: 157ms | tok/s: 26,098 | remaining: 10351s
step 71360 (52.1%) | loss: 10.1529 | gnorm: 2.3858 | dt: 158ms | tok/s: 25,918 | remaining: 10348s
step 71380 (52.1%) | loss: 11.0654 | gnorm: 4.6098 | dt: 160ms | tok/s: 25,523 | remaining: 10345s
step 71400 (52.1%) | loss: 9.5151 | gnorm: 2.4602 | dt: 157ms | tok/s: 26,160 | remaining: 10342s
step 71420 (52.1%) | loss: 10.2764 | gnorm: 4.0680 | dt: 157ms | tok/s: 26,109 | remaining: 10339s
step 71440 (52.1%) | loss: 10.4251 | gnorm: 2.1575 | dt: 157ms | tok/s: 26,139 | remaining: 10336s
step 71460 (52.2%) | loss: 10.3215 | gnorm: 4.5432 | dt: 159ms | tok/s: 25,762 | remaining: 10332s
step 71480 (52.2%) | loss: 9.6871 | gnorm: 2.7895 | dt: 159ms | tok/s: 25,694 | remaining: 10329s
step 71500 (52.2%) | loss: 9.6780 | gnorm: 3.9241 | dt: 160ms | tok/s: 25,571 | remaining: 10326s
step 71520 (52.2%) | loss: 9.4613 | gnorm: 2.0542 | dt: 155ms | tok/s: 26,496 | remaining: 10323s
step 71540 (52.2%) | loss: 10.0925 | gnorm: 4.1531 | dt: 157ms | tok/s: 26,088 | remaining: 10320s
step 71560 (52.2%) | loss: 10.1484 | gnorm: 2.0312 | dt: 157ms | tok/s: 26,090 | remaining: 10317s
step 71580 (52.3%) | loss: 9.2624 | gnorm: 4.2384 | dt: 160ms | tok/s: 25,626 | remaining: 10313s
step 71600 (52.3%) | loss: 10.0489 | gnorm: 2.2807 | dt: 159ms | tok/s: 25,732 | remaining: 10310s
step 71620 (52.3%) | loss: 10.2712 | gnorm: 4.3701 | dt: 161ms | tok/s: 25,381 | remaining: 10307s
step 71640 (52.3%) | loss: 9.4330 | gnorm: 2.1083 | dt: 156ms | tok/s: 26,211 | remaining: 10304s
step 71660 (52.3%) | loss: 9.6254 | gnorm: 3.7063 | dt: 157ms | tok/s: 26,078 | remaining: 10301s
step 71680 (52.3%) | loss: 9.5843 | gnorm: 2.0650 | dt: 158ms | tok/s: 25,892 | remaining: 10297s
step 71700 (52.3%) | loss: 11.0844 | gnorm: 4.3032 | dt: 156ms | tok/s: 26,221 | remaining: 10294s
step 71720 (52.4%) | loss: 9.5794 | gnorm: 2.0741 | dt: 159ms | tok/s: 25,802 | remaining: 10291s
step 71740 (52.4%) | loss: 9.8182 | gnorm: 4.7606 | dt: 159ms | tok/s: 25,747 | remaining: 10288s
step 71760 (52.4%) | loss: 10.0123 | gnorm: 2.3512 | dt: 161ms | tok/s: 25,404 | remaining: 10285s
step 71780 (52.4%) | loss: 10.3229 | gnorm: 4.2970 | dt: 159ms | tok/s: 25,835 | remaining: 10282s
step 71800 (52.4%) | loss: 9.9707 | gnorm: 2.0367 | dt: 156ms | tok/s: 26,237 | remaining: 10278s
step 71820 (52.4%) | loss: 10.1618 | gnorm: 4.2772 | dt: 157ms | tok/s: 26,118 | remaining: 10275s
step 71840 (52.4%) | loss: 9.3866 | gnorm: 2.1368 | dt: 158ms | tok/s: 25,855 | remaining: 10272s
step 71860 (52.5%) | loss: 9.9464 | gnorm: 4.5159 | dt: 159ms | tok/s: 25,747 | remaining: 10269s
step 71880 (52.5%) | loss: 10.6627 | gnorm: 2.5089 | dt: 161ms | tok/s: 25,496 | remaining: 10266s
step 71900 (52.5%) | loss: 9.6364 | gnorm: 3.9741 | dt: 161ms | tok/s: 25,508 | remaining: 10262s
step 71920 (52.5%) | loss: 9.7966 | gnorm: 2.2634 | dt: 162ms | tok/s: 25,266 | remaining: 10259s
step 71940 (52.5%) | loss: 9.8089 | gnorm: 4.1547 | dt: 156ms | tok/s: 26,189 | remaining: 10256s
step 71960 (52.5%) | loss: 9.3655 | gnorm: 2.1399 | dt: 157ms | tok/s: 26,018 | remaining: 10253s
step 71980 (52.5%) | loss: 10.2011 | gnorm: 5.0921 | dt: 158ms | tok/s: 25,913 | remaining: 10250s
step 72000 (52.6%) | loss: 9.7349 | gnorm: 2.1845 | dt: 158ms | tok/s: 25,862 | remaining: 10247s
step 72020 (52.6%) | loss: 9.4561 | gnorm: 4.2362 | dt: 160ms | tok/s: 25,574 | remaining: 10243s
step 72040 (52.6%) | loss: 10.1137 | gnorm: 2.3335 | dt: 161ms | tok/s: 25,514 | remaining: 10240s
step 72060 (52.6%) | loss: 10.2602 | gnorm: 3.8845 | dt: 159ms | tok/s: 25,713 | remaining: 10237s
step 72080 (52.6%) | loss: 10.2914 | gnorm: 2.2303 | dt: 158ms | tok/s: 25,944 | remaining: 10234s
step 72100 (52.6%) | loss: 10.3399 | gnorm: 4.3644 | dt: 157ms | tok/s: 26,144 | remaining: 10231s
step 72120 (52.6%) | loss: 10.2735 | gnorm: 2.0651 | dt: 158ms | tok/s: 25,923 | remaining: 10227s
step 72140 (52.7%) | loss: 10.3772 | gnorm: 3.7899 | dt: 160ms | tok/s: 25,631 | remaining: 10224s
step 72160 (52.7%) | loss: 10.5281 | gnorm: 2.2888 | dt: 161ms | tok/s: 25,417 | remaining: 10221s
step 72180 (52.7%) | loss: 9.5618 | gnorm: 4.1470 | dt: 161ms | tok/s: 25,404 | remaining: 10218s
step 72200 (52.7%) | loss: 9.5627 | gnorm: 2.1001 | dt: 159ms | tok/s: 25,761 | remaining: 10215s
step 72220 (52.7%) | loss: 10.1977 | gnorm: 3.6545 | dt: 157ms | tok/s: 26,071 | remaining: 10212s
step 72240 (52.7%) | loss: 9.8744 | gnorm: 2.2853 | dt: 158ms | tok/s: 25,993 | remaining: 10208s
step 72260 (52.8%) | loss: 10.4281 | gnorm: 5.4619 | dt: 160ms | tok/s: 25,604 | remaining: 10205s
step 72280 (52.8%) | loss: 9.6326 | gnorm: 2.2793 | dt: 159ms | tok/s: 25,824 | remaining: 10202s
step 72300 (52.8%) | loss: 9.6355 | gnorm: 4.0379 | dt: 160ms | tok/s: 25,529 | remaining: 10199s
step 72320 (52.8%) | loss: 9.4784 | gnorm: 2.0339 | dt: 163ms | tok/s: 25,086 | remaining: 10196s
step 72340 (52.8%) | loss: 11.0151 | gnorm: 4.6077 | dt: 160ms | tok/s: 25,638 | remaining: 10192s
step 72360 (52.8%) | loss: 9.1164 | gnorm: 2.3648 | dt: 157ms | tok/s: 26,145 | remaining: 10189s
step 72380 (52.8%) | loss: 12.2741 | gnorm: 5.7314 | dt: 158ms | tok/s: 25,856 | remaining: 10186s
step 72400 (52.9%) | loss: 10.1980 | gnorm: 4.5768 | dt: 159ms | tok/s: 25,728 | remaining: 10183s
step 72420 (52.9%) | loss: 9.6893 | gnorm: 4.7731 | dt: 160ms | tok/s: 25,666 | remaining: 10180s
step 72440 (52.9%) | loss: 9.1475 | gnorm: 2.4183 | dt: 159ms | tok/s: 25,713 | remaining: 10177s
step 72460 (52.9%) | loss: 9.6501 | gnorm: 4.6422 | dt: 162ms | tok/s: 25,227 | remaining: 10173s
step 72480 (52.9%) | loss: 8.9829 | gnorm: 2.2082 | dt: 157ms | tok/s: 26,126 | remaining: 10170s
step 72500 (52.9%) | loss: 9.8844 | gnorm: 4.2445 | dt: 159ms | tok/s: 25,733 | remaining: 10167s
step 72520 (52.9%) | loss: 8.7512 | gnorm: 2.5372 | dt: 158ms | tok/s: 25,948 | remaining: 10164s
step 72540 (53.0%) | loss: 8.9660 | gnorm: 4.3496 | dt: 159ms | tok/s: 25,821 | remaining: 10161s
step 72560 (53.0%) | loss: 9.0208 | gnorm: 2.1848 | dt: 160ms | tok/s: 25,630 | remaining: 10157s
step 72580 (53.0%) | loss: 8.8316 | gnorm: 4.0441 | dt: 161ms | tok/s: 25,432 | remaining: 10154s
step 72600 (53.0%) | loss: 8.8730 | gnorm: 2.1440 | dt: 159ms | tok/s: 25,794 | remaining: 10151s
step 72620 (53.0%) | loss: 9.1949 | gnorm: 4.7234 | dt: 160ms | tok/s: 25,658 | remaining: 10148s
step 72640 (53.0%) | loss: 8.5406 | gnorm: 1.8974 | dt: 162ms | tok/s: 25,286 | remaining: 10145s
step 72660 (53.0%) | loss: 8.2372 | gnorm: 3.8409 | dt: 160ms | tok/s: 25,621 | remaining: 10142s
step 72680 (53.1%) | loss: 9.0474 | gnorm: 2.0305 | dt: 160ms | tok/s: 25,520 | remaining: 10138s
step 72700 (53.1%) | loss: 10.2300 | gnorm: 4.0317 | dt: 161ms | tok/s: 25,491 | remaining: 10135s
step 72720 (53.1%) | loss: 9.8333 | gnorm: 2.1580 | dt: 159ms | tok/s: 25,705 | remaining: 10132s
step 72740 (53.1%) | loss: 9.6105 | gnorm: 3.4819 | dt: 155ms | tok/s: 26,386 | remaining: 10129s
step 72760 (53.1%) | loss: 9.1502 | gnorm: 2.4607 | dt: 157ms | tok/s: 26,156 | remaining: 10126s
step 72780 (53.1%) | loss: 9.1240 | gnorm: 3.5864 | dt: 159ms | tok/s: 25,786 | remaining: 10123s
step 72800 (53.2%) | loss: 10.1557 | gnorm: 2.6076 | dt: 159ms | tok/s: 25,841 | remaining: 10119s
step 72820 (53.2%) | loss: 9.5746 | gnorm: 4.4791 | dt: 160ms | tok/s: 25,638 | remaining: 10116s
step 72840 (53.2%) | loss: 10.3802 | gnorm: 2.2044 | dt: 161ms | tok/s: 25,488 | remaining: 10113s
step 72860 (53.2%) | loss: 11.0587 | gnorm: 4.3297 | dt: 156ms | tok/s: 26,207 | remaining: 10110s
step 72880 (53.2%) | loss: 10.0463 | gnorm: 1.9355 | dt: 158ms | tok/s: 25,943 | remaining: 10107s
step 72900 (53.2%) | loss: 10.4537 | gnorm: 4.5142 | dt: 157ms | tok/s: 26,046 | remaining: 10103s
step 72920 (53.2%) | loss: 9.9103 | gnorm: 2.1694 | dt: 159ms | tok/s: 25,834 | remaining: 10100s
step 72940 (53.3%) | loss: 11.0141 | gnorm: 4.9746 | dt: 159ms | tok/s: 25,761 | remaining: 10097s
step 72960 (53.3%) | loss: 9.8367 | gnorm: 2.3084 | dt: 161ms | tok/s: 25,439 | remaining: 10094s
step 72980 (53.3%) | loss: 10.5238 | gnorm: 3.6501 | dt: 160ms | tok/s: 25,637 | remaining: 10091s
step 73000 (53.3%) | loss: 9.8920 | gnorm: 2.7342 | dt: 157ms | tok/s: 26,159 | remaining: 10088s
step 73020 (53.3%) | loss: 9.3723 | gnorm: 7.0556 | dt: 160ms | tok/s: 25,598 | remaining: 10084s
step 73040 (53.3%) | loss: 10.0094 | gnorm: 2.0538 | dt: 158ms | tok/s: 25,901 | remaining: 10081s
step 73060 (53.3%) | loss: 9.9225 | gnorm: 3.3600 | dt: 159ms | tok/s: 25,797 | remaining: 10078s
step 73080 (53.4%) | loss: 9.7855 | gnorm: 2.4915 | dt: 160ms | tok/s: 25,666 | remaining: 10075s
step 73100 (53.4%) | loss: 9.8885 | gnorm: 6.1169 | dt: 160ms | tok/s: 25,538 | remaining: 10072s
step 73120 (53.4%) | loss: 10.1174 | gnorm: 1.9133 | dt: 157ms | tok/s: 26,116 | remaining: 10069s
step 73140 (53.4%) | loss: 11.2656 | gnorm: 4.1059 | dt: 157ms | tok/s: 26,051 | remaining: 10065s
step 73160 (53.4%) | loss: 9.9340 | gnorm: 2.0866 | dt: 159ms | tok/s: 25,772 | remaining: 10062s
step 73180 (53.4%) | loss: 9.9240 | gnorm: 4.8414 | dt: 160ms | tok/s: 25,654 | remaining: 10059s
step 73200 (53.4%) | loss: 11.3195 | gnorm: 2.5237 | dt: 159ms | tok/s: 25,720 | remaining: 10056s
step 73220 (53.5%) | loss: 10.3675 | gnorm: 4.7662 | dt: 160ms | tok/s: 25,533 | remaining: 10053s
step 73240 (53.5%) | loss: 10.0085 | gnorm: 2.5670 | dt: 158ms | tok/s: 25,944 | remaining: 10050s
step 73260 (53.5%) | loss: 10.5802 | gnorm: 4.1672 | dt: 157ms | tok/s: 26,111 | remaining: 10046s
step 73280 (53.5%) | loss: 9.9204 | gnorm: 2.0913 | dt: 157ms | tok/s: 26,100 | remaining: 10043s
step 73300 (53.5%) | loss: 12.0313 | gnorm: 5.9780 | dt: 158ms | tok/s: 25,888 | remaining: 10040s
step 73320 (53.5%) | loss: 9.4660 | gnorm: 2.2965 | dt: 159ms | tok/s: 25,768 | remaining: 10037s
step 73340 (53.5%) | loss: 10.0750 | gnorm: 3.3273 | dt: 159ms | tok/s: 25,762 | remaining: 10034s
step 73360 (53.6%) | loss: 10.4325 | gnorm: 2.0644 | dt: 161ms | tok/s: 25,502 | remaining: 10030s
step 73380 (53.6%) | loss: 10.6709 | gnorm: 4.3399 | dt: 156ms | tok/s: 26,211 | remaining: 10027s
step 73400 (53.6%) | loss: 9.9241 | gnorm: 2.0231 | dt: 154ms | tok/s: 26,559 | remaining: 10024s
step 73420 (53.6%) | loss: 10.6006 | gnorm: 4.7784 | dt: 158ms | tok/s: 25,927 | remaining: 10021s
step 73440 (53.6%) | loss: 10.8045 | gnorm: 2.1122 | dt: 158ms | tok/s: 25,885 | remaining: 10018s
step 73460 (53.6%) | loss: 9.7532 | gnorm: 4.3775 | dt: 159ms | tok/s: 25,690 | remaining: 10015s
step 73480 (53.7%) | loss: 9.2978 | gnorm: 2.3478 | dt: 159ms | tok/s: 25,740 | remaining: 10011s
step 73500 (53.7%) | loss: 10.2987 | gnorm: 4.7922 | dt: 157ms | tok/s: 26,052 | remaining: 10008s
step 73520 (53.7%) | loss: 9.5659 | gnorm: 2.1331 | dt: 157ms | tok/s: 26,095 | remaining: 10005s
step 73540 (53.7%) | loss: 10.1941 | gnorm: 4.6504 | dt: 157ms | tok/s: 26,045 | remaining: 10002s
step 73560 (53.7%) | loss: 9.6814 | gnorm: 2.5837 | dt: 159ms | tok/s: 25,795 | remaining: 9999s
step 73580 (53.7%) | loss: 9.2685 | gnorm: 4.1499 | dt: 160ms | tok/s: 25,634 | remaining: 9996s
step 73600 (53.7%) | loss: 9.3254 | gnorm: 2.4727 | dt: 160ms | tok/s: 25,537 | remaining: 9992s
step 73620 (53.8%) | loss: 9.7400 | gnorm: 4.3704 | dt: 159ms | tok/s: 25,779 | remaining: 9989s
step 73640 (53.8%) | loss: 9.9676 | gnorm: 2.4042 | dt: 155ms | tok/s: 26,343 | remaining: 9986s
step 73660 (53.8%) | loss: 9.8868 | gnorm: 3.4197 | dt: 158ms | tok/s: 25,940 | remaining: 9983s
step 73680 (53.8%) | loss: 10.1342 | gnorm: 2.7805 | dt: 158ms | tok/s: 25,923 | remaining: 9980s
step 73700 (53.8%) | loss: 10.2575 | gnorm: 3.8828 | dt: 158ms | tok/s: 25,975 | remaining: 9976s
step 73720 (53.8%) | loss: 10.0425 | gnorm: 2.1917 | dt: 159ms | tok/s: 25,682 | remaining: 9973s
step 73740 (53.8%) | loss: 10.1278 | gnorm: 4.0791 | dt: 162ms | tok/s: 25,227 | remaining: 9970s
step 73760 (53.9%) | loss: 11.5781 | gnorm: 2.4635 | dt: 157ms | tok/s: 26,044 | remaining: 9967s
step 73780 (53.9%) | loss: 10.1798 | gnorm: 4.5357 | dt: 165ms | tok/s: 24,779 | remaining: 9964s
step 73800 (53.9%) | loss: 9.9147 | gnorm: 2.1737 | dt: 157ms | tok/s: 26,056 | remaining: 9961s
step 73820 (53.9%) | loss: 9.9506 | gnorm: 3.9086 | dt: 158ms | tok/s: 25,908 | remaining: 9957s
step 73840 (53.9%) | loss: 10.1564 | gnorm: 1.9303 | dt: 159ms | tok/s: 25,702 | remaining: 9954s
step 73860 (53.9%) | loss: 11.4673 | gnorm: 4.6402 | dt: 160ms | tok/s: 25,551 | remaining: 9951s
step 73880 (53.9%) | loss: 10.3019 | gnorm: 2.1161 | dt: 160ms | tok/s: 25,595 | remaining: 9948s
step 73900 (54.0%) | loss: 9.0545 | gnorm: 3.6793 | dt: 159ms | tok/s: 25,711 | remaining: 9945s
step 73920 (54.0%) | loss: 9.7507 | gnorm: 2.2447 | dt: 158ms | tok/s: 25,903 | remaining: 9941s
step 73940 (54.0%) | loss: 10.3257 | gnorm: 4.2415 | dt: 158ms | tok/s: 25,915 | remaining: 9938s
step 73960 (54.0%) | loss: 10.1076 | gnorm: 2.0681 | dt: 158ms | tok/s: 25,923 | remaining: 9935s
step 73980 (54.0%) | loss: 10.2392 | gnorm: 4.1195 | dt: 158ms | tok/s: 25,881 | remaining: 9932s
step 74000 (54.0%) | loss: 10.2574 | gnorm: 2.0353 | dt: 158ms | tok/s: 25,845 | remaining: 9929s
step 74020 (54.0%) | loss: 10.6168 | gnorm: 3.6995 | dt: 161ms | tok/s: 25,515 | remaining: 9926s
step 74040 (54.1%) | loss: 9.5526 | gnorm: 2.0147 | dt: 161ms | tok/s: 25,464 | remaining: 9922s
step 74060 (54.1%) | loss: 9.3999 | gnorm: 4.3229 | dt: 156ms | tok/s: 26,241 | remaining: 9919s
step 74080 (54.1%) | loss: 10.1044 | gnorm: 2.3714 | dt: 157ms | tok/s: 26,037 | remaining: 9916s
step 74100 (54.1%) | loss: 10.7384 | gnorm: 4.7223 | dt: 158ms | tok/s: 25,879 | remaining: 9913s
step 74120 (54.1%) | loss: 10.0434 | gnorm: 2.2436 | dt: 159ms | tok/s: 25,705 | remaining: 9910s
step 74140 (54.1%) | loss: 10.0830 | gnorm: 4.7793 | dt: 160ms | tok/s: 25,633 | remaining: 9906s
step 74160 (54.2%) | loss: 9.4967 | gnorm: 2.2694 | dt: 164ms | tok/s: 25,005 | remaining: 9903s
step 74180 (54.2%) | loss: 10.7862 | gnorm: 4.4316 | dt: 157ms | tok/s: 26,049 | remaining: 9900s
step 74200 (54.2%) | loss: 10.9683 | gnorm: 2.6087 | dt: 157ms | tok/s: 26,152 | remaining: 9897s
step 74220 (54.2%) | loss: 11.0756 | gnorm: 3.9677 | dt: 158ms | tok/s: 25,908 | remaining: 9894s
step 74240 (54.2%) | loss: 11.1883 | gnorm: 2.7032 | dt: 158ms | tok/s: 25,842 | remaining: 9891s
step 74260 (54.2%) | loss: 9.9024 | gnorm: 4.3875 | dt: 158ms | tok/s: 25,897 | remaining: 9887s
step 74280 (54.2%) | loss: 9.3783 | gnorm: 1.7818 | dt: 160ms | tok/s: 25,541 | remaining: 9884s
step 74300 (54.3%) | loss: 9.6580 | gnorm: 3.9287 | dt: 159ms | tok/s: 25,834 | remaining: 9881s
step 74320 (54.3%) | loss: 10.2544 | gnorm: 2.2768 | dt: 156ms | tok/s: 26,256 | remaining: 9878s
step 74340 (54.3%) | loss: 12.2596 | gnorm: 4.3428 | dt: 157ms | tok/s: 26,103 | remaining: 9875s
step 74360 (54.3%) | loss: 10.5483 | gnorm: 2.6316 | dt: 158ms | tok/s: 25,964 | remaining: 9872s
step 74380 (54.3%) | loss: 10.2113 | gnorm: 3.8473 | dt: 160ms | tok/s: 25,612 | remaining: 9868s
step 74400 (54.3%) | loss: 9.9316 | gnorm: 2.0381 | dt: 160ms | tok/s: 25,528 | remaining: 9865s
step 74420 (54.3%) | loss: 9.3148 | gnorm: 4.3439 | dt: 156ms | tok/s: 26,284 | remaining: 9862s
step 74440 (54.4%) | loss: 9.6405 | gnorm: 2.2385 | dt: 158ms | tok/s: 25,992 | remaining: 9859s
step 74460 (54.4%) | loss: 9.9488 | gnorm: 4.8965 | dt: 158ms | tok/s: 26,000 | remaining: 9856s
step 74480 (54.4%) | loss: 10.4893 | gnorm: 2.2983 | dt: 159ms | tok/s: 25,711 | remaining: 9853s
step 74500 (54.4%) | loss: 10.4961 | gnorm: 4.0329 | dt: 160ms | tok/s: 25,587 | remaining: 9849s
step 74520 (54.4%) | loss: 10.1874 | gnorm: 2.4084 | dt: 161ms | tok/s: 25,379 | remaining: 9846s
step 74540 (54.4%) | loss: 10.3618 | gnorm: 3.6216 | dt: 158ms | tok/s: 25,972 | remaining: 9843s
step 74560 (54.4%) | loss: 9.3515 | gnorm: 2.4478 | dt: 157ms | tok/s: 26,029 | remaining: 9840s
step 74580 (54.5%) | loss: 9.9165 | gnorm: 4.3188 | dt: 158ms | tok/s: 25,878 | remaining: 9837s
step 74600 (54.5%) | loss: 10.1417 | gnorm: 2.4357 | dt: 158ms | tok/s: 25,898 | remaining: 9834s
step 74620 (54.5%) | loss: 10.8890 | gnorm: 5.0046 | dt: 159ms | tok/s: 25,771 | remaining: 9830s
step 74640 (54.5%) | loss: 9.8408 | gnorm: 2.5309 | dt: 160ms | tok/s: 25,530 | remaining: 9827s
step 74660 (54.5%) | loss: 9.1615 | gnorm: 4.5702 | dt: 156ms | tok/s: 26,208 | remaining: 9824s
step 74680 (54.5%) | loss: 9.3226 | gnorm: 3.6935 | dt: 157ms | tok/s: 26,046 | remaining: 9821s
step 74700 (54.5%) | loss: 10.5527 | gnorm: 4.4880 | dt: 158ms | tok/s: 25,971 | remaining: 9818s
step 74720 (54.6%) | loss: 9.6692 | gnorm: 2.3959 | dt: 158ms | tok/s: 25,873 | remaining: 9815s
step 74740 (54.6%) | loss: 10.0688 | gnorm: 4.7326 | dt: 160ms | tok/s: 25,674 | remaining: 9811s
step 74760 (54.6%) | loss: 9.5706 | gnorm: 2.1076 | dt: 162ms | tok/s: 25,319 | remaining: 9808s
step 74780 (54.6%) | loss: 9.6276 | gnorm: 3.7627 | dt: 160ms | tok/s: 25,630 | remaining: 9805s
step 74800 (54.6%) | loss: 9.7662 | gnorm: 2.2690 | dt: 156ms | tok/s: 26,339 | remaining: 9802s
step 74820 (54.6%) | loss: 9.5186 | gnorm: 3.8639 | dt: 158ms | tok/s: 25,993 | remaining: 9799s
step 74840 (54.7%) | loss: 9.1356 | gnorm: 2.0413 | dt: 158ms | tok/s: 25,873 | remaining: 9795s
step 74860 (54.7%) | loss: 9.8817 | gnorm: 4.2351 | dt: 160ms | tok/s: 25,676 | remaining: 9792s
step 74880 (54.7%) | loss: 9.7100 | gnorm: 2.3260 | dt: 159ms | tok/s: 25,716 | remaining: 9789s
step 74900 (54.7%) | loss: 9.2430 | gnorm: 4.1610 | dt: 161ms | tok/s: 25,515 | remaining: 9786s
step 74920 (54.7%) | loss: 9.9650 | gnorm: 2.3055 | dt: 161ms | tok/s: 25,480 | remaining: 9783s
step 74940 (54.7%) | loss: 9.7325 | gnorm: 4.2939 | dt: 156ms | tok/s: 26,253 | remaining: 9779s
step 74960 (54.7%) | loss: 9.4338 | gnorm: 1.9915 | dt: 158ms | tok/s: 25,908 | remaining: 9776s
step 74980 (54.8%) | loss: 9.8165 | gnorm: 4.7484 | dt: 158ms | tok/s: 25,879 | remaining: 9773s
step 75000 (54.8%) | loss: 9.8799 | gnorm: 2.3733 | dt: 159ms | tok/s: 25,790 | remaining: 9770s
step 75020 (54.8%) | loss: 9.3189 | gnorm: 4.3038 | dt: 160ms | tok/s: 25,654 | remaining: 9767s
step 75040 (54.8%) | loss: 9.5876 | gnorm: 2.3754 | dt: 160ms | tok/s: 25,607 | remaining: 9764s
step 75060 (54.8%) | loss: 11.1267 | gnorm: 4.5156 | dt: 161ms | tok/s: 25,413 | remaining: 9760s
step 75080 (54.8%) | loss: 9.8970 | gnorm: 2.5099 | dt: 158ms | tok/s: 25,948 | remaining: 9757s
step 75100 (54.8%) | loss: 9.7963 | gnorm: 5.1339 | dt: 163ms | tok/s: 25,167 | remaining: 9754s
step 75120 (54.9%) | loss: 9.8642 | gnorm: 2.1686 | dt: 159ms | tok/s: 25,813 | remaining: 9751s
step 75140 (54.9%) | loss: 10.5327 | gnorm: 3.6669 | dt: 159ms | tok/s: 25,840 | remaining: 9748s
step 75160 (54.9%) | loss: 9.9792 | gnorm: 1.9001 | dt: 162ms | tok/s: 25,336 | remaining: 9744s
step 75180 (54.9%) | loss: 9.4136 | gnorm: 4.4797 | dt: 161ms | tok/s: 25,426 | remaining: 9741s
step 75200 (54.9%) | loss: 9.1578 | gnorm: 2.0654 | dt: 159ms | tok/s: 25,712 | remaining: 9738s
step 75220 (54.9%) | loss: 9.7677 | gnorm: 4.0453 | dt: 157ms | tok/s: 26,021 | remaining: 9735s
step 75240 (54.9%) | loss: 9.5742 | gnorm: 1.9866 | dt: 157ms | tok/s: 26,103 | remaining: 9732s
step 75260 (55.0%) | loss: 9.4394 | gnorm: 4.3545 | dt: 158ms | tok/s: 25,857 | remaining: 9729s
step 75280 (55.0%) | loss: 9.7736 | gnorm: 2.1218 | dt: 159ms | tok/s: 25,746 | remaining: 9725s
step 75300 (55.0%) | loss: 9.6691 | gnorm: 4.3100 | dt: 160ms | tok/s: 25,638 | remaining: 9722s
step 75320 (55.0%) | loss: 10.9244 | gnorm: 2.5024 | dt: 160ms | tok/s: 25,544 | remaining: 9719s
step 75340 (55.0%) | loss: 9.9188 | gnorm: 4.0796 | dt: 157ms | tok/s: 26,047 | remaining: 9716s
step 75360 (55.0%) | loss: 10.2115 | gnorm: 2.2188 | dt: 157ms | tok/s: 26,009 | remaining: 9713s
step 75380 (55.0%) | loss: 10.1794 | gnorm: 4.2586 | dt: 159ms | tok/s: 25,704 | remaining: 9710s
step 75400 (55.1%) | loss: 9.9614 | gnorm: 2.1560 | dt: 159ms | tok/s: 25,726 | remaining: 9706s
step 75420 (55.1%) | loss: 9.7547 | gnorm: 3.4939 | dt: 160ms | tok/s: 25,620 | remaining: 9703s
step 75440 (55.1%) | loss: 9.0185 | gnorm: 2.2125 | dt: 159ms | tok/s: 25,787 | remaining: 9700s
step 75460 (55.1%) | loss: 10.2605 | gnorm: 4.2117 | dt: 156ms | tok/s: 26,240 | remaining: 9697s
step 75480 (55.1%) | loss: 9.2074 | gnorm: 2.0990 | dt: 163ms | tok/s: 25,156 | remaining: 9694s
step 75500 (55.1%) | loss: 10.2427 | gnorm: 3.6814 | dt: 159ms | tok/s: 25,828 | remaining: 9691s
step 75520 (55.2%) | loss: 11.0919 | gnorm: 2.7966 | dt: 159ms | tok/s: 25,787 | remaining: 9687s
step 75540 (55.2%) | loss: 10.8635 | gnorm: 4.2797 | dt: 161ms | tok/s: 25,474 | remaining: 9684s
step 75560 (55.2%) | loss: 10.0133 | gnorm: 2.5043 | dt: 162ms | tok/s: 25,296 | remaining: 9681s
step 75580 (55.2%) | loss: 10.8175 | gnorm: 5.4919 | dt: 156ms | tok/s: 26,196 | remaining: 9678s
step 75600 (55.2%) | loss: 9.8708 | gnorm: 2.0417 | dt: 157ms | tok/s: 26,089 | remaining: 9675s
step 75620 (55.2%) | loss: 10.1357 | gnorm: 4.2542 | dt: 158ms | tok/s: 25,857 | remaining: 9672s
step 75640 (55.2%) | loss: 9.5456 | gnorm: 2.4905 | dt: 154ms | tok/s: 26,544 | remaining: 9668s
step 75660 (55.3%) | loss: 9.7106 | gnorm: 5.0452 | dt: 160ms | tok/s: 25,619 | remaining: 9665s
step 75680 (55.3%) | loss: 8.5846 | gnorm: 2.0626 | dt: 160ms | tok/s: 25,558 | remaining: 9662s
step 75700 (55.3%) | loss: 9.6380 | gnorm: 4.1380 | dt: 162ms | tok/s: 25,276 | remaining: 9659s
step 75720 (55.3%) | loss: 9.0330 | gnorm: 2.3177 | dt: 157ms | tok/s: 26,161 | remaining: 9656s
step 75740 (55.3%) | loss: 10.5777 | gnorm: 4.7148 | dt: 157ms | tok/s: 26,122 | remaining: 9652s
step 75760 (55.3%) | loss: 9.2375 | gnorm: 2.5121 | dt: 158ms | tok/s: 25,969 | remaining: 9649s
step 75780 (55.3%) | loss: 10.8798 | gnorm: 4.0351 | dt: 158ms | tok/s: 25,874 | remaining: 9646s
step 75800 (55.4%) | loss: 9.4575 | gnorm: 2.2585 | dt: 159ms | tok/s: 25,713 | remaining: 9643s
step 75820 (55.4%) | loss: 10.7634 | gnorm: 4.7320 | dt: 161ms | tok/s: 25,369 | remaining: 9640s
step 75840 (55.4%) | loss: 10.5350 | gnorm: 2.4039 | dt: 157ms | tok/s: 26,136 | remaining: 9637s
step 75860 (55.4%) | loss: 10.3190 | gnorm: 4.2311 | dt: 154ms | tok/s: 26,541 | remaining: 9633s
step 75880 (55.4%) | loss: 9.2585 | gnorm: 2.3096 | dt: 157ms | tok/s: 26,083 | remaining: 9630s
step 75900 (55.4%) | loss: 9.8791 | gnorm: 4.4103 | dt: 158ms | tok/s: 25,877 | remaining: 9627s
step 75920 (55.4%) | loss: 9.6077 | gnorm: 2.3915 | dt: 159ms | tok/s: 25,700 | remaining: 9624s
step 75940 (55.5%) | loss: 9.9984 | gnorm: 4.5676 | dt: 160ms | tok/s: 25,551 | remaining: 9621s
step 75960 (55.5%) | loss: 10.1437 | gnorm: 2.1295 | dt: 156ms | tok/s: 26,238 | remaining: 9618s
step 75980 (55.5%) | loss: 9.4640 | gnorm: 3.9892 | dt: 158ms | tok/s: 25,905 | remaining: 9614s
step 76000 (55.5%) | loss: 8.4229 | gnorm: 1.9789 | dt: 158ms | tok/s: 25,903 | remaining: 9611s
step 76020 (55.5%) | loss: 8.1606 | gnorm: 3.2694 | dt: 157ms | tok/s: 26,019 | remaining: 9608s
step 76040 (55.5%) | loss: 8.5928 | gnorm: 2.3646 | dt: 159ms | tok/s: 25,706 | remaining: 9605s
step 76060 (55.5%) | loss: 9.4093 | gnorm: 3.8983 | dt: 160ms | tok/s: 25,584 | remaining: 9602s
step 76080 (55.6%) | loss: 9.5210 | gnorm: 2.4201 | dt: 157ms | tok/s: 26,142 | remaining: 9599s
step 76100 (55.6%) | loss: 9.3844 | gnorm: 4.9561 | dt: 158ms | tok/s: 25,945 | remaining: 9595s
step 76120 (55.6%) | loss: 9.2430 | gnorm: 2.3512 | dt: 157ms | tok/s: 26,046 | remaining: 9592s
step 76140 (55.6%) | loss: 9.6921 | gnorm: 4.4729 | dt: 159ms | tok/s: 25,835 | remaining: 9589s
step 76160 (55.6%) | loss: 7.5500 | gnorm: 1.9862 | dt: 159ms | tok/s: 25,759 | remaining: 9586s
step 76180 (55.6%) | loss: 9.3200 | gnorm: 4.2848 | dt: 160ms | tok/s: 25,651 | remaining: 9583s
step 76200 (55.6%) | loss: 9.2346 | gnorm: 2.5089 | dt: 155ms | tok/s: 26,397 | remaining: 9580s
step 76220 (55.7%) | loss: 9.8117 | gnorm: 4.5447 | dt: 158ms | tok/s: 25,974 | remaining: 9576s
step 76240 (55.7%) | loss: 8.8953 | gnorm: 2.0657 | dt: 156ms | tok/s: 26,294 | remaining: 9573s
step 76260 (55.7%) | loss: 9.5553 | gnorm: 3.9454 | dt: 159ms | tok/s: 25,725 | remaining: 9570s
step 76280 (55.7%) | loss: 8.5660 | gnorm: 2.3531 | dt: 160ms | tok/s: 25,537 | remaining: 9567s
step 76300 (55.7%) | loss: 9.4893 | gnorm: 3.8771 | dt: 162ms | tok/s: 25,352 | remaining: 9564s
step 76320 (55.7%) | loss: 8.4206 | gnorm: 2.1755 | dt: 158ms | tok/s: 25,971 | remaining: 9560s
step 76340 (55.8%) | loss: 9.4913 | gnorm: 5.5252 | dt: 158ms | tok/s: 25,878 | remaining: 9557s
step 76360 (55.8%) | loss: 8.5204 | gnorm: 1.9983 | dt: 159ms | tok/s: 25,749 | remaining: 9554s
step 76380 (55.8%) | loss: 10.0161 | gnorm: 4.6194 | dt: 159ms | tok/s: 25,759 | remaining: 9551s
step 76400 (55.8%) | loss: 8.9932 | gnorm: 2.4788 | dt: 160ms | tok/s: 25,578 | remaining: 9548s
step 76420 (55.8%) | loss: 8.7924 | gnorm: 4.2601 | dt: 160ms | tok/s: 25,572 | remaining: 9545s
step 76440 (55.8%) | loss: 8.9716 | gnorm: 2.1303 | dt: 159ms | tok/s: 25,831 | remaining: 9541s
step 76460 (55.8%) | loss: 8.2401 | gnorm: 3.2539 | dt: 157ms | tok/s: 26,061 | remaining: 9538s
step 76480 (55.9%) | loss: 8.2346 | gnorm: 2.2784 | dt: 157ms | tok/s: 26,072 | remaining: 9535s
step 76500 (55.9%) | loss: 8.9834 | gnorm: 4.1986 | dt: 158ms | tok/s: 25,974 | remaining: 9532s
step 76520 (55.9%) | loss: 10.0821 | gnorm: 2.2015 | dt: 158ms | tok/s: 25,843 | remaining: 9529s
step 76540 (55.9%) | loss: 10.4767 | gnorm: 4.5804 | dt: 156ms | tok/s: 26,272 | remaining: 9525s
step 76560 (55.9%) | loss: 9.8345 | gnorm: 2.2033 | dt: 160ms | tok/s: 25,568 | remaining: 9522s
step 76580 (55.9%) | loss: 10.2398 | gnorm: 4.8236 | dt: 161ms | tok/s: 25,436 | remaining: 9519s
step 76600 (55.9%) | loss: 9.9810 | gnorm: 2.0817 | dt: 158ms | tok/s: 26,000 | remaining: 9516s
step 76620 (56.0%) | loss: 10.0707 | gnorm: 5.1480 | dt: 158ms | tok/s: 25,884 | remaining: 9513s
step 76640 (56.0%) | loss: 10.1181 | gnorm: 2.0607 | dt: 157ms | tok/s: 26,059 | remaining: 9510s
step 76660 (56.0%) | loss: 9.7354 | gnorm: 5.0302 | dt: 159ms | tok/s: 25,809 | remaining: 9506s
step 76680 (56.0%) | loss: 10.7639 | gnorm: 2.4646 | dt: 159ms | tok/s: 25,811 | remaining: 9503s
step 76700 (56.0%) | loss: 10.3150 | gnorm: 4.2694 | dt: 158ms | tok/s: 25,932 | remaining: 9500s
step 76720 (56.0%) | loss: 10.0889 | gnorm: 2.0597 | dt: 160ms | tok/s: 25,662 | remaining: 9497s
step 76740 (56.0%) | loss: 10.1824 | gnorm: 5.1640 | dt: 155ms | tok/s: 26,408 | remaining: 9494s
step 76760 (56.1%) | loss: 10.0532 | gnorm: 2.2329 | dt: 159ms | tok/s: 25,826 | remaining: 9490s
step 76780 (56.1%) | loss: 11.3850 | gnorm: 4.6736 | dt: 157ms | tok/s: 26,021 | remaining: 9487s
step 76800 (56.1%) | loss: 10.2515 | gnorm: 2.2773 | dt: 160ms | tok/s: 25,608 | remaining: 9484s
step 76820 (56.1%) | loss: 10.3213 | gnorm: 3.8524 | dt: 164ms | tok/s: 24,910 | remaining: 9481s
step 76840 (56.1%) | loss: 8.9046 | gnorm: 2.0755 | dt: 162ms | tok/s: 25,345 | remaining: 9478s
step 76860 (56.1%) | loss: 10.8286 | gnorm: 4.3542 | dt: 161ms | tok/s: 25,491 | remaining: 9475s
step 76880 (56.2%) | loss: 10.0075 | gnorm: 1.9662 | dt: 156ms | tok/s: 26,189 | remaining: 9471s
step 76900 (56.2%) | loss: 10.3785 | gnorm: 4.0213 | dt: 159ms | tok/s: 25,805 | remaining: 9468s
step 76920 (56.2%) | loss: 10.8946 | gnorm: 2.1494 | dt: 159ms | tok/s: 25,793 | remaining: 9465s
step 76940 (56.2%) | loss: 10.3547 | gnorm: 3.9690 | dt: 159ms | tok/s: 25,688 | remaining: 9462s
step 76960 (56.2%) | loss: 10.1486 | gnorm: 2.2687 | dt: 160ms | tok/s: 25,668 | remaining: 9459s
step 76980 (56.2%) | loss: 10.0371 | gnorm: 4.4564 | dt: 162ms | tok/s: 25,309 | remaining: 9455s
step 77000 (56.2%) | loss: 9.3346 | gnorm: 2.0997 | dt: 163ms | tok/s: 25,193 | remaining: 9452s
step 77020 (56.3%) | loss: 9.8379 | gnorm: 3.7405 | dt: 158ms | tok/s: 25,961 | remaining: 9449s
step 77040 (56.3%) | loss: 9.8945 | gnorm: 2.2339 | dt: 159ms | tok/s: 25,826 | remaining: 9446s
step 77060 (56.3%) | loss: 9.8725 | gnorm: 4.9089 | dt: 158ms | tok/s: 25,903 | remaining: 9443s
step 77080 (56.3%) | loss: 10.3392 | gnorm: 2.3573 | dt: 159ms | tok/s: 25,820 | remaining: 9440s
step 77100 (56.3%) | loss: 10.5620 | gnorm: 4.2744 | dt: 160ms | tok/s: 25,571 | remaining: 9436s
step 77120 (56.3%) | loss: 10.1305 | gnorm: 2.3114 | dt: 162ms | tok/s: 25,339 | remaining: 9433s
step 77140 (56.3%) | loss: 11.2805 | gnorm: 4.2467 | dt: 158ms | tok/s: 25,906 | remaining: 9430s
step 77160 (56.4%) | loss: 10.3721 | gnorm: 2.1281 | dt: 156ms | tok/s: 26,324 | remaining: 9427s
step 77180 (56.4%) | loss: 10.8350 | gnorm: 4.6479 | dt: 158ms | tok/s: 25,925 | remaining: 9424s
step 77200 (56.4%) | loss: 10.0197 | gnorm: 2.3673 | dt: 158ms | tok/s: 25,850 | remaining: 9420s
step 77220 (56.4%) | loss: 10.0849 | gnorm: 4.4131 | dt: 158ms | tok/s: 25,852 | remaining: 9417s
step 77240 (56.4%) | loss: 10.2086 | gnorm: 2.1802 | dt: 159ms | tok/s: 25,753 | remaining: 9414s
step 77260 (56.4%) | loss: 10.2976 | gnorm: 4.5784 | dt: 160ms | tok/s: 25,554 | remaining: 9411s
step 77280 (56.4%) | loss: 10.3294 | gnorm: 2.3894 | dt: 161ms | tok/s: 25,458 | remaining: 9408s
step 77300 (56.5%) | loss: 10.6779 | gnorm: 4.2396 | dt: 157ms | tok/s: 26,078 | remaining: 9405s
step 77320 (56.5%) | loss: 10.0975 | gnorm: 2.4635 | dt: 158ms | tok/s: 25,858 | remaining: 9401s
step 77340 (56.5%) | loss: 10.6196 | gnorm: 5.7441 | dt: 159ms | tok/s: 25,755 | remaining: 9398s
step 77360 (56.5%) | loss: 10.2173 | gnorm: 2.0960 | dt: 159ms | tok/s: 25,748 | remaining: 9395s
step 77380 (56.5%) | loss: 10.9254 | gnorm: 4.0805 | dt: 159ms | tok/s: 25,684 | remaining: 9392s
step 77400 (56.5%) | loss: 10.0182 | gnorm: 2.5652 | dt: 162ms | tok/s: 25,315 | remaining: 9389s
step 77420 (56.5%) | loss: 11.1302 | gnorm: 3.8894 | dt: 161ms | tok/s: 25,455 | remaining: 9385s
step 77440 (56.6%) | loss: 9.6229 | gnorm: 2.3199 | dt: 157ms | tok/s: 26,162 | remaining: 9382s
step 77460 (56.6%) | loss: 11.1189 | gnorm: 4.3836 | dt: 159ms | tok/s: 25,777 | remaining: 9379s
step 77480 (56.6%) | loss: 10.2553 | gnorm: 2.3885 | dt: 159ms | tok/s: 25,766 | remaining: 9376s
step 77500 (56.6%) | loss: 9.6106 | gnorm: 3.7738 | dt: 155ms | tok/s: 26,383 | remaining: 9373s
step 77520 (56.6%) | loss: 9.2139 | gnorm: 2.5712 | dt: 159ms | tok/s: 25,701 | remaining: 9370s
step 77540 (56.6%) | loss: 9.3610 | gnorm: 3.7796 | dt: 160ms | tok/s: 25,598 | remaining: 9366s
step 77560 (56.7%) | loss: 9.7508 | gnorm: 2.1416 | dt: 169ms | tok/s: 24,198 | remaining: 9363s
step 77580 (56.7%) | loss: 9.7880 | gnorm: 6.0994 | dt: 159ms | tok/s: 25,724 | remaining: 9360s
step 77600 (56.7%) | loss: 9.9047 | gnorm: 2.3389 | dt: 158ms | tok/s: 25,995 | remaining: 9357s
step 77620 (56.7%) | loss: 13.5485 | gnorm: 4.0766 | dt: 158ms | tok/s: 25,939 | remaining: 9354s
step 77640 (56.7%) | loss: 9.6030 | gnorm: 2.3269 | dt: 159ms | tok/s: 25,829 | remaining: 9350s
step 77660 (56.7%) | loss: 9.8509 | gnorm: 4.5834 | dt: 158ms | tok/s: 25,895 | remaining: 9347s
step 77680 (56.7%) | loss: 9.6811 | gnorm: 2.3316 | dt: 160ms | tok/s: 25,602 | remaining: 9344s
step 77700 (56.8%) | loss: 11.0734 | gnorm: 4.6767 | dt: 162ms | tok/s: 25,296 | remaining: 9341s
step 77720 (56.8%) | loss: 9.8209 | gnorm: 2.0125 | dt: 158ms | tok/s: 25,972 | remaining: 9338s
step 77740 (56.8%) | loss: 9.9877 | gnorm: 4.5264 | dt: 158ms | tok/s: 25,951 | remaining: 9335s
step 77760 (56.8%) | loss: 10.3658 | gnorm: 2.1103 | dt: 158ms | tok/s: 25,968 | remaining: 9331s
step 77780 (56.8%) | loss: 9.8787 | gnorm: 4.6310 | dt: 159ms | tok/s: 25,807 | remaining: 9328s
step 77800 (56.8%) | loss: 10.0105 | gnorm: 2.3291 | dt: 161ms | tok/s: 25,425 | remaining: 9325s
step 77820 (56.8%) | loss: 9.9310 | gnorm: 3.3723 | dt: 161ms | tok/s: 25,467 | remaining: 9322s
step 77840 (56.9%) | loss: 9.1094 | gnorm: 1.9578 | dt: 160ms | tok/s: 25,588 | remaining: 9319s
step 77860 (56.9%) | loss: 9.9734 | gnorm: 4.3875 | dt: 157ms | tok/s: 26,152 | remaining: 9315s
step 77880 (56.9%) | loss: 9.4187 | gnorm: 2.0942 | dt: 158ms | tok/s: 25,921 | remaining: 9312s
step 77900 (56.9%) | loss: 10.3234 | gnorm: 5.6108 | dt: 157ms | tok/s: 26,052 | remaining: 9309s
step 77920 (56.9%) | loss: 9.8893 | gnorm: 2.2959 | dt: 160ms | tok/s: 25,635 | remaining: 9306s
step 77940 (56.9%) | loss: 9.3847 | gnorm: 4.9479 | dt: 157ms | tok/s: 26,072 | remaining: 9303s
step 77960 (56.9%) | loss: 10.0927 | gnorm: 2.4197 | dt: 160ms | tok/s: 25,555 | remaining: 9300s
step 77980 (57.0%) | loss: 10.6340 | gnorm: 4.3129 | dt: 156ms | tok/s: 26,237 | remaining: 9296s
step 78000 (57.0%) | loss: 10.6950 | gnorm: 1.9710 | dt: 157ms | tok/s: 26,081 | remaining: 9293s
step 78020 (57.0%) | loss: 10.2045 | gnorm: 3.7454 | dt: 158ms | tok/s: 25,990 | remaining: 9290s
step 78040 (57.0%) | loss: 9.9731 | gnorm: 2.1226 | dt: 160ms | tok/s: 25,529 | remaining: 9287s
step 78060 (57.0%) | loss: 10.9125 | gnorm: 5.0402 | dt: 161ms | tok/s: 25,495 | remaining: 9284s
step 78080 (57.0%) | loss: 9.6594 | gnorm: 2.4192 | dt: 160ms | tok/s: 25,667 | remaining: 9281s
step 78100 (57.0%) | loss: 9.6292 | gnorm: 5.5603 | dt: 155ms | tok/s: 26,430 | remaining: 9277s
step 78120 (57.1%) | loss: 11.3630 | gnorm: 2.7732 | dt: 156ms | tok/s: 26,176 | remaining: 9274s
step 78140 (57.1%) | loss: 10.3557 | gnorm: 4.1625 | dt: 159ms | tok/s: 25,789 | remaining: 9271s
step 78160 (57.1%) | loss: 9.4836 | gnorm: 2.2885 | dt: 159ms | tok/s: 25,809 | remaining: 9268s
step 78180 (57.1%) | loss: 10.6051 | gnorm: 4.2596 | dt: 161ms | tok/s: 25,507 | remaining: 9265s
step 78200 (57.1%) | loss: 9.1777 | gnorm: 2.1927 | dt: 159ms | tok/s: 25,707 | remaining: 9262s
step 78220 (57.1%) | loss: 10.0228 | gnorm: 4.3847 | dt: 155ms | tok/s: 26,345 | remaining: 9258s
step 78240 (57.2%) | loss: 9.6113 | gnorm: 2.0128 | dt: 156ms | tok/s: 26,220 | remaining: 9255s
step 78260 (57.2%) | loss: 10.0937 | gnorm: 4.5761 | dt: 158ms | tok/s: 25,929 | remaining: 9252s
step 78280 (57.2%) | loss: 10.1082 | gnorm: 2.1548 | dt: 160ms | tok/s: 25,660 | remaining: 9249s
step 78300 (57.2%) | loss: 9.9347 | gnorm: 4.0787 | dt: 161ms | tok/s: 25,480 | remaining: 9246s
step 78320 (57.2%) | loss: 9.9203 | gnorm: 2.6094 | dt: 157ms | tok/s: 26,079 | remaining: 9243s
step 78340 (57.2%) | loss: 10.2210 | gnorm: 4.8606 | dt: 157ms | tok/s: 26,077 | remaining: 9239s
step 78360 (57.2%) | loss: 9.7346 | gnorm: 2.2313 | dt: 156ms | tok/s: 26,252 | remaining: 9236s
step 78380 (57.3%) | loss: 10.4477 | gnorm: 4.5746 | dt: 158ms | tok/s: 25,943 | remaining: 9233s
step 78400 (57.3%) | loss: 10.0159 | gnorm: 2.2115 | dt: 159ms | tok/s: 25,738 | remaining: 9230s
step 78420 (57.3%) | loss: 10.4218 | gnorm: 5.1528 | dt: 160ms | tok/s: 25,661 | remaining: 9227s
step 78440 (57.3%) | loss: 9.9606 | gnorm: 2.2738 | dt: 160ms | tok/s: 25,639 | remaining: 9223s
step 78460 (57.3%) | loss: 9.7313 | gnorm: 4.6747 | dt: 157ms | tok/s: 26,173 | remaining: 9220s
step 78480 (57.3%) | loss: 10.0536 | gnorm: 2.1086 | dt: 156ms | tok/s: 26,196 | remaining: 9217s
step 78500 (57.3%) | loss: 10.0377 | gnorm: 4.4937 | dt: 158ms | tok/s: 25,858 | remaining: 9214s
step 78520 (57.4%) | loss: 9.5108 | gnorm: 2.1763 | dt: 159ms | tok/s: 25,825 | remaining: 9211s
step 78540 (57.4%) | loss: 9.7833 | gnorm: 4.0358 | dt: 159ms | tok/s: 25,790 | remaining: 9208s
step 78560 (57.4%) | loss: 9.6945 | gnorm: 2.0937 | dt: 159ms | tok/s: 25,682 | remaining: 9204s
step 78580 (57.4%) | loss: 9.6713 | gnorm: 4.5838 | dt: 156ms | tok/s: 26,336 | remaining: 9201s
step 78600 (57.4%) | loss: 9.1794 | gnorm: 2.1981 | dt: 157ms | tok/s: 26,094 | remaining: 9198s
step 78620 (57.4%) | loss: 10.0482 | gnorm: 3.5322 | dt: 159ms | tok/s: 25,774 | remaining: 9195s
step 78640 (57.4%) | loss: 10.8214 | gnorm: 2.1878 | dt: 159ms | tok/s: 25,758 | remaining: 9192s
step 78660 (57.5%) | loss: 10.4902 | gnorm: 4.7004 | dt: 161ms | tok/s: 25,469 | remaining: 9189s
step 78680 (57.5%) | loss: 9.7509 | gnorm: 2.5068 | dt: 161ms | tok/s: 25,457 | remaining: 9185s
step 78700 (57.5%) | loss: 9.8125 | gnorm: 4.9057 | dt: 157ms | tok/s: 26,019 | remaining: 9182s
step 78720 (57.5%) | loss: 9.1535 | gnorm: 2.7692 | dt: 158ms | tok/s: 25,894 | remaining: 9179s
step 78740 (57.5%) | loss: 10.2395 | gnorm: 4.2676 | dt: 160ms | tok/s: 25,625 | remaining: 9176s
step 78760 (57.5%) | loss: 9.5527 | gnorm: 2.0398 | dt: 160ms | tok/s: 25,618 | remaining: 9173s
step 78780 (57.5%) | loss: 9.3857 | gnorm: 3.8909 | dt: 160ms | tok/s: 25,599 | remaining: 9170s
step 78800 (57.6%) | loss: 9.4695 | gnorm: 2.2632 | dt: 162ms | tok/s: 25,354 | remaining: 9166s
step 78820 (57.6%) | loss: 10.1543 | gnorm: 3.8097 | dt: 159ms | tok/s: 25,789 | remaining: 9163s
step 78840 (57.6%) | loss: 9.5629 | gnorm: 2.0788 | dt: 160ms | tok/s: 25,529 | remaining: 9160s
step 78860 (57.6%) | loss: 10.5679 | gnorm: 4.5642 | dt: 162ms | tok/s: 25,287 | remaining: 9157s
step 78880 (57.6%) | loss: 10.1012 | gnorm: 2.0799 | dt: 160ms | tok/s: 25,640 | remaining: 9154s
step 78900 (57.6%) | loss: 10.2138 | gnorm: 4.1371 | dt: 158ms | tok/s: 25,995 | remaining: 9151s
step 78920 (57.7%) | loss: 9.4602 | gnorm: 2.0829 | dt: 161ms | tok/s: 25,427 | remaining: 9147s
step 78940 (57.7%) | loss: 9.1858 | gnorm: 4.1741 | dt: 157ms | tok/s: 26,167 | remaining: 9144s
step 78960 (57.7%) | loss: 9.8421 | gnorm: 2.1550 | dt: 158ms | tok/s: 25,892 | remaining: 9141s
step 78980 (57.7%) | loss: 10.9798 | gnorm: 5.5338 | dt: 158ms | tok/s: 25,962 | remaining: 9138s
step 79000 (57.7%) | loss: 9.0250 | gnorm: 2.0993 | dt: 159ms | tok/s: 25,775 | remaining: 9135s
step 79020 (57.7%) | loss: 9.8829 | gnorm: 3.6882 | dt: 159ms | tok/s: 25,725 | remaining: 9132s
step 79040 (57.7%) | loss: 9.7843 | gnorm: 2.0760 | dt: 162ms | tok/s: 25,232 | remaining: 9128s
step 79060 (57.8%) | loss: 11.4809 | gnorm: 5.5644 | dt: 160ms | tok/s: 25,631 | remaining: 9125s
step 79080 (57.8%) | loss: 9.3826 | gnorm: 2.6637 | dt: 158ms | tok/s: 25,917 | remaining: 9122s
step 79100 (57.8%) | loss: 9.2223 | gnorm: 4.2309 | dt: 158ms | tok/s: 25,852 | remaining: 9119s
step 79120 (57.8%) | loss: 11.2190 | gnorm: 2.5436 | dt: 159ms | tok/s: 25,697 | remaining: 9116s
step 79140 (57.8%) | loss: 10.0717 | gnorm: 5.0916 | dt: 163ms | tok/s: 25,114 | remaining: 9112s
step 79160 (57.8%) | loss: 9.8949 | gnorm: 2.0132 | dt: 159ms | tok/s: 25,776 | remaining: 9109s
step 79180 (57.8%) | loss: 9.5008 | gnorm: 3.9202 | dt: 161ms | tok/s: 25,516 | remaining: 9106s
step 79200 (57.9%) | loss: 9.1205 | gnorm: 2.4513 | dt: 161ms | tok/s: 25,394 | remaining: 9103s
step 79220 (57.9%) | loss: 10.7813 | gnorm: 5.0137 | dt: 158ms | tok/s: 25,922 | remaining: 9100s
step 79240 (57.9%) | loss: 9.7277 | gnorm: 2.0789 | dt: 156ms | tok/s: 26,182 | remaining: 9096s
step 79260 (57.9%) | loss: 10.3337 | gnorm: 4.3979 | dt: 158ms | tok/s: 25,867 | remaining: 9093s
step 79280 (57.9%) | loss: 9.8639 | gnorm: 1.9942 | dt: 159ms | tok/s: 25,718 | remaining: 9090s
step 79300 (57.9%) | loss: 10.2726 | gnorm: 4.0894 | dt: 160ms | tok/s: 25,620 | remaining: 9087s
step 79320 (57.9%) | loss: 10.5671 | gnorm: 2.3191 | dt: 160ms | tok/s: 25,658 | remaining: 9084s
step 79340 (58.0%) | loss: 9.9389 | gnorm: 4.5107 | dt: 161ms | tok/s: 25,498 | remaining: 9080s
step 79360 (58.0%) | loss: 9.4355 | gnorm: 2.4924 | dt: 162ms | tok/s: 25,348 | remaining: 9077s
step 79380 (58.0%) | loss: 9.5021 | gnorm: 3.7328 | dt: 159ms | tok/s: 25,824 | remaining: 9074s
step 79400 (58.0%) | loss: 9.6492 | gnorm: 2.2210 | dt: 156ms | tok/s: 26,213 | remaining: 9071s
step 79420 (58.0%) | loss: 9.7300 | gnorm: 4.9356 | dt: 157ms | tok/s: 26,130 | remaining: 9068s
step 79440 (58.0%) | loss: 9.2429 | gnorm: 2.6914 | dt: 159ms | tok/s: 25,804 | remaining: 9065s
step 79460 (58.0%) | loss: 9.4295 | gnorm: 3.8650 | dt: 160ms | tok/s: 25,677 | remaining: 9061s
step 79480 (58.1%) | loss: 9.7998 | gnorm: 2.0348 | dt: 161ms | tok/s: 25,500 | remaining: 9058s
step 79500 (58.1%) | loss: 8.8897 | gnorm: 4.4075 | dt: 163ms | tok/s: 25,055 | remaining: 9055s
step 79520 (58.1%) | loss: 9.2535 | gnorm: 2.8942 | dt: 157ms | tok/s: 26,093 | remaining: 9052s
step 79540 (58.1%) | loss: 9.0044 | gnorm: 4.2029 | dt: 158ms | tok/s: 25,962 | remaining: 9049s
step 79560 (58.1%) | loss: 8.6927 | gnorm: 1.9031 | dt: 157ms | tok/s: 26,051 | remaining: 9045s
step 79580 (58.1%) | loss: 8.5980 | gnorm: 4.5904 | dt: 159ms | tok/s: 25,825 | remaining: 9042s
step 79600 (58.2%) | loss: 8.4340 | gnorm: 2.0178 | dt: 159ms | tok/s: 25,774 | remaining: 9039s
step 79620 (58.2%) | loss: 8.8247 | gnorm: 3.3604 | dt: 161ms | tok/s: 25,475 | remaining: 9036s
step 79640 (58.2%) | loss: 9.1855 | gnorm: 2.1456 | dt: 156ms | tok/s: 26,306 | remaining: 9033s
step 79660 (58.2%) | loss: 9.3903 | gnorm: 4.5265 | dt: 157ms | tok/s: 26,128 | remaining: 9030s
step 79680 (58.2%) | loss: 9.3953 | gnorm: 2.1413 | dt: 158ms | tok/s: 25,992 | remaining: 9026s
step 79700 (58.2%) | loss: 9.2883 | gnorm: 3.9503 | dt: 159ms | tok/s: 25,752 | remaining: 9023s
step 79720 (58.2%) | loss: 8.6766 | gnorm: 2.4555 | dt: 159ms | tok/s: 25,746 | remaining: 9020s
step 79740 (58.3%) | loss: 9.1684 | gnorm: 4.4419 | dt: 161ms | tok/s: 25,475 | remaining: 9017s
step 79760 (58.3%) | loss: 8.8664 | gnorm: 2.1140 | dt: 161ms | tok/s: 25,421 | remaining: 9014s
step 79780 (58.3%) | loss: 9.2109 | gnorm: 4.4828 | dt: 157ms | tok/s: 26,161 | remaining: 9011s
step 79800 (58.3%) | loss: 8.1421 | gnorm: 2.1566 | dt: 157ms | tok/s: 26,068 | remaining: 9007s
step 79820 (58.3%) | loss: 9.2682 | gnorm: 5.1842 | dt: 158ms | tok/s: 25,935 | remaining: 9004s
step 79840 (58.3%) | loss: 9.6425 | gnorm: 2.2927 | dt: 159ms | tok/s: 25,746 | remaining: 9001s
step 79860 (58.3%) | loss: 9.5726 | gnorm: 3.2664 | dt: 160ms | tok/s: 25,611 | remaining: 8998s
step 79880 (58.4%) | loss: 9.7039 | gnorm: 2.1470 | dt: 161ms | tok/s: 25,375 | remaining: 8995s
step 79900 (58.4%) | loss: 12.4242 | gnorm: 4.4415 | dt: 157ms | tok/s: 26,136 | remaining: 8991s
step 79920 (58.4%) | loss: 10.5409 | gnorm: 1.9954 | dt: 158ms | tok/s: 25,884 | remaining: 8988s
step 79940 (58.4%) | loss: 10.3999 | gnorm: 4.9196 | dt: 158ms | tok/s: 25,889 | remaining: 8985s
step 79960 (58.4%) | loss: 9.7793 | gnorm: 2.0685 | dt: 159ms | tok/s: 25,781 | remaining: 8982s
step 79980 (58.4%) | loss: 10.7952 | gnorm: 4.8296 | dt: 160ms | tok/s: 25,647 | remaining: 8979s
step 80000 (58.4%) | loss: 9.9848 | gnorm: 2.4516 | dt: 160ms | tok/s: 25,554 | remaining: 8976s
step 80020 (58.5%) | loss: 9.5368 | gnorm: 3.7647 | dt: 163ms | tok/s: 25,089 | remaining: 8972s
step 80040 (58.5%) | loss: 10.3198 | gnorm: 2.3340 | dt: 157ms | tok/s: 26,170 | remaining: 8969s
step 80060 (58.5%) | loss: 10.6947 | gnorm: 4.5141 | dt: 157ms | tok/s: 26,044 | remaining: 8966s
step 80080 (58.5%) | loss: 10.2206 | gnorm: 2.3206 | dt: 159ms | tok/s: 25,714 | remaining: 8963s
step 80100 (58.5%) | loss: 9.6936 | gnorm: 3.9662 | dt: 159ms | tok/s: 25,761 | remaining: 8960s
step 80120 (58.5%) | loss: 10.0896 | gnorm: 2.4262 | dt: 161ms | tok/s: 25,368 | remaining: 8957s
step 80140 (58.5%) | loss: 9.2152 | gnorm: 4.0197 | dt: 162ms | tok/s: 25,295 | remaining: 8953s
step 80160 (58.6%) | loss: 9.5739 | gnorm: 2.1119 | dt: 157ms | tok/s: 26,076 | remaining: 8950s
step 80180 (58.6%) | loss: 10.3687 | gnorm: 5.6327 | dt: 158ms | tok/s: 25,869 | remaining: 8947s
step 80200 (58.6%) | loss: 9.9336 | gnorm: 2.1195 | dt: 157ms | tok/s: 26,108 | remaining: 8944s
step 80220 (58.6%) | loss: 9.8766 | gnorm: 4.0417 | dt: 159ms | tok/s: 25,825 | remaining: 8941s
step 80240 (58.6%) | loss: 9.6959 | gnorm: 2.1512 | dt: 161ms | tok/s: 25,467 | remaining: 8937s
step 80260 (58.6%) | loss: 9.0281 | gnorm: 4.0842 | dt: 161ms | tok/s: 25,421 | remaining: 8934s
step 80280 (58.7%) | loss: 9.9190 | gnorm: 1.9138 | dt: 160ms | tok/s: 25,525 | remaining: 8931s
step 80300 (58.7%) | loss: 9.9430 | gnorm: 4.1901 | dt: 157ms | tok/s: 26,162 | remaining: 8928s
step 80320 (58.7%) | loss: 9.5495 | gnorm: 2.8326 | dt: 159ms | tok/s: 25,825 | remaining: 8925s
step 80340 (58.7%) | loss: 10.0528 | gnorm: 4.4070 | dt: 158ms | tok/s: 25,865 | remaining: 8922s
step 80360 (58.7%) | loss: 9.5879 | gnorm: 2.3502 | dt: 158ms | tok/s: 25,897 | remaining: 8918s
step 80380 (58.7%) | loss: 8.1828 | gnorm: 4.4627 | dt: 160ms | tok/s: 25,529 | remaining: 8915s
step 80400 (58.7%) | loss: 9.5408 | gnorm: 2.6391 | dt: 158ms | tok/s: 25,854 | remaining: 8912s
step 80420 (58.8%) | loss: 10.1283 | gnorm: 4.6120 | dt: 156ms | tok/s: 26,212 | remaining: 8909s
step 80440 (58.8%) | loss: 9.4692 | gnorm: 1.8643 | dt: 158ms | tok/s: 25,948 | remaining: 8906s
step 80460 (58.8%) | loss: 10.6567 | gnorm: 6.8069 | dt: 157ms | tok/s: 26,043 | remaining: 8902s
step 80480 (58.8%) | loss: 9.8420 | gnorm: 2.0367 | dt: 158ms | tok/s: 25,853 | remaining: 8899s
step 80500 (58.8%) | loss: 9.8976 | gnorm: 3.8736 | dt: 159ms | tok/s: 25,685 | remaining: 8896s
step 80520 (58.8%) | loss: 9.6128 | gnorm: 1.9634 | dt: 161ms | tok/s: 25,496 | remaining: 8893s
step 80540 (58.8%) | loss: 11.6678 | gnorm: 4.0173 | dt: 158ms | tok/s: 25,917 | remaining: 8890s
step 80560 (58.9%) | loss: 10.2909 | gnorm: 2.1838 | dt: 158ms | tok/s: 25,874 | remaining: 8887s
step 80580 (58.9%) | loss: 9.6215 | gnorm: 4.3702 | dt: 158ms | tok/s: 25,952 | remaining: 8883s
step 80600 (58.9%) | loss: 9.9103 | gnorm: 2.3357 | dt: 159ms | tok/s: 25,794 | remaining: 8880s
step 80620 (58.9%) | loss: 10.3726 | gnorm: 4.8899 | dt: 159ms | tok/s: 25,702 | remaining: 8877s
step 80640 (58.9%) | loss: 10.0581 | gnorm: 2.0797 | dt: 159ms | tok/s: 25,794 | remaining: 8874s
step 80660 (58.9%) | loss: 10.7067 | gnorm: 4.3475 | dt: 161ms | tok/s: 25,423 | remaining: 8871s
step 80680 (58.9%) | loss: 9.7367 | gnorm: 2.1833 | dt: 157ms | tok/s: 26,051 | remaining: 8868s
step 80700 (59.0%) | loss: 9.6250 | gnorm: 4.4028 | dt: 158ms | tok/s: 25,864 | remaining: 8864s
step 80720 (59.0%) | loss: 10.0291 | gnorm: 2.4063 | dt: 158ms | tok/s: 25,850 | remaining: 8861s
step 80740 (59.0%) | loss: 10.3702 | gnorm: 3.8508 | dt: 159ms | tok/s: 25,759 | remaining: 8858s
step 80760 (59.0%) | loss: 10.3238 | gnorm: 2.1308 | dt: 160ms | tok/s: 25,664 | remaining: 8855s
step 80780 (59.0%) | loss: 10.5895 | gnorm: 4.1883 | dt: 157ms | tok/s: 26,094 | remaining: 8852s
step 80800 (59.0%) | loss: 9.6913 | gnorm: 3.0004 | dt: 158ms | tok/s: 25,885 | remaining: 8848s
step 80820 (59.0%) | loss: 10.3956 | gnorm: 4.2167 | dt: 156ms | tok/s: 26,208 | remaining: 8845s
step 80840 (59.1%) | loss: 9.5336 | gnorm: 2.1177 | dt: 158ms | tok/s: 25,967 | remaining: 8842s
step 80860 (59.1%) | loss: 10.9752 | gnorm: 4.5668 | dt: 163ms | tok/s: 25,117 | remaining: 8839s
step 80880 (59.1%) | loss: 9.9508 | gnorm: 2.0636 | dt: 160ms | tok/s: 25,676 | remaining: 8836s
step 80900 (59.1%) | loss: 10.0644 | gnorm: 4.1550 | dt: 160ms | tok/s: 25,645 | remaining: 8833s
step 80920 (59.1%) | loss: 9.6547 | gnorm: 2.0906 | dt: 162ms | tok/s: 25,260 | remaining: 8829s
step 80940 (59.1%) | loss: 12.2379 | gnorm: 5.8897 | dt: 155ms | tok/s: 26,413 | remaining: 8826s
step 80960 (59.2%) | loss: 10.1880 | gnorm: 2.1592 | dt: 159ms | tok/s: 25,838 | remaining: 8823s
step 80980 (59.2%) | loss: 11.4688 | gnorm: 4.8017 | dt: 158ms | tok/s: 25,956 | remaining: 8820s
step 81000 (59.2%) | loss: 10.2131 | gnorm: 2.1539 | dt: 159ms | tok/s: 25,842 | remaining: 8817s
step 81020 (59.2%) | loss: 9.9211 | gnorm: 3.9411 | dt: 160ms | tok/s: 25,667 | remaining: 8814s
step 81040 (59.2%) | loss: 10.0765 | gnorm: 2.1009 | dt: 161ms | tok/s: 25,474 | remaining: 8810s
step 81060 (59.2%) | loss: 10.5544 | gnorm: 4.9161 | dt: 157ms | tok/s: 26,033 | remaining: 8807s
step 81080 (59.2%) | loss: 10.3987 | gnorm: 2.0020 | dt: 157ms | tok/s: 26,148 | remaining: 8804s
step 81100 (59.3%) | loss: 10.0815 | gnorm: 4.2783 | dt: 158ms | tok/s: 25,984 | remaining: 8801s
step 81120 (59.3%) | loss: 10.0006 | gnorm: 2.0470 | dt: 158ms | tok/s: 25,854 | remaining: 8798s
step 81140 (59.3%) | loss: 10.3847 | gnorm: 5.9690 | dt: 160ms | tok/s: 25,574 | remaining: 8795s
step 81160 (59.3%) | loss: 9.5405 | gnorm: 1.9980 | dt: 163ms | tok/s: 25,166 | remaining: 8791s
step 81180 (59.3%) | loss: 10.8911 | gnorm: 4.8181 | dt: 158ms | tok/s: 25,993 | remaining: 8788s
step 81200 (59.3%) | loss: 9.9438 | gnorm: 2.1102 | dt: 157ms | tok/s: 26,057 | remaining: 8785s
step 81220 (59.3%) | loss: 10.3840 | gnorm: 4.9093 | dt: 157ms | tok/s: 26,014 | remaining: 8782s
step 81240 (59.4%) | loss: 9.4452 | gnorm: 2.1183 | dt: 152ms | tok/s: 26,949 | remaining: 8779s
step 81260 (59.4%) | loss: 10.4213 | gnorm: 4.9241 | dt: 160ms | tok/s: 25,627 | remaining: 8775s
step 81280 (59.4%) | loss: 10.0782 | gnorm: 2.2159 | dt: 160ms | tok/s: 25,562 | remaining: 8772s
step 81300 (59.4%) | loss: 9.5638 | gnorm: 4.4617 | dt: 161ms | tok/s: 25,424 | remaining: 8769s
step 81320 (59.4%) | loss: 10.4989 | gnorm: 2.1349 | dt: 161ms | tok/s: 25,478 | remaining: 8766s
step 81340 (59.4%) | loss: 10.6568 | gnorm: 5.2447 | dt: 156ms | tok/s: 26,182 | remaining: 8763s
step 81360 (59.4%) | loss: 10.4306 | gnorm: 2.1673 | dt: 157ms | tok/s: 26,026 | remaining: 8760s
step 81380 (59.5%) | loss: 9.9638 | gnorm: 4.4217 | dt: 158ms | tok/s: 25,899 | remaining: 8756s
step 81400 (59.5%) | loss: 10.6629 | gnorm: 2.2573 | dt: 159ms | tok/s: 25,828 | remaining: 8753s
step 81420 (59.5%) | loss: 10.0739 | gnorm: 3.8509 | dt: 160ms | tok/s: 25,554 | remaining: 8750s
step 81440 (59.5%) | loss: 9.3907 | gnorm: 2.5115 | dt: 165ms | tok/s: 24,775 | remaining: 8747s
step 81460 (59.5%) | loss: 10.9689 | gnorm: 4.1863 | dt: 157ms | tok/s: 26,008 | remaining: 8744s
step 81480 (59.5%) | loss: 9.7561 | gnorm: 2.1998 | dt: 157ms | tok/s: 26,009 | remaining: 8740s
step 81500 (59.5%) | loss: 10.4936 | gnorm: 3.5238 | dt: 158ms | tok/s: 25,980 | remaining: 8737s
step 81520 (59.6%) | loss: 9.8255 | gnorm: 1.7379 | dt: 158ms | tok/s: 25,928 | remaining: 8734s
step 81540 (59.6%) | loss: 9.8174 | gnorm: 4.6121 | dt: 161ms | tok/s: 25,480 | remaining: 8731s
step 81560 (59.6%) | loss: 11.3320 | gnorm: 2.1707 | dt: 161ms | tok/s: 25,520 | remaining: 8728s
step 81580 (59.6%) | loss: 9.7390 | gnorm: 3.8610 | dt: 159ms | tok/s: 25,684 | remaining: 8725s
step 81600 (59.6%) | loss: 10.1713 | gnorm: 2.1809 | dt: 158ms | tok/s: 25,950 | remaining: 8721s
step 81620 (59.6%) | loss: 11.5158 | gnorm: 5.1242 | dt: 159ms | tok/s: 25,699 | remaining: 8718s
step 81640 (59.7%) | loss: 10.2858 | gnorm: 2.0298 | dt: 159ms | tok/s: 25,835 | remaining: 8715s
step 81660 (59.7%) | loss: 9.6904 | gnorm: 4.6434 | dt: 158ms | tok/s: 25,932 | remaining: 8712s
step 81680 (59.7%) | loss: 9.4810 | gnorm: 1.8797 | dt: 159ms | tok/s: 25,741 | remaining: 8709s
step 81700 (59.7%) | loss: 9.9084 | gnorm: 4.9933 | dt: 161ms | tok/s: 25,371 | remaining: 8706s
step 81720 (59.7%) | loss: 10.1989 | gnorm: 2.0852 | dt: 160ms | tok/s: 25,622 | remaining: 8702s
step 81740 (59.7%) | loss: 9.7838 | gnorm: 5.6033 | dt: 157ms | tok/s: 26,031 | remaining: 8699s
step 81760 (59.7%) | loss: 8.9996 | gnorm: 2.2875 | dt: 157ms | tok/s: 26,018 | remaining: 8696s
step 81780 (59.8%) | loss: 9.0681 | gnorm: 3.6490 | dt: 158ms | tok/s: 25,895 | remaining: 8693s
step 81800 (59.8%) | loss: 9.3530 | gnorm: 1.8724 | dt: 160ms | tok/s: 25,629 | remaining: 8690s
step 81820 (59.8%) | loss: 10.5813 | gnorm: 4.0783 | dt: 161ms | tok/s: 25,367 | remaining: 8686s
step 81840 (59.8%) | loss: 9.8423 | gnorm: 2.0012 | dt: 156ms | tok/s: 26,176 | remaining: 8683s
step 81860 (59.8%) | loss: 9.8174 | gnorm: 3.8495 | dt: 157ms | tok/s: 26,086 | remaining: 8680s
step 81880 (59.8%) | loss: 9.2990 | gnorm: 2.2130 | dt: 158ms | tok/s: 25,973 | remaining: 8677s
step 81900 (59.8%) | loss: 10.4479 | gnorm: 4.9798 | dt: 159ms | tok/s: 25,841 | remaining: 8674s
step 81920 (59.9%) | loss: 9.6422 | gnorm: 2.5274 | dt: 160ms | tok/s: 25,652 | remaining: 8671s
step 81940 (59.9%) | loss: 10.2749 | gnorm: 4.3886 | dt: 161ms | tok/s: 25,391 | remaining: 8667s
step 81960 (59.9%) | loss: 9.6309 | gnorm: 1.9113 | dt: 161ms | tok/s: 25,439 | remaining: 8664s
step 81980 (59.9%) | loss: 10.1691 | gnorm: 4.5080 | dt: 156ms | tok/s: 26,252 | remaining: 8661s
step 82000 (59.9%) | loss: 9.4821 | gnorm: 2.0738 | dt: 158ms | tok/s: 25,983 | remaining: 8658s
step 82020 (59.9%) | loss: 9.3924 | gnorm: 3.7435 | dt: 158ms | tok/s: 25,873 | remaining: 8655s
step 82040 (59.9%) | loss: 10.1906 | gnorm: 2.6824 | dt: 159ms | tok/s: 25,735 | remaining: 8652s
step 82060 (60.0%) | loss: 9.6650 | gnorm: 4.3730 | dt: 160ms | tok/s: 25,541 | remaining: 8648s
step 82080 (60.0%) | loss: 9.4609 | gnorm: 2.3659 | dt: 160ms | tok/s: 25,544 | remaining: 8645s
step 82100 (60.0%) | loss: 10.6921 | gnorm: 3.8536 | dt: 156ms | tok/s: 26,247 | remaining: 8642s
step 82120 (60.0%) | loss: 9.6191 | gnorm: 2.3797 | dt: 158ms | tok/s: 25,845 | remaining: 8639s
step 82140 (60.0%) | loss: 9.5741 | gnorm: 3.9688 | dt: 159ms | tok/s: 25,752 | remaining: 8636s
step 82160 (60.0%) | loss: 9.7868 | gnorm: 2.4193 | dt: 159ms | tok/s: 25,784 | remaining: 8633s
step 82180 (60.0%) | loss: 10.3604 | gnorm: 4.9289 | dt: 160ms | tok/s: 25,538 | remaining: 8629s
step 82200 (60.1%) | loss: 10.1674 | gnorm: 2.2626 | dt: 162ms | tok/s: 25,245 | remaining: 8626s
step 82220 (60.1%) | loss: 10.2794 | gnorm: 5.0231 | dt: 158ms | tok/s: 25,893 | remaining: 8623s
step 82240 (60.1%) | loss: 9.9891 | gnorm: 2.1319 | dt: 157ms | tok/s: 26,094 | remaining: 8620s
step 82260 (60.1%) | loss: 10.1303 | gnorm: 4.0895 | dt: 157ms | tok/s: 26,012 | remaining: 8617s
step 82280 (60.1%) | loss: 9.5653 | gnorm: 2.1239 | dt: 159ms | tok/s: 25,807 | remaining: 8613s
step 82300 (60.1%) | loss: 8.7815 | gnorm: 3.9559 | dt: 159ms | tok/s: 25,752 | remaining: 8610s
step 82320 (60.2%) | loss: 9.9178 | gnorm: 2.3253 | dt: 159ms | tok/s: 25,756 | remaining: 8607s
step 82340 (60.2%) | loss: 10.7853 | gnorm: 4.8062 | dt: 160ms | tok/s: 25,556 | remaining: 8604s
step 82360 (60.2%) | loss: 9.7132 | gnorm: 2.1267 | dt: 157ms | tok/s: 26,093 | remaining: 8601s
step 82380 (60.2%) | loss: 10.1471 | gnorm: 4.4507 | dt: 158ms | tok/s: 25,865 | remaining: 8598s
step 82400 (60.2%) | loss: 9.6999 | gnorm: 2.2832 | dt: 158ms | tok/s: 25,867 | remaining: 8594s
step 82420 (60.2%) | loss: 9.4281 | gnorm: 3.6345 | dt: 157ms | tok/s: 26,117 | remaining: 8591s
step 82440 (60.2%) | loss: 9.4587 | gnorm: 2.2244 | dt: 160ms | tok/s: 25,638 | remaining: 8588s
step 82460 (60.3%) | loss: 9.3440 | gnorm: 3.9817 | dt: 159ms | tok/s: 25,681 | remaining: 8585s
step 82480 (60.3%) | loss: 9.1755 | gnorm: 2.2275 | dt: 168ms | tok/s: 24,438 | remaining: 8582s
step 82500 (60.3%) | loss: 10.8357 | gnorm: 5.1808 | dt: 157ms | tok/s: 26,017 | remaining: 8578s
step 82520 (60.3%) | loss: 9.6882 | gnorm: 2.0223 | dt: 158ms | tok/s: 25,992 | remaining: 8575s
step 82540 (60.3%) | loss: 9.7763 | gnorm: 4.0734 | dt: 158ms | tok/s: 25,959 | remaining: 8572s
step 82560 (60.3%) | loss: 9.3334 | gnorm: 2.0133 | dt: 158ms | tok/s: 25,885 | remaining: 8569s
step 82580 (60.3%) | loss: 9.5475 | gnorm: 3.7850 | dt: 160ms | tok/s: 25,603 | remaining: 8566s
step 82600 (60.4%) | loss: 8.9935 | gnorm: 2.2620 | dt: 160ms | tok/s: 25,558 | remaining: 8563s
step 82620 (60.4%) | loss: 9.6261 | gnorm: 3.9770 | dt: 159ms | tok/s: 25,711 | remaining: 8559s
step 82640 (60.4%) | loss: 9.7269 | gnorm: 2.5905 | dt: 157ms | tok/s: 26,079 | remaining: 8556s
step 82660 (60.4%) | loss: 10.2734 | gnorm: 5.5685 | dt: 157ms | tok/s: 26,070 | remaining: 8553s
step 82680 (60.4%) | loss: 9.7386 | gnorm: 2.1608 | dt: 159ms | tok/s: 25,825 | remaining: 8550s
step 82700 (60.4%) | loss: 10.0697 | gnorm: 4.3330 | dt: 159ms | tok/s: 25,722 | remaining: 8547s
step 82720 (60.4%) | loss: 10.0088 | gnorm: 2.1101 | dt: 160ms | tok/s: 25,549 | remaining: 8544s
step 82740 (60.5%) | loss: 9.7245 | gnorm: 4.7059 | dt: 159ms | tok/s: 25,713 | remaining: 8540s
step 82760 (60.5%) | loss: 9.5892 | gnorm: 2.0802 | dt: 156ms | tok/s: 26,331 | remaining: 8537s
step 82780 (60.5%) | loss: 9.7859 | gnorm: 4.1164 | dt: 158ms | tok/s: 25,908 | remaining: 8534s
step 82800 (60.5%) | loss: 10.0177 | gnorm: 2.4416 | dt: 159ms | tok/s: 25,830 | remaining: 8531s
step 82820 (60.5%) | loss: 10.0076 | gnorm: 4.8506 | dt: 159ms | tok/s: 25,684 | remaining: 8528s
step 82840 (60.5%) | loss: 10.1109 | gnorm: 2.2444 | dt: 161ms | tok/s: 25,406 | remaining: 8524s
step 82860 (60.5%) | loss: 9.7580 | gnorm: 3.9561 | dt: 159ms | tok/s: 25,810 | remaining: 8521s
step 82880 (60.6%) | loss: 9.5277 | gnorm: 2.4641 | dt: 164ms | tok/s: 24,925 | remaining: 8518s
step 82900 (60.6%) | loss: 8.9970 | gnorm: 3.5235 | dt: 158ms | tok/s: 25,856 | remaining: 8515s
step 82920 (60.6%) | loss: 8.8430 | gnorm: 2.1558 | dt: 158ms | tok/s: 25,987 | remaining: 8512s
step 82940 (60.6%) | loss: 8.9493 | gnorm: 4.5085 | dt: 159ms | tok/s: 25,758 | remaining: 8509s
step 82960 (60.6%) | loss: 9.0934 | gnorm: 2.0549 | dt: 161ms | tok/s: 25,406 | remaining: 8505s
step 82980 (60.6%) | loss: 8.7135 | gnorm: 3.9776 | dt: 163ms | tok/s: 25,145 | remaining: 8502s
step 83000 (60.7%) | loss: 8.8802 | gnorm: 1.9369 | dt: 160ms | tok/s: 25,523 | remaining: 8499s
step 83020 (60.7%) | loss: 9.0481 | gnorm: 5.0881 | dt: 157ms | tok/s: 26,021 | remaining: 8496s
step 83040 (60.7%) | loss: 8.9285 | gnorm: 2.0664 | dt: 158ms | tok/s: 25,907 | remaining: 8493s
step 83060 (60.7%) | loss: 10.4554 | gnorm: 5.9129 | dt: 159ms | tok/s: 25,808 | remaining: 8489s
step 83080 (60.7%) | loss: 9.6736 | gnorm: 2.0644 | dt: 159ms | tok/s: 25,709 | remaining: 8486s
step 83100 (60.7%) | loss: 9.1406 | gnorm: 4.3841 | dt: 160ms | tok/s: 25,642 | remaining: 8483s
step 83120 (60.7%) | loss: 9.6270 | gnorm: 2.0090 | dt: 159ms | tok/s: 25,750 | remaining: 8480s
step 83140 (60.8%) | loss: 8.4180 | gnorm: 4.3131 | dt: 160ms | tok/s: 25,633 | remaining: 8477s
step 83160 (60.8%) | loss: 8.7180 | gnorm: 1.9953 | dt: 161ms | tok/s: 25,392 | remaining: 8474s
step 83180 (60.8%) | loss: 8.6055 | gnorm: 4.4625 | dt: 158ms | tok/s: 25,991 | remaining: 8470s
step 83200 (60.8%) | loss: 8.7309 | gnorm: 2.3590 | dt: 157ms | tok/s: 26,027 | remaining: 8467s
step 83220 (60.8%) | loss: 9.6540 | gnorm: 4.3549 | dt: 158ms | tok/s: 25,887 | remaining: 8464s
step 83240 (60.8%) | loss: 8.8471 | gnorm: 2.2002 | dt: 157ms | tok/s: 26,122 | remaining: 8461s
step 83260 (60.8%) | loss: 10.0384 | gnorm: 4.0099 | dt: 159ms | tok/s: 25,745 | remaining: 8458s
step 83280 (60.9%) | loss: 9.5828 | gnorm: 1.8995 | dt: 159ms | tok/s: 25,747 | remaining: 8454s
step 83300 (60.9%) | loss: 9.9262 | gnorm: 4.7152 | dt: 162ms | tok/s: 25,295 | remaining: 8451s
step 83320 (60.9%) | loss: 9.7006 | gnorm: 2.0154 | dt: 158ms | tok/s: 25,992 | remaining: 8448s
step 83340 (60.9%) | loss: 10.2135 | gnorm: 5.4781 | dt: 158ms | tok/s: 25,991 | remaining: 8445s
step 83360 (60.9%) | loss: 9.6317 | gnorm: 2.3461 | dt: 158ms | tok/s: 25,893 | remaining: 8442s
step 83380 (60.9%) | loss: 10.8382 | gnorm: 4.9286 | dt: 159ms | tok/s: 25,697 | remaining: 8438s
step 83400 (60.9%) | loss: 10.6963 | gnorm: 2.1878 | dt: 160ms | tok/s: 25,672 | remaining: 8435s
step 83420 (61.0%) | loss: 10.7031 | gnorm: 4.3487 | dt: 161ms | tok/s: 25,404 | remaining: 8432s
step 83440 (61.0%) | loss: 10.3157 | gnorm: 2.1909 | dt: 162ms | tok/s: 25,236 | remaining: 8429s
step 83460 (61.0%) | loss: 11.1501 | gnorm: 3.9894 | dt: 158ms | tok/s: 25,884 | remaining: 8426s
step 83480 (61.0%) | loss: 9.8879 | gnorm: 2.5663 | dt: 158ms | tok/s: 25,970 | remaining: 8423s
step 83500 (61.0%) | loss: 9.7439 | gnorm: 4.2156 | dt: 158ms | tok/s: 25,951 | remaining: 8419s
step 83520 (61.0%) | loss: 9.3598 | gnorm: 2.1268 | dt: 158ms | tok/s: 25,862 | remaining: 8416s
step 83540 (61.1%) | loss: 9.7836 | gnorm: 4.6387 | dt: 159ms | tok/s: 25,778 | remaining: 8413s
step 83560 (61.1%) | loss: 10.4946 | gnorm: 2.2553 | dt: 159ms | tok/s: 25,746 | remaining: 8410s
step 83580 (61.1%) | loss: 10.3777 | gnorm: 5.7340 | dt: 162ms | tok/s: 25,331 | remaining: 8407s
step 83600 (61.1%) | loss: 9.7596 | gnorm: 2.0728 | dt: 158ms | tok/s: 25,850 | remaining: 8403s
step 83620 (61.1%) | loss: 10.0826 | gnorm: 4.1183 | dt: 159ms | tok/s: 25,832 | remaining: 8400s
step 83640 (61.1%) | loss: 9.8256 | gnorm: 2.3072 | dt: 157ms | tok/s: 26,010 | remaining: 8397s
step 83660 (61.1%) | loss: 9.7920 | gnorm: 3.6630 | dt: 159ms | tok/s: 25,758 | remaining: 8394s
step 83680 (61.2%) | loss: 10.2895 | gnorm: 2.5204 | dt: 160ms | tok/s: 25,656 | remaining: 8391s
step 83700 (61.2%) | loss: 10.2477 | gnorm: 5.0371 | dt: 160ms | tok/s: 25,547 | remaining: 8388s
step 83720 (61.2%) | loss: 9.2411 | gnorm: 2.1389 | dt: 161ms | tok/s: 25,487 | remaining: 8384s
step 83740 (61.2%) | loss: 9.8887 | gnorm: 4.0252 | dt: 156ms | tok/s: 26,212 | remaining: 8381s
step 83760 (61.2%) | loss: 9.6648 | gnorm: 2.0280 | dt: 159ms | tok/s: 25,758 | remaining: 8378s
step 83780 (61.2%) | loss: 10.8378 | gnorm: 4.3537 | dt: 159ms | tok/s: 25,789 | remaining: 8375s
step 83800 (61.2%) | loss: 10.0063 | gnorm: 2.2834 | dt: 159ms | tok/s: 25,826 | remaining: 8372s
step 83820 (61.3%) | loss: 10.4154 | gnorm: 5.1195 | dt: 159ms | tok/s: 25,683 | remaining: 8368s
step 83840 (61.3%) | loss: 8.3875 | gnorm: 2.1008 | dt: 159ms | tok/s: 25,727 | remaining: 8365s
step 83860 (61.3%) | loss: 10.2006 | gnorm: 4.6073 | dt: 162ms | tok/s: 25,227 | remaining: 8362s
step 83880 (61.3%) | loss: 9.6542 | gnorm: 2.0653 | dt: 157ms | tok/s: 26,034 | remaining: 8359s
step 83900 (61.3%) | loss: 11.1714 | gnorm: 4.3943 | dt: 158ms | tok/s: 25,884 | remaining: 8356s
step 83920 (61.3%) | loss: 9.9315 | gnorm: 2.3893 | dt: 158ms | tok/s: 25,878 | remaining: 8353s
step 83940 (61.3%) | loss: 10.1133 | gnorm: 4.4867 | dt: 159ms | tok/s: 25,702 | remaining: 8349s
step 83960 (61.4%) | loss: 9.4884 | gnorm: 2.1421 | dt: 159ms | tok/s: 25,682 | remaining: 8346s
step 83980 (61.4%) | loss: 10.4150 | gnorm: 4.0612 | dt: 161ms | tok/s: 25,449 | remaining: 8343s
step 84000 (61.4%) | loss: 9.7270 | gnorm: 1.9821 | dt: 161ms | tok/s: 25,462 | remaining: 8340s
step 84020 (61.4%) | loss: 12.4995 | gnorm: 4.3285 | dt: 157ms | tok/s: 26,113 | remaining: 8337s
step 84040 (61.4%) | loss: 9.7563 | gnorm: 2.3033 | dt: 158ms | tok/s: 25,882 | remaining: 8333s
step 84060 (61.4%) | loss: 10.7161 | gnorm: 4.5839 | dt: 159ms | tok/s: 25,797 | remaining: 8330s
step 84080 (61.4%) | loss: 9.3279 | gnorm: 1.9756 | dt: 161ms | tok/s: 25,488 | remaining: 8327s
step 84100 (61.5%) | loss: 11.0207 | gnorm: 3.8977 | dt: 159ms | tok/s: 25,796 | remaining: 8324s
step 84120 (61.5%) | loss: 9.5573 | gnorm: 2.5608 | dt: 160ms | tok/s: 25,553 | remaining: 8321s
step 84140 (61.5%) | loss: 10.0373 | gnorm: 4.6141 | dt: 157ms | tok/s: 26,132 | remaining: 8318s
step 84160 (61.5%) | loss: 9.7260 | gnorm: 2.3024 | dt: 157ms | tok/s: 26,089 | remaining: 8314s
step 84180 (61.5%) | loss: 10.1818 | gnorm: 4.3984 | dt: 166ms | tok/s: 24,742 | remaining: 8311s
step 84200 (61.5%) | loss: 10.1253 | gnorm: 2.0714 | dt: 159ms | tok/s: 25,810 | remaining: 8308s
step 84220 (61.6%) | loss: 9.9863 | gnorm: 3.8539 | dt: 159ms | tok/s: 25,701 | remaining: 8305s
step 84240 (61.6%) | loss: 10.2117 | gnorm: 2.2502 | dt: 161ms | tok/s: 25,449 | remaining: 8302s
step 84260 (61.6%) | loss: 9.7110 | gnorm: 4.0447 | dt: 156ms | tok/s: 26,195 | remaining: 8299s
step 84280 (61.6%) | loss: 8.8117 | gnorm: 2.0872 | dt: 158ms | tok/s: 25,913 | remaining: 8295s
step 84300 (61.6%) | loss: 9.6567 | gnorm: 4.3190 | dt: 158ms | tok/s: 25,843 | remaining: 8292s
step 84320 (61.6%) | loss: 9.8108 | gnorm: 2.0010 | dt: 158ms | tok/s: 25,976 | remaining: 8289s
step 84340 (61.6%) | loss: 10.5234 | gnorm: 3.9239 | dt: 160ms | tok/s: 25,631 | remaining: 8286s
step 84360 (61.7%) | loss: 10.2899 | gnorm: 1.8730 | dt: 160ms | tok/s: 25,635 | remaining: 8283s
step 84380 (61.7%) | loss: 10.4114 | gnorm: 5.3228 | dt: 155ms | tok/s: 26,377 | remaining: 8280s
step 84400 (61.7%) | loss: 9.4835 | gnorm: 2.1807 | dt: 157ms | tok/s: 26,029 | remaining: 8276s
step 84420 (61.7%) | loss: 10.3561 | gnorm: 4.9282 | dt: 158ms | tok/s: 25,847 | remaining: 8273s
step 84440 (61.7%) | loss: 10.0292 | gnorm: 2.2675 | dt: 159ms | tok/s: 25,813 | remaining: 8270s
step 84460 (61.7%) | loss: 10.4157 | gnorm: 4.6264 | dt: 161ms | tok/s: 25,485 | remaining: 8267s
step 84480 (61.7%) | loss: 10.3536 | gnorm: 1.9259 | dt: 161ms | tok/s: 25,485 | remaining: 8264s
step 84500 (61.8%) | loss: 9.9691 | gnorm: 4.2326 | dt: 156ms | tok/s: 26,236 | remaining: 8261s
step 84520 (61.8%) | loss: 10.6150 | gnorm: 2.0356 | dt: 158ms | tok/s: 25,843 | remaining: 8257s
step 84540 (61.8%) | loss: 10.1173 | gnorm: 3.9273 | dt: 158ms | tok/s: 25,959 | remaining: 8254s
step 84560 (61.8%) | loss: 9.2445 | gnorm: 1.9791 | dt: 166ms | tok/s: 24,719 | remaining: 8251s
step 84580 (61.8%) | loss: 9.4468 | gnorm: 3.4604 | dt: 159ms | tok/s: 25,695 | remaining: 8248s
step 84600 (61.8%) | loss: 10.2871 | gnorm: 2.1195 | dt: 162ms | tok/s: 25,327 | remaining: 8245s
step 84620 (61.8%) | loss: 10.2577 | gnorm: 5.3763 | dt: 157ms | tok/s: 26,146 | remaining: 8242s
step 84640 (61.9%) | loss: 9.9060 | gnorm: 2.0846 | dt: 158ms | tok/s: 25,916 | remaining: 8238s
step 84660 (61.9%) | loss: 10.1904 | gnorm: 3.6808 | dt: 158ms | tok/s: 25,965 | remaining: 8235s
step 84680 (61.9%) | loss: 9.6663 | gnorm: 2.1588 | dt: 159ms | tok/s: 25,762 | remaining: 8232s
step 84700 (61.9%) | loss: 9.4695 | gnorm: 4.0591 | dt: 159ms | tok/s: 25,685 | remaining: 8229s
step 84720 (61.9%) | loss: 11.2990 | gnorm: 2.2779 | dt: 161ms | tok/s: 25,518 | remaining: 8226s
step 84740 (61.9%) | loss: 10.4160 | gnorm: 5.0622 | dt: 158ms | tok/s: 25,907 | remaining: 8222s
step 84760 (61.9%) | loss: 9.9812 | gnorm: 2.2351 | dt: 157ms | tok/s: 26,033 | remaining: 8219s
step 84780 (62.0%) | loss: 9.8725 | gnorm: 3.5290 | dt: 159ms | tok/s: 25,828 | remaining: 8216s
step 84800 (62.0%) | loss: 9.1688 | gnorm: 2.3226 | dt: 158ms | tok/s: 25,845 | remaining: 8213s
step 84820 (62.0%) | loss: 9.8120 | gnorm: 3.8603 | dt: 160ms | tok/s: 25,521 | remaining: 8210s
step 84840 (62.0%) | loss: 9.6984 | gnorm: 2.0183 | dt: 160ms | tok/s: 25,652 | remaining: 8207s
step 84860 (62.0%) | loss: 9.4363 | gnorm: 3.7044 | dt: 162ms | tok/s: 25,258 | remaining: 8203s
step 84880 (62.0%) | loss: 9.8726 | gnorm: 2.1551 | dt: 161ms | tok/s: 25,512 | remaining: 8200s
step 84900 (62.1%) | loss: 11.7721 | gnorm: 5.7633 | dt: 167ms | tok/s: 24,597 | remaining: 8197s
step 84920 (62.1%) | loss: 9.5524 | gnorm: 2.3682 | dt: 158ms | tok/s: 25,878 | remaining: 8194s
step 84940 (62.1%) | loss: 10.4873 | gnorm: 4.8065 | dt: 154ms | tok/s: 26,616 | remaining: 8191s
step 84960 (62.1%) | loss: 9.6349 | gnorm: 2.1918 | dt: 156ms | tok/s: 26,212 | remaining: 8187s
step 84980 (62.1%) | loss: 9.7660 | gnorm: 4.8402 | dt: 161ms | tok/s: 25,413 | remaining: 8184s
step 85000 (62.1%) | loss: 9.5638 | gnorm: 2.6229 | dt: 160ms | tok/s: 25,566 | remaining: 8181s
step 85020 (62.1%) | loss: 9.8067 | gnorm: 4.7386 | dt: 159ms | tok/s: 25,800 | remaining: 8178s
step 85040 (62.2%) | loss: 9.1353 | gnorm: 2.6513 | dt: 162ms | tok/s: 25,297 | remaining: 8175s
step 85060 (62.2%) | loss: 9.2691 | gnorm: 4.4528 | dt: 162ms | tok/s: 25,280 | remaining: 8171s
step 85080 (62.2%) | loss: 9.9672 | gnorm: 2.1157 | dt: 158ms | tok/s: 25,941 | remaining: 8168s
step 85100 (62.2%) | loss: 9.8071 | gnorm: 4.0123 | dt: 158ms | tok/s: 25,952 | remaining: 8165s
step 85120 (62.2%) | loss: 9.8783 | gnorm: 2.2643 | dt: 157ms | tok/s: 26,095 | remaining: 8162s
step 85140 (62.2%) | loss: 10.4683 | gnorm: 5.3309 | dt: 159ms | tok/s: 25,779 | remaining: 8159s
step 85160 (62.2%) | loss: 9.9369 | gnorm: 2.2459 | dt: 159ms | tok/s: 25,701 | remaining: 8155s
step 85180 (62.3%) | loss: 9.7293 | gnorm: 3.9800 | dt: 161ms | tok/s: 25,476 | remaining: 8152s
step 85200 (62.3%) | loss: 9.4349 | gnorm: 2.1753 | dt: 162ms | tok/s: 25,240 | remaining: 8149s
step 85220 (62.3%) | loss: 9.5069 | gnorm: 4.2100 | dt: 160ms | tok/s: 25,526 | remaining: 8146s
step 85240 (62.3%) | loss: 9.4799 | gnorm: 2.1022 | dt: 157ms | tok/s: 26,019 | remaining: 8143s
step 85260 (62.3%) | loss: 9.4921 | gnorm: 3.9442 | dt: 159ms | tok/s: 25,784 | remaining: 8139s
step 85280 (62.3%) | loss: 9.0535 | gnorm: 2.2558 | dt: 158ms | tok/s: 25,939 | remaining: 8136s
step 85300 (62.3%) | loss: 9.8280 | gnorm: 5.3206 | dt: 160ms | tok/s: 25,622 | remaining: 8133s
step 85320 (62.4%) | loss: 9.7260 | gnorm: 2.3106 | dt: 161ms | tok/s: 25,409 | remaining: 8130s
step 85340 (62.4%) | loss: 9.4077 | gnorm: 3.7029 | dt: 160ms | tok/s: 25,574 | remaining: 8127s
step 85360 (62.4%) | loss: 9.3997 | gnorm: 2.1686 | dt: 162ms | tok/s: 25,301 | remaining: 8123s
step 85380 (62.4%) | loss: 9.9799 | gnorm: 4.2767 | dt: 160ms | tok/s: 25,649 | remaining: 8120s
step 85400 (62.4%) | loss: 9.5452 | gnorm: 2.1576 | dt: 156ms | tok/s: 26,188 | remaining: 8117s
step 85420 (62.4%) | loss: 10.8700 | gnorm: 4.3719 | dt: 157ms | tok/s: 26,036 | remaining: 8114s
step 85440 (62.4%) | loss: 9.7909 | gnorm: 2.1108 | dt: 159ms | tok/s: 25,818 | remaining: 8111s
step 85460 (62.5%) | loss: 9.7412 | gnorm: 4.2814 | dt: 159ms | tok/s: 25,782 | remaining: 8107s
step 85480 (62.5%) | loss: 9.3773 | gnorm: 2.1938 | dt: 160ms | tok/s: 25,625 | remaining: 8104s
step 85500 (62.5%) | loss: 9.6154 | gnorm: 5.3011 | dt: 159ms | tok/s: 25,745 | remaining: 8101s
step 85520 (62.5%) | loss: 9.1791 | gnorm: 2.2101 | dt: 161ms | tok/s: 25,369 | remaining: 8098s
step 85540 (62.5%) | loss: 9.8039 | gnorm: 4.7414 | dt: 159ms | tok/s: 25,791 | remaining: 8095s
step 85560 (62.5%) | loss: 9.9787 | gnorm: 2.4226 | dt: 158ms | tok/s: 25,900 | remaining: 8092s
step 85580 (62.6%) | loss: 9.7922 | gnorm: 3.6366 | dt: 158ms | tok/s: 25,927 | remaining: 8088s
step 85600 (62.6%) | loss: 9.5940 | gnorm: 2.3763 | dt: 158ms | tok/s: 25,844 | remaining: 8085s
step 85620 (62.6%) | loss: 9.1947 | gnorm: 3.8953 | dt: 159ms | tok/s: 25,714 | remaining: 8082s
step 85640 (62.6%) | loss: 9.7793 | gnorm: 6.7500 | dt: 158ms | tok/s: 25,916 | remaining: 8079s
step 85660 (62.6%) | loss: 10.5716 | gnorm: 4.8395 | dt: 161ms | tok/s: 25,518 | remaining: 8076s
step 85680 (62.6%) | loss: 9.9318 | gnorm: 1.9872 | dt: 160ms | tok/s: 25,639 | remaining: 8072s
step 85700 (62.6%) | loss: 9.3669 | gnorm: 4.3736 | dt: 165ms | tok/s: 24,753 | remaining: 8069s
step 85720 (62.7%) | loss: 10.1938 | gnorm: 2.0063 | dt: 159ms | tok/s: 25,831 | remaining: 8066s
step 85740 (62.7%) | loss: 9.4669 | gnorm: 3.8034 | dt: 158ms | tok/s: 25,858 | remaining: 8063s
step 85760 (62.7%) | loss: 9.3421 | gnorm: 3.4099 | dt: 159ms | tok/s: 25,790 | remaining: 8060s
step 85780 (62.7%) | loss: 9.8062 | gnorm: 3.9609 | dt: 160ms | tok/s: 25,634 | remaining: 8056s
step 85800 (62.7%) | loss: 9.2596 | gnorm: 2.2627 | dt: 161ms | tok/s: 25,417 | remaining: 8053s
step 85820 (62.7%) | loss: 10.5824 | gnorm: 4.1616 | dt: 161ms | tok/s: 25,473 | remaining: 8050s
step 85840 (62.7%) | loss: 9.7373 | gnorm: 2.0505 | dt: 157ms | tok/s: 26,010 | remaining: 8047s
step 85860 (62.8%) | loss: 11.0369 | gnorm: 3.8607 | dt: 159ms | tok/s: 25,782 | remaining: 8044s
step 85880 (62.8%) | loss: 9.6421 | gnorm: 1.9959 | dt: 160ms | tok/s: 25,649 | remaining: 8041s
step 85900 (62.8%) | loss: 9.2880 | gnorm: 5.6142 | dt: 159ms | tok/s: 25,746 | remaining: 8037s
step 85920 (62.8%) | loss: 10.1385 | gnorm: 2.8984 | dt: 161ms | tok/s: 25,514 | remaining: 8034s
step 85940 (62.8%) | loss: 10.7022 | gnorm: 4.1138 | dt: 162ms | tok/s: 25,289 | remaining: 8031s
step 85960 (62.8%) | loss: 9.6138 | gnorm: 2.3896 | dt: 158ms | tok/s: 25,960 | remaining: 8028s
step 85980 (62.8%) | loss: 12.9855 | gnorm: 4.3999 | dt: 158ms | tok/s: 25,850 | remaining: 8025s
step 86000 (62.9%) | loss: 9.6140 | gnorm: 2.3343 | dt: 158ms | tok/s: 25,923 | remaining: 8022s
step 86020 (62.9%) | loss: 10.2390 | gnorm: 3.9035 | dt: 159ms | tok/s: 25,815 | remaining: 8018s
step 86040 (62.9%) | loss: 8.9352 | gnorm: 1.8521 | dt: 159ms | tok/s: 25,700 | remaining: 8015s
step 86060 (62.9%) | loss: 9.4650 | gnorm: 3.8153 | dt: 162ms | tok/s: 25,297 | remaining: 8012s
step 86080 (62.9%) | loss: 9.4620 | gnorm: 1.8592 | dt: 160ms | tok/s: 25,642 | remaining: 8009s
step 86100 (62.9%) | loss: 9.9853 | gnorm: 4.5346 | dt: 156ms | tok/s: 26,173 | remaining: 8006s
step 86120 (63.0%) | loss: 9.4253 | gnorm: 2.3673 | dt: 157ms | tok/s: 26,061 | remaining: 8002s
step 86140 (63.0%) | loss: 10.2919 | gnorm: 4.2333 | dt: 158ms | tok/s: 25,911 | remaining: 7999s
step 86160 (63.0%) | loss: 9.5669 | gnorm: 1.9850 | dt: 159ms | tok/s: 25,698 | remaining: 7996s
step 86180 (63.0%) | loss: 9.5477 | gnorm: 3.6980 | dt: 160ms | tok/s: 25,608 | remaining: 7993s
step 86200 (63.0%) | loss: 9.1691 | gnorm: 2.2167 | dt: 162ms | tok/s: 25,233 | remaining: 7990s
step 86220 (63.0%) | loss: 9.4229 | gnorm: 3.7712 | dt: 156ms | tok/s: 26,225 | remaining: 7987s
step 86240 (63.0%) | loss: 10.0134 | gnorm: 2.2510 | dt: 157ms | tok/s: 26,070 | remaining: 7983s
step 86260 (63.1%) | loss: 8.9407 | gnorm: 3.7915 | dt: 154ms | tok/s: 26,634 | remaining: 7980s
step 86280 (63.1%) | loss: 8.9414 | gnorm: 2.1355 | dt: 159ms | tok/s: 25,744 | remaining: 7977s
step 86300 (63.1%) | loss: 9.5400 | gnorm: 4.0036 | dt: 159ms | tok/s: 25,741 | remaining: 7974s
step 86320 (63.1%) | loss: 8.6711 | gnorm: 2.2685 | dt: 162ms | tok/s: 25,331 | remaining: 7971s
step 86340 (63.1%) | loss: 9.1786 | gnorm: 4.1977 | dt: 159ms | tok/s: 25,710 | remaining: 7967s
step 86360 (63.1%) | loss: 8.2163 | gnorm: 2.1132 | dt: 156ms | tok/s: 26,202 | remaining: 7964s
step 86380 (63.1%) | loss: 8.5601 | gnorm: 4.0670 | dt: 158ms | tok/s: 26,001 | remaining: 7961s
step 86400 (63.2%) | loss: 8.4725 | gnorm: 1.8936 | dt: 159ms | tok/s: 25,831 | remaining: 7958s
step 86420 (63.2%) | loss: 8.9599 | gnorm: 4.3432 | dt: 161ms | tok/s: 25,502 | remaining: 7955s
step 86440 (63.2%) | loss: 9.0830 | gnorm: 2.4425 | dt: 159ms | tok/s: 25,730 | remaining: 7952s
step 86460 (63.2%) | loss: 9.0056 | gnorm: 3.7061 | dt: 160ms | tok/s: 25,555 | remaining: 7948s
step 86480 (63.2%) | loss: 8.4479 | gnorm: 2.3107 | dt: 156ms | tok/s: 26,290 | remaining: 7945s
step 86500 (63.2%) | loss: 9.1336 | gnorm: 3.8165 | dt: 158ms | tok/s: 25,969 | remaining: 7942s
step 86520 (63.2%) | loss: 8.6451 | gnorm: 2.3120 | dt: 158ms | tok/s: 25,931 | remaining: 7939s
step 86540 (63.3%) | loss: 8.5920 | gnorm: 4.3798 | dt: 159ms | tok/s: 25,689 | remaining: 7936s
step 86560 (63.3%) | loss: 8.5055 | gnorm: 2.0664 | dt: 160ms | tok/s: 25,647 | remaining: 7933s
step 86580 (63.3%) | loss: 9.6239 | gnorm: 4.8822 | dt: 160ms | tok/s: 25,594 | remaining: 7929s
step 86600 (63.3%) | loss: 9.3813 | gnorm: 1.9485 | dt: 159ms | tok/s: 25,825 | remaining: 7926s
step 86620 (63.3%) | loss: 9.3001 | gnorm: 4.5867 | dt: 158ms | tok/s: 25,944 | remaining: 7923s
step 86640 (63.3%) | loss: 9.2874 | gnorm: 2.0442 | dt: 157ms | tok/s: 26,123 | remaining: 7920s
step 86660 (63.3%) | loss: 8.1939 | gnorm: 4.6966 | dt: 160ms | tok/s: 25,641 | remaining: 7917s
step 86680 (63.4%) | loss: 7.6671 | gnorm: 1.9424 | dt: 159ms | tok/s: 25,699 | remaining: 7913s
step 86700 (63.4%) | loss: 8.1751 | gnorm: 3.8852 | dt: 160ms | tok/s: 25,531 | remaining: 7910s
step 86720 (63.4%) | loss: 8.5187 | gnorm: 2.2045 | dt: 161ms | tok/s: 25,446 | remaining: 7907s
step 86740 (63.4%) | loss: 10.1017 | gnorm: 4.0998 | dt: 156ms | tok/s: 26,245 | remaining: 7904s
step 86760 (63.4%) | loss: 9.5162 | gnorm: 1.8483 | dt: 159ms | tok/s: 25,774 | remaining: 7901s
step 86780 (63.4%) | loss: 10.0174 | gnorm: 5.3330 | dt: 159ms | tok/s: 25,786 | remaining: 7898s
step 86800 (63.5%) | loss: 9.9985 | gnorm: 2.8201 | dt: 163ms | tok/s: 25,186 | remaining: 7894s
step 86820 (63.5%) | loss: 9.2800 | gnorm: 4.3935 | dt: 161ms | tok/s: 25,414 | remaining: 7891s
step 86840 (63.5%) | loss: 10.0137 | gnorm: 2.3927 | dt: 161ms | tok/s: 25,512 | remaining: 7888s
step 86860 (63.5%) | loss: 9.7252 | gnorm: 4.7886 | dt: 163ms | tok/s: 25,074 | remaining: 7885s
step 86880 (63.5%) | loss: 9.7473 | gnorm: 2.1330 | dt: 159ms | tok/s: 25,737 | remaining: 7882s
step 86900 (63.5%) | loss: 8.9321 | gnorm: 4.0676 | dt: 157ms | tok/s: 26,059 | remaining: 7878s
step 86920 (63.5%) | loss: 8.5348 | gnorm: 2.0507 | dt: 156ms | tok/s: 26,234 | remaining: 7875s
step 86940 (63.6%) | loss: 10.0927 | gnorm: 3.8271 | dt: 159ms | tok/s: 25,829 | remaining: 7872s
step 86960 (63.6%) | loss: 12.3555 | gnorm: 2.4883 | dt: 159ms | tok/s: 25,689 | remaining: 7869s
step 86980 (63.6%) | loss: 10.1262 | gnorm: 3.8266 | dt: 160ms | tok/s: 25,532 | remaining: 7866s
step 87000 (63.6%) | loss: 10.2745 | gnorm: 2.8912 | dt: 160ms | tok/s: 25,528 | remaining: 7862s
step 87020 (63.6%) | loss: 9.8156 | gnorm: 4.8522 | dt: 161ms | tok/s: 25,372 | remaining: 7859s
step 87040 (63.6%) | loss: 9.9891 | gnorm: 2.2522 | dt: 157ms | tok/s: 26,106 | remaining: 7856s
step 87060 (63.6%) | loss: 9.7855 | gnorm: 4.2282 | dt: 159ms | tok/s: 25,821 | remaining: 7853s
step 87080 (63.7%) | loss: 9.9644 | gnorm: 2.3751 | dt: 158ms | tok/s: 25,920 | remaining: 7850s
step 87100 (63.7%) | loss: 10.4009 | gnorm: 4.3718 | dt: 160ms | tok/s: 25,581 | remaining: 7847s
step 87120 (63.7%) | loss: 9.3294 | gnorm: 2.1819 | dt: 161ms | tok/s: 25,430 | remaining: 7843s
step 87140 (63.7%) | loss: 10.0027 | gnorm: 3.9873 | dt: 162ms | tok/s: 25,262 | remaining: 7840s
step 87160 (63.7%) | loss: 9.5647 | gnorm: 1.7772 | dt: 159ms | tok/s: 25,682 | remaining: 7837s
step 87180 (63.7%) | loss: 9.5674 | gnorm: 3.5135 | dt: 157ms | tok/s: 26,144 | remaining: 7834s
step 87200 (63.7%) | loss: 10.5021 | gnorm: 2.1969 | dt: 158ms | tok/s: 25,968 | remaining: 7831s
step 87220 (63.8%) | loss: 10.8756 | gnorm: 4.7494 | dt: 159ms | tok/s: 25,731 | remaining: 7827s
step 87240 (63.8%) | loss: 10.0210 | gnorm: 1.8978 | dt: 160ms | tok/s: 25,660 | remaining: 7824s
step 87260 (63.8%) | loss: 10.9527 | gnorm: 5.2875 | dt: 160ms | tok/s: 25,588 | remaining: 7821s
step 87280 (63.8%) | loss: 10.4029 | gnorm: 1.9512 | dt: 162ms | tok/s: 25,347 | remaining: 7818s
step 87300 (63.8%) | loss: 10.1350 | gnorm: 4.6588 | dt: 159ms | tok/s: 25,819 | remaining: 7815s
step 87320 (63.8%) | loss: 10.0792 | gnorm: 2.0972 | dt: 158ms | tok/s: 25,853 | remaining: 7812s
step 87340 (63.8%) | loss: 9.8357 | gnorm: 3.7150 | dt: 158ms | tok/s: 25,947 | remaining: 7808s
step 87360 (63.9%) | loss: 8.6896 | gnorm: 2.5744 | dt: 159ms | tok/s: 25,742 | remaining: 7805s
step 87380 (63.9%) | loss: 10.5718 | gnorm: 4.7664 | dt: 161ms | tok/s: 25,403 | remaining: 7802s
step 87400 (63.9%) | loss: 9.9530 | gnorm: 2.1378 | dt: 161ms | tok/s: 25,393 | remaining: 7799s
step 87420 (63.9%) | loss: 10.5750 | gnorm: 3.9106 | dt: 162ms | tok/s: 25,221 | remaining: 7796s
step 87440 (63.9%) | loss: 10.4773 | gnorm: 1.9884 | dt: 157ms | tok/s: 26,083 | remaining: 7792s
step 87460 (63.9%) | loss: 10.2946 | gnorm: 5.1115 | dt: 158ms | tok/s: 25,859 | remaining: 7789s
step 87480 (64.0%) | loss: 9.7753 | gnorm: 2.4969 | dt: 158ms | tok/s: 25,852 | remaining: 7786s
step 87500 (64.0%) | loss: 10.0508 | gnorm: 4.7177 | dt: 159ms | tok/s: 25,795 | remaining: 7783s
step 87520 (64.0%) | loss: 9.4581 | gnorm: 1.9970 | dt: 160ms | tok/s: 25,558 | remaining: 7780s
step 87540 (64.0%) | loss: 10.2294 | gnorm: 3.5509 | dt: 160ms | tok/s: 25,660 | remaining: 7777s
step 87560 (64.0%) | loss: 9.9694 | gnorm: 2.1123 | dt: 161ms | tok/s: 25,389 | remaining: 7773s
step 87580 (64.0%) | loss: 10.3234 | gnorm: 5.1855 | dt: 165ms | tok/s: 24,883 | remaining: 7770s
step 87600 (64.0%) | loss: 9.5185 | gnorm: 2.0793 | dt: 159ms | tok/s: 25,717 | remaining: 7767s
step 87620 (64.1%) | loss: 9.9008 | gnorm: 4.3667 | dt: 158ms | tok/s: 25,926 | remaining: 7764s
step 87640 (64.1%) | loss: 9.3213 | gnorm: 2.0830 | dt: 160ms | tok/s: 25,614 | remaining: 7761s
step 87660 (64.1%) | loss: 8.2337 | gnorm: 3.6829 | dt: 159ms | tok/s: 25,708 | remaining: 7757s
step 87680 (64.1%) | loss: 10.1397 | gnorm: 2.3505 | dt: 159ms | tok/s: 25,745 | remaining: 7754s
step 87700 (64.1%) | loss: 10.3310 | gnorm: 3.9336 | dt: 163ms | tok/s: 25,087 | remaining: 7751s
step 87720 (64.1%) | loss: 9.5444 | gnorm: 3.1831 | dt: 160ms | tok/s: 25,662 | remaining: 7748s
step 87740 (64.1%) | loss: 8.5751 | gnorm: 4.0852 | dt: 157ms | tok/s: 26,028 | remaining: 7745s
step 87760 (64.2%) | loss: 9.3336 | gnorm: 2.3425 | dt: 158ms | tok/s: 25,874 | remaining: 7741s
step 87780 (64.2%) | loss: 10.5960 | gnorm: 4.5883 | dt: 158ms | tok/s: 25,997 | remaining: 7738s
step 87800 (64.2%) | loss: 10.2829 | gnorm: 2.3337 | dt: 160ms | tok/s: 25,630 | remaining: 7735s
step 87820 (64.2%) | loss: 9.9649 | gnorm: 4.7740 | dt: 161ms | tok/s: 25,489 | remaining: 7732s
step 87840 (64.2%) | loss: 9.8639 | gnorm: 2.1517 | dt: 161ms | tok/s: 25,384 | remaining: 7729s
step 87860 (64.2%) | loss: 9.9051 | gnorm: 4.6777 | dt: 159ms | tok/s: 25,689 | remaining: 7726s
step 87880 (64.2%) | loss: 9.5960 | gnorm: 2.4292 | dt: 157ms | tok/s: 26,051 | remaining: 7722s
step 87900 (64.3%) | loss: 10.1167 | gnorm: 4.4588 | dt: 159ms | tok/s: 25,686 | remaining: 7719s
step 87920 (64.3%) | loss: 10.4047 | gnorm: 2.1226 | dt: 160ms | tok/s: 25,673 | remaining: 7716s
step 87940 (64.3%) | loss: 10.3130 | gnorm: 4.2658 | dt: 161ms | tok/s: 25,496 | remaining: 7713s
step 87960 (64.3%) | loss: 9.9397 | gnorm: 2.1385 | dt: 155ms | tok/s: 26,358 | remaining: 7710s
step 87980 (64.3%) | loss: 10.5145 | gnorm: 5.3042 | dt: 160ms | tok/s: 25,526 | remaining: 7706s
step 88000 (64.3%) | loss: 9.3271 | gnorm: 2.4670 | dt: 162ms | tok/s: 25,211 | remaining: 7703s
step 88020 (64.4%) | loss: 9.9487 | gnorm: 4.4226 | dt: 161ms | tok/s: 25,460 | remaining: 7700s
step 88040 (64.4%) | loss: 9.9040 | gnorm: 2.2911 | dt: 157ms | tok/s: 26,104 | remaining: 7697s
step 88060 (64.4%) | loss: 10.9310 | gnorm: 4.1711 | dt: 160ms | tok/s: 25,660 | remaining: 7694s
step 88080 (64.4%) | loss: 9.6234 | gnorm: 1.9820 | dt: 158ms | tok/s: 25,904 | remaining: 7690s
step 88100 (64.4%) | loss: 11.0549 | gnorm: 3.7661 | dt: 160ms | tok/s: 25,655 | remaining: 7687s
step 88120 (64.4%) | loss: 10.8572 | gnorm: 2.2256 | dt: 161ms | tok/s: 25,458 | remaining: 7684s
step 88140 (64.4%) | loss: 10.5903 | gnorm: 4.2765 | dt: 161ms | tok/s: 25,424 | remaining: 7681s
step 88160 (64.5%) | loss: 10.4531 | gnorm: 2.3094 | dt: 161ms | tok/s: 25,471 | remaining: 7678s
step 88180 (64.5%) | loss: 10.5541 | gnorm: 5.2248 | dt: 158ms | tok/s: 25,913 | remaining: 7675s
step 88200 (64.5%) | loss: 9.9968 | gnorm: 2.4128 | dt: 158ms | tok/s: 25,859 | remaining: 7671s
step 88220 (64.5%) | loss: 11.0194 | gnorm: 4.2906 | dt: 158ms | tok/s: 26,003 | remaining: 7668s
step 88240 (64.5%) | loss: 9.8412 | gnorm: 2.1094 | dt: 159ms | tok/s: 25,766 | remaining: 7665s
step 88260 (64.5%) | loss: 9.3115 | gnorm: 4.1063 | dt: 159ms | tok/s: 25,739 | remaining: 7662s
step 88280 (64.5%) | loss: 9.0444 | gnorm: 2.0384 | dt: 160ms | tok/s: 25,540 | remaining: 7659s
step 88300 (64.6%) | loss: 10.3922 | gnorm: 4.0878 | dt: 162ms | tok/s: 25,215 | remaining: 7655s
step 88320 (64.6%) | loss: 10.4171 | gnorm: 2.1909 | dt: 160ms | tok/s: 25,532 | remaining: 7652s
step 88340 (64.6%) | loss: 8.9124 | gnorm: 4.9349 | dt: 158ms | tok/s: 25,845 | remaining: 7649s
step 88360 (64.6%) | loss: 9.5939 | gnorm: 2.1021 | dt: 158ms | tok/s: 25,950 | remaining: 7646s
step 88380 (64.6%) | loss: 10.6119 | gnorm: 5.5716 | dt: 158ms | tok/s: 25,928 | remaining: 7643s
step 88400 (64.6%) | loss: 9.6592 | gnorm: 2.2537 | dt: 158ms | tok/s: 25,859 | remaining: 7639s
step 88420 (64.6%) | loss: 10.2205 | gnorm: 4.6719 | dt: 160ms | tok/s: 25,597 | remaining: 7636s
step 88440 (64.7%) | loss: 10.0622 | gnorm: 2.2590 | dt: 161ms | tok/s: 25,386 | remaining: 7633s
step 88460 (64.7%) | loss: 10.5125 | gnorm: 4.8738 | dt: 161ms | tok/s: 25,513 | remaining: 7630s
step 88480 (64.7%) | loss: 9.8636 | gnorm: 2.2787 | dt: 157ms | tok/s: 26,033 | remaining: 7627s
step 88500 (64.7%) | loss: 9.7801 | gnorm: 4.3500 | dt: 158ms | tok/s: 25,938 | remaining: 7624s
step 88520 (64.7%) | loss: 9.8271 | gnorm: 2.1172 | dt: 158ms | tok/s: 25,947 | remaining: 7620s
step 88540 (64.7%) | loss: 10.1659 | gnorm: 4.1303 | dt: 159ms | tok/s: 25,733 | remaining: 7617s
step 88560 (64.7%) | loss: 9.8652 | gnorm: 2.1179 | dt: 159ms | tok/s: 25,837 | remaining: 7614s
step 88580 (64.8%) | loss: 10.2904 | gnorm: 4.0794 | dt: 162ms | tok/s: 25,294 | remaining: 7611s
step 88600 (64.8%) | loss: 9.9788 | gnorm: 2.0264 | dt: 161ms | tok/s: 25,446 | remaining: 7608s
step 88620 (64.8%) | loss: 10.4446 | gnorm: 6.3139 | dt: 157ms | tok/s: 26,022 | remaining: 7604s
step 88640 (64.8%) | loss: 10.1774 | gnorm: 2.3550 | dt: 160ms | tok/s: 25,651 | remaining: 7601s
step 88660 (64.8%) | loss: 9.6036 | gnorm: 5.0050 | dt: 164ms | tok/s: 25,045 | remaining: 7598s
step 88680 (64.8%) | loss: 9.5055 | gnorm: 2.0845 | dt: 166ms | tok/s: 24,722 | remaining: 7595s
step 88700 (64.9%) | loss: 9.4414 | gnorm: 4.3342 | dt: 159ms | tok/s: 25,837 | remaining: 7592s
step 88720 (64.9%) | loss: 9.9108 | gnorm: 2.2933 | dt: 160ms | tok/s: 25,549 | remaining: 7588s
step 88740 (64.9%) | loss: 10.1290 | gnorm: 4.3690 | dt: 161ms | tok/s: 25,449 | remaining: 7585s
step 88760 (64.9%) | loss: 9.5100 | gnorm: 2.0009 | dt: 162ms | tok/s: 25,357 | remaining: 7582s
step 88780 (64.9%) | loss: 10.3720 | gnorm: 4.5162 | dt: 157ms | tok/s: 26,150 | remaining: 7579s
step 88800 (64.9%) | loss: 9.3332 | gnorm: 2.4847 | dt: 159ms | tok/s: 25,816 | remaining: 7576s
step 88820 (64.9%) | loss: 9.5116 | gnorm: 4.8080 | dt: 157ms | tok/s: 26,030 | remaining: 7573s
step 88840 (65.0%) | loss: 9.4878 | gnorm: 2.0545 | dt: 160ms | tok/s: 25,581 | remaining: 7569s
step 88860 (65.0%) | loss: 10.1092 | gnorm: 4.5341 | dt: 160ms | tok/s: 25,635 | remaining: 7566s
step 88880 (65.0%) | loss: 9.6795 | gnorm: 1.9945 | dt: 161ms | tok/s: 25,517 | remaining: 7563s
step 88900 (65.0%) | loss: 9.7834 | gnorm: 4.1485 | dt: 171ms | tok/s: 23,977 | remaining: 7560s
step 88920 (65.0%) | loss: 9.6506 | gnorm: 2.1255 | dt: 159ms | tok/s: 25,737 | remaining: 7557s
step 88940 (65.0%) | loss: 9.9178 | gnorm: 5.1682 | dt: 156ms | tok/s: 26,253 | remaining: 7553s
step 88960 (65.0%) | loss: 9.3530 | gnorm: 1.9678 | dt: 159ms | tok/s: 25,773 | remaining: 7550s
step 88980 (65.1%) | loss: 8.9405 | gnorm: 4.0979 | dt: 160ms | tok/s: 25,674 | remaining: 7547s
step 89000 (65.1%) | loss: 8.9415 | gnorm: 2.7593 | dt: 159ms | tok/s: 25,777 | remaining: 7544s
step 89020 (65.1%) | loss: 9.6656 | gnorm: 4.4027 | dt: 160ms | tok/s: 25,628 | remaining: 7541s
step 89040 (65.1%) | loss: 9.2002 | gnorm: 2.2125 | dt: 161ms | tok/s: 25,418 | remaining: 7537s
step 89060 (65.1%) | loss: 9.7620 | gnorm: 3.8192 | dt: 161ms | tok/s: 25,488 | remaining: 7534s
step 89080 (65.1%) | loss: 9.9695 | gnorm: 2.1306 | dt: 158ms | tok/s: 25,996 | remaining: 7531s
step 89100 (65.1%) | loss: 9.7697 | gnorm: 4.7489 | dt: 157ms | tok/s: 26,019 | remaining: 7528s
step 89120 (65.2%) | loss: 8.6788 | gnorm: 2.1134 | dt: 158ms | tok/s: 25,922 | remaining: 7525s
step 89140 (65.2%) | loss: 9.3481 | gnorm: 3.9171 | dt: 160ms | tok/s: 25,671 | remaining: 7521s
step 89160 (65.2%) | loss: 9.8144 | gnorm: 1.9981 | dt: 159ms | tok/s: 25,759 | remaining: 7518s
step 89180 (65.2%) | loss: 10.1570 | gnorm: 4.7365 | dt: 160ms | tok/s: 25,531 | remaining: 7515s
step 89200 (65.2%) | loss: 9.5785 | gnorm: 2.0615 | dt: 161ms | tok/s: 25,411 | remaining: 7512s
step 89220 (65.2%) | loss: 10.7163 | gnorm: 4.2595 | dt: 162ms | tok/s: 25,330 | remaining: 7509s
step 89240 (65.3%) | loss: 9.4056 | gnorm: 2.0552 | dt: 157ms | tok/s: 26,007 | remaining: 7506s
step 89260 (65.3%) | loss: 11.1102 | gnorm: 4.7375 | dt: 158ms | tok/s: 25,889 | remaining: 7502s
step 89280 (65.3%) | loss: 9.4408 | gnorm: 1.9699 | dt: 156ms | tok/s: 26,328 | remaining: 7499s
step 89300 (65.3%) | loss: 10.0502 | gnorm: 5.1482 | dt: 159ms | tok/s: 25,712 | remaining: 7496s
step 89320 (65.3%) | loss: 9.5051 | gnorm: 2.0849 | dt: 160ms | tok/s: 25,671 | remaining: 7493s
step 89340 (65.3%) | loss: 10.4627 | gnorm: 3.8579 | dt: 160ms | tok/s: 25,529 | remaining: 7490s
step 89360 (65.3%) | loss: 9.5471 | gnorm: 2.3397 | dt: 163ms | tok/s: 25,167 | remaining: 7486s
step 89380 (65.4%) | loss: 10.4452 | gnorm: 3.8458 | dt: 160ms | tok/s: 25,666 | remaining: 7483s
step 89400 (65.4%) | loss: 9.9950 | gnorm: 2.1295 | dt: 157ms | tok/s: 26,073 | remaining: 7480s
step 89420 (65.4%) | loss: 9.8552 | gnorm: 4.9885 | dt: 157ms | tok/s: 26,045 | remaining: 7477s
step 89440 (65.4%) | loss: 9.9496 | gnorm: 2.0525 | dt: 159ms | tok/s: 25,756 | remaining: 7474s
step 89460 (65.4%) | loss: 9.8207 | gnorm: 4.6449 | dt: 160ms | tok/s: 25,651 | remaining: 7470s
step 89480 (65.4%) | loss: 9.4504 | gnorm: 2.3330 | dt: 160ms | tok/s: 25,541 | remaining: 7467s
step 89500 (65.4%) | loss: 9.8519 | gnorm: 4.9140 | dt: 163ms | tok/s: 25,173 | remaining: 7464s
step 89520 (65.5%) | loss: 9.7891 | gnorm: 2.3942 | dt: 159ms | tok/s: 25,763 | remaining: 7461s
step 89540 (65.5%) | loss: 9.3971 | gnorm: 3.9104 | dt: 157ms | tok/s: 26,054 | remaining: 7458s
step 89560 (65.5%) | loss: 9.7507 | gnorm: 1.9574 | dt: 158ms | tok/s: 25,925 | remaining: 7455s
step 89580 (65.5%) | loss: 9.0747 | gnorm: 3.9234 | dt: 159ms | tok/s: 25,780 | remaining: 7451s
step 89600 (65.5%) | loss: 11.5888 | gnorm: 2.1849 | dt: 159ms | tok/s: 25,704 | remaining: 7448s
step 89620 (65.5%) | loss: 10.9114 | gnorm: 4.0039 | dt: 161ms | tok/s: 25,472 | remaining: 7445s
step 89640 (65.5%) | loss: 9.5175 | gnorm: 2.0574 | dt: 161ms | tok/s: 25,458 | remaining: 7442s
step 89660 (65.6%) | loss: 9.5034 | gnorm: 3.7020 | dt: 162ms | tok/s: 25,223 | remaining: 7439s
step 89680 (65.6%) | loss: 9.1590 | gnorm: 2.2496 | dt: 157ms | tok/s: 26,097 | remaining: 7435s
step 89700 (65.6%) | loss: 10.2512 | gnorm: 4.5504 | dt: 159ms | tok/s: 25,706 | remaining: 7432s
step 89720 (65.6%) | loss: 9.7470 | gnorm: 2.3870 | dt: 158ms | tok/s: 25,873 | remaining: 7429s
step 89740 (65.6%) | loss: 11.0498 | gnorm: 4.0162 | dt: 159ms | tok/s: 25,699 | remaining: 7426s
step 89760 (65.6%) | loss: 9.7546 | gnorm: 2.4133 | dt: 160ms | tok/s: 25,642 | remaining: 7423s
step 89780 (65.6%) | loss: 10.2635 | gnorm: 4.7042 | dt: 161ms | tok/s: 25,482 | remaining: 7419s
step 89800 (65.7%) | loss: 10.5721 | gnorm: 2.5738 | dt: 163ms | tok/s: 25,104 | remaining: 7416s
step 89820 (65.7%) | loss: 10.2485 | gnorm: 4.3507 | dt: 159ms | tok/s: 25,716 | remaining: 7413s
step 89840 (65.7%) | loss: 9.8694 | gnorm: 1.9480 | dt: 157ms | tok/s: 26,033 | remaining: 7410s
step 89860 (65.7%) | loss: 8.8475 | gnorm: 3.4983 | dt: 158ms | tok/s: 25,870 | remaining: 7407s
step 89880 (65.7%) | loss: 9.4899 | gnorm: 2.1266 | dt: 159ms | tok/s: 25,836 | remaining: 7403s
step 89900 (65.7%) | loss: 11.2007 | gnorm: 6.8157 | dt: 159ms | tok/s: 25,789 | remaining: 7400s
step 89920 (65.8%) | loss: 9.2207 | gnorm: 2.0005 | dt: 160ms | tok/s: 25,610 | remaining: 7397s
step 89940 (65.8%) | loss: 10.0553 | gnorm: 4.8024 | dt: 160ms | tok/s: 25,631 | remaining: 7394s
step 89960 (65.8%) | loss: 9.2250 | gnorm: 1.9813 | dt: 161ms | tok/s: 25,385 | remaining: 7391s
step 89980 (65.8%) | loss: 9.3881 | gnorm: 5.2156 | dt: 158ms | tok/s: 25,920 | remaining: 7388s
step 90000 (65.8%) | loss: 10.2601 | gnorm: 2.0547 | dt: 158ms | tok/s: 25,947 | remaining: 7384s
step 90020 (65.8%) | loss: 9.5819 | gnorm: 5.1698 | dt: 159ms | tok/s: 25,758 | remaining: 7381s
step 90040 (65.8%) | loss: 10.0499 | gnorm: 2.0875 | dt: 160ms | tok/s: 25,647 | remaining: 7378s
step 90060 (65.9%) | loss: 9.6088 | gnorm: 3.8433 | dt: 160ms | tok/s: 25,653 | remaining: 7375s
step 90080 (65.9%) | loss: 9.2980 | gnorm: 2.1747 | dt: 161ms | tok/s: 25,396 | remaining: 7372s
step 90100 (65.9%) | loss: 9.5937 | gnorm: 4.2572 | dt: 162ms | tok/s: 25,359 | remaining: 7368s
step 90120 (65.9%) | loss: 10.6260 | gnorm: 2.1465 | dt: 162ms | tok/s: 25,292 | remaining: 7365s
step 90140 (65.9%) | loss: 9.8719 | gnorm: 4.1330 | dt: 159ms | tok/s: 25,751 | remaining: 7362s
step 90160 (65.9%) | loss: 9.5487 | gnorm: 2.5269 | dt: 158ms | tok/s: 25,939 | remaining: 7359s
step 90180 (65.9%) | loss: 9.8637 | gnorm: 4.9645 | dt: 160ms | tok/s: 25,648 | remaining: 7356s
step 90200 (66.0%) | loss: 9.2046 | gnorm: 2.1664 | dt: 159ms | tok/s: 25,711 | remaining: 7352s
step 90220 (66.0%) | loss: 9.5453 | gnorm: 4.7079 | dt: 160ms | tok/s: 25,657 | remaining: 7349s
step 90240 (66.0%) | loss: 9.3165 | gnorm: 2.2374 | dt: 160ms | tok/s: 25,618 | remaining: 7346s
step 90260 (66.0%) | loss: 10.5409 | gnorm: 4.1213 | dt: 162ms | tok/s: 25,232 | remaining: 7343s
step 90280 (66.0%) | loss: 8.9285 | gnorm: 2.1684 | dt: 162ms | tok/s: 25,344 | remaining: 7340s
step 90300 (66.0%) | loss: 9.1275 | gnorm: 4.4006 | dt: 164ms | tok/s: 25,028 | remaining: 7336s
step 90320 (66.0%) | loss: 9.0851 | gnorm: 2.3105 | dt: 160ms | tok/s: 25,546 | remaining: 7333s
step 90340 (66.1%) | loss: 9.2118 | gnorm: 4.2837 | dt: 158ms | tok/s: 25,891 | remaining: 7330s
step 90360 (66.1%) | loss: 9.3704 | gnorm: 2.4377 | dt: 158ms | tok/s: 25,879 | remaining: 7327s
step 90380 (66.1%) | loss: 10.5256 | gnorm: 5.1482 | dt: 159ms | tok/s: 25,812 | remaining: 7324s
step 90400 (66.1%) | loss: 9.6304 | gnorm: 2.2081 | dt: 160ms | tok/s: 25,622 | remaining: 7320s
step 90420 (66.1%) | loss: 10.4157 | gnorm: 4.4964 | dt: 160ms | tok/s: 25,654 | remaining: 7317s
step 90440 (66.1%) | loss: 9.3789 | gnorm: 2.1760 | dt: 161ms | tok/s: 25,494 | remaining: 7314s
step 90460 (66.2%) | loss: 10.2884 | gnorm: 4.8292 | dt: 162ms | tok/s: 25,350 | remaining: 7311s
step 90480 (66.2%) | loss: 9.9336 | gnorm: 2.0364 | dt: 164ms | tok/s: 24,952 | remaining: 7308s
step 90500 (66.2%) | loss: 9.0943 | gnorm: 4.4707 | dt: 165ms | tok/s: 24,878 | remaining: 7304s
step 90520 (66.2%) | loss: 8.5708 | gnorm: 1.8827 | dt: 156ms | tok/s: 26,188 | remaining: 7301s
step 90540 (66.2%) | loss: 10.6851 | gnorm: 4.9202 | dt: 159ms | tok/s: 25,799 | remaining: 7298s
step 90560 (66.2%) | loss: 9.6464 | gnorm: 1.8831 | dt: 157ms | tok/s: 26,067 | remaining: 7295s
step 90580 (66.2%) | loss: 9.6393 | gnorm: 5.3730 | dt: 158ms | tok/s: 25,888 | remaining: 7291s
step 90600 (66.3%) | loss: 9.6703 | gnorm: 2.2530 | dt: 159ms | tok/s: 25,700 | remaining: 7288s
step 90620 (66.3%) | loss: 10.1965 | gnorm: 4.8086 | dt: 159ms | tok/s: 25,771 | remaining: 7285s
step 90640 (66.3%) | loss: 8.9648 | gnorm: 1.8612 | dt: 160ms | tok/s: 25,680 | remaining: 7282s
step 90660 (66.3%) | loss: 9.4460 | gnorm: 4.3344 | dt: 160ms | tok/s: 25,544 | remaining: 7279s
step 90680 (66.3%) | loss: 9.3902 | gnorm: 1.9586 | dt: 161ms | tok/s: 25,488 | remaining: 7275s
step 90700 (66.3%) | loss: 10.4782 | gnorm: 5.0552 | dt: 163ms | tok/s: 25,191 | remaining: 7272s
step 90720 (66.3%) | loss: 10.0898 | gnorm: 2.2912 | dt: 161ms | tok/s: 25,459 | remaining: 7269s
step 90740 (66.4%) | loss: 10.0858 | gnorm: 4.2817 | dt: 157ms | tok/s: 26,050 | remaining: 7266s
step 90760 (66.4%) | loss: 9.4294 | gnorm: 2.0918 | dt: 158ms | tok/s: 25,943 | remaining: 7263s
step 90780 (66.4%) | loss: 9.6075 | gnorm: 4.5185 | dt: 158ms | tok/s: 25,917 | remaining: 7259s
step 90800 (66.4%) | loss: 10.4216 | gnorm: 2.1585 | dt: 158ms | tok/s: 25,875 | remaining: 7256s
step 90820 (66.4%) | loss: 9.4644 | gnorm: 3.6630 | dt: 158ms | tok/s: 25,888 | remaining: 7253s
step 90840 (66.4%) | loss: 9.4744 | gnorm: 2.6077 | dt: 160ms | tok/s: 25,551 | remaining: 7250s
step 90860 (66.5%) | loss: 10.7154 | gnorm: 3.9750 | dt: 160ms | tok/s: 25,604 | remaining: 7247s
step 90880 (66.5%) | loss: 9.5105 | gnorm: 2.1354 | dt: 161ms | tok/s: 25,407 | remaining: 7243s
step 90900 (66.5%) | loss: 12.2284 | gnorm: 4.3790 | dt: 159ms | tok/s: 25,707 | remaining: 7240s
step 90920 (66.5%) | loss: 9.4589 | gnorm: 2.4103 | dt: 157ms | tok/s: 26,027 | remaining: 7237s
step 90940 (66.5%) | loss: 9.8636 | gnorm: 4.8180 | dt: 168ms | tok/s: 24,402 | remaining: 7234s
step 90960 (66.5%) | loss: 9.3998 | gnorm: 2.4441 | dt: 157ms | tok/s: 26,064 | remaining: 7231s
step 90980 (66.5%) | loss: 9.4425 | gnorm: 4.2269 | dt: 160ms | tok/s: 25,645 | remaining: 7227s
step 91000 (66.6%) | loss: 9.6399 | gnorm: 2.0772 | dt: 159ms | tok/s: 25,734 | remaining: 7224s
step 91020 (66.6%) | loss: 10.1704 | gnorm: 5.0986 | dt: 159ms | tok/s: 25,695 | remaining: 7221s
step 91040 (66.6%) | loss: 9.1678 | gnorm: 2.4267 | dt: 160ms | tok/s: 25,560 | remaining: 7218s
step 91060 (66.6%) | loss: 9.4799 | gnorm: 4.6512 | dt: 162ms | tok/s: 25,272 | remaining: 7215s
step 91080 (66.6%) | loss: 9.1488 | gnorm: 2.1473 | dt: 159ms | tok/s: 25,706 | remaining: 7211s
step 91100 (66.6%) | loss: 10.0357 | gnorm: 5.7709 | dt: 158ms | tok/s: 25,933 | remaining: 7208s
step 91120 (66.6%) | loss: 9.6021 | gnorm: 1.8736 | dt: 159ms | tok/s: 25,812 | remaining: 7205s
step 91140 (66.7%) | loss: 9.2168 | gnorm: 3.4109 | dt: 162ms | tok/s: 25,266 | remaining: 7202s
step 91160 (66.7%) | loss: 9.4819 | gnorm: 2.0701 | dt: 159ms | tok/s: 25,830 | remaining: 7199s
step 91180 (66.7%) | loss: 8.8607 | gnorm: 4.3996 | dt: 162ms | tok/s: 25,353 | remaining: 7195s
step 91200 (66.7%) | loss: 9.1322 | gnorm: 2.3993 | dt: 162ms | tok/s: 25,352 | remaining: 7192s
step 91220 (66.7%) | loss: 9.3684 | gnorm: 4.6040 | dt: 164ms | tok/s: 24,922 | remaining: 7189s
step 91240 (66.7%) | loss: 9.6853 | gnorm: 1.9065 | dt: 163ms | tok/s: 25,120 | remaining: 7186s
step 91260 (66.7%) | loss: 10.1684 | gnorm: 3.9137 | dt: 159ms | tok/s: 25,746 | remaining: 7183s
step 91280 (66.8%) | loss: 9.7265 | gnorm: 2.3903 | dt: 160ms | tok/s: 25,614 | remaining: 7179s
step 91300 (66.8%) | loss: 10.3817 | gnorm: 3.6759 | dt: 160ms | tok/s: 25,607 | remaining: 7176s
step 91320 (66.8%) | loss: 9.5928 | gnorm: 2.2210 | dt: 160ms | tok/s: 25,593 | remaining: 7173s
step 91340 (66.8%) | loss: 9.3522 | gnorm: 4.0987 | dt: 161ms | tok/s: 25,409 | remaining: 7170s
step 91360 (66.8%) | loss: 9.4753 | gnorm: 2.0636 | dt: 160ms | tok/s: 25,539 | remaining: 7167s
step 91380 (66.8%) | loss: 10.0428 | gnorm: 4.2896 | dt: 162ms | tok/s: 25,242 | remaining: 7163s
step 91400 (66.9%) | loss: 9.6074 | gnorm: 2.4511 | dt: 162ms | tok/s: 25,343 | remaining: 7160s
step 91420 (66.9%) | loss: 9.4235 | gnorm: 4.9581 | dt: 157ms | tok/s: 26,067 | remaining: 7157s
step 91440 (66.9%) | loss: 9.5311 | gnorm: 2.2494 | dt: 158ms | tok/s: 25,904 | remaining: 7154s
step 91460 (66.9%) | loss: 9.8231 | gnorm: 4.1893 | dt: 158ms | tok/s: 25,900 | remaining: 7151s
step 91480 (66.9%) | loss: 9.0251 | gnorm: 2.1822 | dt: 159ms | tok/s: 25,768 | remaining: 7147s
step 91500 (66.9%) | loss: 10.1274 | gnorm: 3.7675 | dt: 158ms | tok/s: 25,999 | remaining: 7144s
step 91520 (66.9%) | loss: 9.9092 | gnorm: 2.1751 | dt: 159ms | tok/s: 25,792 | remaining: 7141s
step 91540 (67.0%) | loss: 9.8097 | gnorm: 4.5344 | dt: 161ms | tok/s: 25,459 | remaining: 7138s
step 91560 (67.0%) | loss: 9.2533 | gnorm: 2.1016 | dt: 160ms | tok/s: 25,610 | remaining: 7135s
step 91580 (67.0%) | loss: 9.8570 | gnorm: 4.9509 | dt: 157ms | tok/s: 26,015 | remaining: 7131s
step 91600 (67.0%) | loss: 9.1522 | gnorm: 2.1958 | dt: 156ms | tok/s: 26,210 | remaining: 7128s
step 91620 (67.0%) | loss: 9.4282 | gnorm: 3.8803 | dt: 157ms | tok/s: 26,018 | remaining: 7125s
step 91640 (67.0%) | loss: 10.0112 | gnorm: 2.0913 | dt: 158ms | tok/s: 25,992 | remaining: 7122s
step 91660 (67.0%) | loss: 9.8104 | gnorm: 4.0880 | dt: 158ms | tok/s: 25,863 | remaining: 7119s
step 91680 (67.1%) | loss: 9.4848 | gnorm: 2.3953 | dt: 160ms | tok/s: 25,615 | remaining: 7116s
step 91700 (67.1%) | loss: 9.5145 | gnorm: 4.9375 | dt: 163ms | tok/s: 25,165 | remaining: 7112s
step 91720 (67.1%) | loss: 9.5446 | gnorm: 2.3196 | dt: 162ms | tok/s: 25,284 | remaining: 7109s
step 91740 (67.1%) | loss: 9.6518 | gnorm: 4.4149 | dt: 157ms | tok/s: 26,157 | remaining: 7106s
step 91760 (67.1%) | loss: 9.2836 | gnorm: 2.2089 | dt: 158ms | tok/s: 25,995 | remaining: 7103s
step 91780 (67.1%) | loss: 9.0906 | gnorm: 4.4450 | dt: 158ms | tok/s: 25,984 | remaining: 7100s
step 91800 (67.1%) | loss: 9.5252 | gnorm: 2.1781 | dt: 157ms | tok/s: 26,119 | remaining: 7096s
step 91820 (67.2%) | loss: 9.0325 | gnorm: 4.3051 | dt: 159ms | tok/s: 25,767 | remaining: 7093s
step 91840 (67.2%) | loss: 9.2867 | gnorm: 1.9949 | dt: 160ms | tok/s: 25,617 | remaining: 7090s
step 91860 (67.2%) | loss: 10.1377 | gnorm: 4.3843 | dt: 162ms | tok/s: 25,258 | remaining: 7087s
step 91880 (67.2%) | loss: 9.7582 | gnorm: 2.2370 | dt: 159ms | tok/s: 25,683 | remaining: 7084s
step 91900 (67.2%) | loss: 9.0840 | gnorm: 4.5828 | dt: 157ms | tok/s: 26,049 | remaining: 7080s
step 91920 (67.2%) | loss: 9.8465 | gnorm: 1.9734 | dt: 158ms | tok/s: 25,938 | remaining: 7077s
step 91940 (67.2%) | loss: 10.2293 | gnorm: 4.2486 | dt: 159ms | tok/s: 25,775 | remaining: 7074s
step 91960 (67.3%) | loss: 9.1392 | gnorm: 1.9403 | dt: 158ms | tok/s: 25,879 | remaining: 7071s
step 91980 (67.3%) | loss: 8.2696 | gnorm: 3.5608 | dt: 159ms | tok/s: 25,714 | remaining: 7068s
step 92000 (67.3%) | loss: 8.9186 | gnorm: 2.1068 | dt: 161ms | tok/s: 25,378 | remaining: 7064s
step 92020 (67.3%) | loss: 9.8732 | gnorm: 4.3562 | dt: 161ms | tok/s: 25,387 | remaining: 7061s
step 92040 (67.3%) | loss: 9.6257 | gnorm: 2.2489 | dt: 158ms | tok/s: 25,944 | remaining: 7058s
step 92060 (67.3%) | loss: 9.1781 | gnorm: 3.8918 | dt: 158ms | tok/s: 25,873 | remaining: 7055s
step 92080 (67.4%) | loss: 8.5025 | gnorm: 3.0994 | dt: 157ms | tok/s: 26,016 | remaining: 7052s
step 92100 (67.4%) | loss: 8.8636 | gnorm: 4.8557 | dt: 154ms | tok/s: 26,523 | remaining: 7049s
step 92120 (67.4%) | loss: 8.8106 | gnorm: 2.1035 | dt: 160ms | tok/s: 25,529 | remaining: 7045s
step 92140 (67.4%) | loss: 8.6002 | gnorm: 3.5746 | dt: 161ms | tok/s: 25,516 | remaining: 7042s
step 92160 (67.4%) | loss: 9.2482 | gnorm: 1.9298 | dt: 162ms | tok/s: 25,282 | remaining: 7039s
step 92180 (67.4%) | loss: 9.9722 | gnorm: 3.7888 | dt: 158ms | tok/s: 25,871 | remaining: 7036s
step 92200 (67.4%) | loss: 8.7780 | gnorm: 2.0069 | dt: 158ms | tok/s: 25,921 | remaining: 7033s
step 92220 (67.5%) | loss: 9.7215 | gnorm: 5.6932 | dt: 158ms | tok/s: 25,969 | remaining: 7029s
step 92240 (67.5%) | loss: 9.5535 | gnorm: 2.0662 | dt: 159ms | tok/s: 25,838 | remaining: 7026s
step 92260 (67.5%) | loss: 9.4890 | gnorm: 3.8207 | dt: 159ms | tok/s: 25,776 | remaining: 7023s
step 92280 (67.5%) | loss: 9.3140 | gnorm: 1.9800 | dt: 161ms | tok/s: 25,393 | remaining: 7020s
step 92300 (67.5%) | loss: 9.0569 | gnorm: 3.7181 | dt: 161ms | tok/s: 25,435 | remaining: 7017s
step 92320 (67.5%) | loss: 8.7688 | gnorm: 2.1696 | dt: 160ms | tok/s: 25,545 | remaining: 7013s
step 92340 (67.5%) | loss: 8.7803 | gnorm: 3.6884 | dt: 157ms | tok/s: 26,062 | remaining: 7010s
step 92360 (67.6%) | loss: 8.6334 | gnorm: 2.1777 | dt: 155ms | tok/s: 26,457 | remaining: 7007s
step 92380 (67.6%) | loss: 9.3481 | gnorm: 4.7015 | dt: 159ms | tok/s: 25,833 | remaining: 7004s
step 92400 (67.6%) | loss: 10.1506 | gnorm: 2.0040 | dt: 160ms | tok/s: 25,638 | remaining: 7001s
step 92420 (67.6%) | loss: 10.5830 | gnorm: 4.7205 | dt: 160ms | tok/s: 25,609 | remaining: 6997s
step 92440 (67.6%) | loss: 10.1298 | gnorm: 2.1213 | dt: 160ms | tok/s: 25,587 | remaining: 6994s
step 92460 (67.6%) | loss: 10.5919 | gnorm: 4.8763 | dt: 164ms | tok/s: 25,020 | remaining: 6991s
step 92480 (67.6%) | loss: 9.9180 | gnorm: 2.0433 | dt: 161ms | tok/s: 25,422 | remaining: 6988s
step 92500 (67.7%) | loss: 11.1100 | gnorm: 4.2596 | dt: 158ms | tok/s: 25,995 | remaining: 6985s
step 92520 (67.7%) | loss: 9.7718 | gnorm: 2.2920 | dt: 159ms | tok/s: 25,826 | remaining: 6982s
step 92540 (67.7%) | loss: 10.0326 | gnorm: 4.9457 | dt: 159ms | tok/s: 25,727 | remaining: 6978s
step 92560 (67.7%) | loss: 9.5287 | gnorm: 2.1286 | dt: 160ms | tok/s: 25,569 | remaining: 6975s
step 92580 (67.7%) | loss: 9.9930 | gnorm: 4.0266 | dt: 161ms | tok/s: 25,518 | remaining: 6972s
step 92600 (67.7%) | loss: 9.0294 | gnorm: 2.0863 | dt: 160ms | tok/s: 25,637 | remaining: 6969s
step 92620 (67.8%) | loss: 10.0290 | gnorm: 4.0482 | dt: 162ms | tok/s: 25,273 | remaining: 6966s
step 92640 (67.8%) | loss: 9.7910 | gnorm: 2.5586 | dt: 160ms | tok/s: 25,627 | remaining: 6962s
step 92660 (67.8%) | loss: 10.1812 | gnorm: 6.4774 | dt: 157ms | tok/s: 26,167 | remaining: 6959s
step 92680 (67.8%) | loss: 9.4235 | gnorm: 1.9947 | dt: 159ms | tok/s: 25,807 | remaining: 6956s
step 92700 (67.8%) | loss: 9.8223 | gnorm: 4.2428 | dt: 158ms | tok/s: 25,868 | remaining: 6953s
step 92720 (67.8%) | loss: 9.6626 | gnorm: 2.3384 | dt: 158ms | tok/s: 25,887 | remaining: 6950s
step 92740 (67.8%) | loss: 9.4624 | gnorm: 3.8640 | dt: 160ms | tok/s: 25,582 | remaining: 6946s
step 92760 (67.9%) | loss: 10.2574 | gnorm: 1.9119 | dt: 160ms | tok/s: 25,577 | remaining: 6943s
step 92780 (67.9%) | loss: 9.9572 | gnorm: 4.6025 | dt: 162ms | tok/s: 25,338 | remaining: 6940s
step 92800 (67.9%) | loss: 10.5828 | gnorm: 1.8934 | dt: 161ms | tok/s: 25,396 | remaining: 6937s
step 92820 (67.9%) | loss: 10.1451 | gnorm: 4.2245 | dt: 157ms | tok/s: 26,031 | remaining: 6934s
step 92840 (67.9%) | loss: 9.5572 | gnorm: 1.9695 | dt: 158ms | tok/s: 25,857 | remaining: 6930s
step 92860 (67.9%) | loss: 10.0380 | gnorm: 4.9457 | dt: 159ms | tok/s: 25,832 | remaining: 6927s
step 92880 (67.9%) | loss: 9.2925 | gnorm: 2.1143 | dt: 160ms | tok/s: 25,538 | remaining: 6924s
step 92900 (68.0%) | loss: 10.0166 | gnorm: 3.8021 | dt: 160ms | tok/s: 25,596 | remaining: 6921s
step 92920 (68.0%) | loss: 10.1856 | gnorm: 2.0988 | dt: 160ms | tok/s: 25,523 | remaining: 6918s
step 92940 (68.0%) | loss: 10.1266 | gnorm: 4.7751 | dt: 161ms | tok/s: 25,420 | remaining: 6914s
step 92960 (68.0%) | loss: 8.5570 | gnorm: 1.8246 | dt: 162ms | tok/s: 25,223 | remaining: 6911s
step 92980 (68.0%) | loss: 9.5155 | gnorm: 3.8799 | dt: 159ms | tok/s: 25,747 | remaining: 6908s
step 93000 (68.0%) | loss: 9.3222 | gnorm: 1.7164 | dt: 157ms | tok/s: 26,034 | remaining: 6905s
step 93020 (68.0%) | loss: 9.2076 | gnorm: 3.5434 | dt: 159ms | tok/s: 25,839 | remaining: 6902s
step 93040 (68.1%) | loss: 8.5738 | gnorm: 1.9828 | dt: 160ms | tok/s: 25,543 | remaining: 6898s
step 93060 (68.1%) | loss: 9.6068 | gnorm: 3.9928 | dt: 160ms | tok/s: 25,623 | remaining: 6895s
step 93080 (68.1%) | loss: 8.8018 | gnorm: 2.1964 | dt: 159ms | tok/s: 25,682 | remaining: 6892s
step 93100 (68.1%) | loss: 9.9549 | gnorm: 4.1790 | dt: 162ms | tok/s: 25,261 | remaining: 6889s
step 93120 (68.1%) | loss: 9.2921 | gnorm: 2.1497 | dt: 163ms | tok/s: 25,164 | remaining: 6886s
step 93140 (68.1%) | loss: 9.6319 | gnorm: 3.4650 | dt: 158ms | tok/s: 25,949 | remaining: 6882s
step 93160 (68.2%) | loss: 9.3160 | gnorm: 2.0465 | dt: 159ms | tok/s: 25,826 | remaining: 6879s
step 93180 (68.2%) | loss: 13.5523 | gnorm: 4.1601 | dt: 159ms | tok/s: 25,802 | remaining: 6876s
step 93200 (68.2%) | loss: 10.5853 | gnorm: 3.8377 | dt: 159ms | tok/s: 25,689 | remaining: 6873s
step 93220 (68.2%) | loss: 10.2068 | gnorm: 4.5496 | dt: 160ms | tok/s: 25,624 | remaining: 6870s
step 93240 (68.2%) | loss: 9.6745 | gnorm: 2.4092 | dt: 159ms | tok/s: 25,770 | remaining: 6867s
step 93260 (68.2%) | loss: 10.9020 | gnorm: 4.5189 | dt: 162ms | tok/s: 25,226 | remaining: 6863s
step 93280 (68.2%) | loss: 9.3554 | gnorm: 2.0859 | dt: 160ms | tok/s: 25,612 | remaining: 6860s
step 93300 (68.3%) | loss: 9.8105 | gnorm: 3.6156 | dt: 157ms | tok/s: 26,116 | remaining: 6857s
step 93320 (68.3%) | loss: 9.5149 | gnorm: 2.2490 | dt: 157ms | tok/s: 26,018 | remaining: 6854s
step 93340 (68.3%) | loss: 9.2068 | gnorm: 3.7993 | dt: 159ms | tok/s: 25,697 | remaining: 6851s
step 93360 (68.3%) | loss: 9.7199 | gnorm: 1.9924 | dt: 159ms | tok/s: 25,707 | remaining: 6847s
step 93380 (68.3%) | loss: 13.2248 | gnorm: 4.7327 | dt: 160ms | tok/s: 25,546 | remaining: 6844s
step 93400 (68.3%) | loss: 10.3296 | gnorm: 2.3605 | dt: 161ms | tok/s: 25,407 | remaining: 6841s
step 93420 (68.3%) | loss: 10.6882 | gnorm: 4.2377 | dt: 155ms | tok/s: 26,379 | remaining: 6838s
step 93440 (68.4%) | loss: 10.4000 | gnorm: 2.5624 | dt: 158ms | tok/s: 25,994 | remaining: 6835s
step 93460 (68.4%) | loss: 9.8204 | gnorm: 3.4255 | dt: 158ms | tok/s: 25,966 | remaining: 6831s
step 93480 (68.4%) | loss: 9.4827 | gnorm: 2.1390 | dt: 159ms | tok/s: 25,810 | remaining: 6828s
step 93500 (68.4%) | loss: 10.5523 | gnorm: 4.4685 | dt: 160ms | tok/s: 25,599 | remaining: 6825s
step 93520 (68.4%) | loss: 10.2256 | gnorm: 2.0053 | dt: 160ms | tok/s: 25,523 | remaining: 6822s
step 93540 (68.4%) | loss: 10.5175 | gnorm: 3.9212 | dt: 161ms | tok/s: 25,368 | remaining: 6819s
step 93560 (68.4%) | loss: 9.4460 | gnorm: 2.0676 | dt: 161ms | tok/s: 25,444 | remaining: 6816s
step 93580 (68.5%) | loss: 11.0263 | gnorm: 4.1659 | dt: 158ms | tok/s: 26,000 | remaining: 6812s
step 93600 (68.5%) | loss: 9.6968 | gnorm: 2.0074 | dt: 157ms | tok/s: 26,018 | remaining: 6809s
step 93620 (68.5%) | loss: 9.4570 | gnorm: 4.6861 | dt: 158ms | tok/s: 25,873 | remaining: 6806s
step 93640 (68.5%) | loss: 10.4114 | gnorm: 4.8187 | dt: 159ms | tok/s: 25,794 | remaining: 6803s
step 93660 (68.5%) | loss: 9.6660 | gnorm: 4.2909 | dt: 161ms | tok/s: 25,481 | remaining: 6800s
step 93680 (68.5%) | loss: 10.2079 | gnorm: 2.0930 | dt: 160ms | tok/s: 25,560 | remaining: 6796s
step 93700 (68.5%) | loss: 9.6394 | gnorm: 4.3194 | dt: 161ms | tok/s: 25,516 | remaining: 6793s
step 93720 (68.6%) | loss: 9.0061 | gnorm: 2.0970 | dt: 159ms | tok/s: 25,780 | remaining: 6790s
step 93740 (68.6%) | loss: 9.8146 | gnorm: 3.5681 | dt: 158ms | tok/s: 25,866 | remaining: 6787s
step 93760 (68.6%) | loss: 9.6837 | gnorm: 2.1653 | dt: 157ms | tok/s: 26,066 | remaining: 6784s
step 93780 (68.6%) | loss: 9.3481 | gnorm: 4.1132 | dt: 159ms | tok/s: 25,750 | remaining: 6781s
step 93800 (68.6%) | loss: 9.8789 | gnorm: 1.9867 | dt: 161ms | tok/s: 25,439 | remaining: 6777s
step 93820 (68.6%) | loss: 9.6310 | gnorm: 3.9695 | dt: 160ms | tok/s: 25,627 | remaining: 6774s
step 93840 (68.7%) | loss: 9.9345 | gnorm: 1.9254 | dt: 161ms | tok/s: 25,436 | remaining: 6771s
step 93860 (68.7%) | loss: 10.3434 | gnorm: 4.7328 | dt: 157ms | tok/s: 26,030 | remaining: 6768s
step 93880 (68.7%) | loss: 9.3230 | gnorm: 1.9081 | dt: 158ms | tok/s: 25,972 | remaining: 6765s
step 93900 (68.7%) | loss: 10.2730 | gnorm: 3.5646 | dt: 158ms | tok/s: 26,002 | remaining: 6761s
step 93920 (68.7%) | loss: 9.9738 | gnorm: 2.0981 | dt: 159ms | tok/s: 25,819 | remaining: 6758s
step 93940 (68.7%) | loss: 9.7120 | gnorm: 3.8237 | dt: 159ms | tok/s: 25,740 | remaining: 6755s
step 93960 (68.7%) | loss: 10.2035 | gnorm: 2.2990 | dt: 161ms | tok/s: 25,416 | remaining: 6752s
step 93980 (68.8%) | loss: 9.2901 | gnorm: 3.5913 | dt: 163ms | tok/s: 25,198 | remaining: 6749s
step 94000 (68.8%) | loss: 9.5871 | gnorm: 2.5637 | dt: 159ms | tok/s: 25,773 | remaining: 6745s
step 94020 (68.8%) | loss: 11.0312 | gnorm: 3.5899 | dt: 158ms | tok/s: 25,999 | remaining: 6742s
step 94040 (68.8%) | loss: 9.5266 | gnorm: 2.2606 | dt: 159ms | tok/s: 25,832 | remaining: 6739s
step 94060 (68.8%) | loss: 8.6875 | gnorm: 4.0784 | dt: 159ms | tok/s: 25,769 | remaining: 6736s
step 94080 (68.8%) | loss: 7.3548 | gnorm: 2.1668 | dt: 159ms | tok/s: 25,782 | remaining: 6733s
step 94100 (68.8%) | loss: 8.5808 | gnorm: 5.5303 | dt: 159ms | tok/s: 25,708 | remaining: 6730s
step 94120 (68.9%) | loss: 9.6088 | gnorm: 2.4467 | dt: 162ms | tok/s: 25,329 | remaining: 6726s
step 94140 (68.9%) | loss: 10.3809 | gnorm: 4.3237 | dt: 158ms | tok/s: 25,919 | remaining: 6723s
step 94160 (68.9%) | loss: 9.7300 | gnorm: 1.8974 | dt: 157ms | tok/s: 26,056 | remaining: 6720s
step 94180 (68.9%) | loss: 9.7039 | gnorm: 4.3492 | dt: 158ms | tok/s: 25,914 | remaining: 6717s
step 94200 (68.9%) | loss: 9.3253 | gnorm: 2.1944 | dt: 159ms | tok/s: 25,814 | remaining: 6714s
step 94220 (68.9%) | loss: 9.6555 | gnorm: 4.0095 | dt: 171ms | tok/s: 23,952 | remaining: 6710s
step 94240 (68.9%) | loss: 10.4132 | gnorm: 2.6727 | dt: 162ms | tok/s: 25,360 | remaining: 6707s
step 94260 (69.0%) | loss: 9.7386 | gnorm: 4.1348 | dt: 160ms | tok/s: 25,545 | remaining: 6704s
step 94280 (69.0%) | loss: 9.8415 | gnorm: 2.0202 | dt: 161ms | tok/s: 25,407 | remaining: 6701s
step 94300 (69.0%) | loss: 10.3319 | gnorm: 4.3256 | dt: 161ms | tok/s: 25,409 | remaining: 6698s
step 94320 (69.0%) | loss: 9.4059 | gnorm: 2.2917 | dt: 157ms | tok/s: 26,038 | remaining: 6694s
step 94340 (69.0%) | loss: 9.7585 | gnorm: 4.1789 | dt: 157ms | tok/s: 26,052 | remaining: 6691s
step 94360 (69.0%) | loss: 9.7806 | gnorm: 2.1896 | dt: 159ms | tok/s: 25,752 | remaining: 6688s
step 94380 (69.1%) | loss: 9.8101 | gnorm: 4.4385 | dt: 160ms | tok/s: 25,550 | remaining: 6685s
step 94400 (69.1%) | loss: 9.5774 | gnorm: 2.1364 | dt: 159ms | tok/s: 25,699 | remaining: 6682s
step 94420 (69.1%) | loss: 9.6981 | gnorm: 3.9047 | dt: 160ms | tok/s: 25,545 | remaining: 6678s
step 94440 (69.1%) | loss: 10.2923 | gnorm: 2.5494 | dt: 162ms | tok/s: 25,319 | remaining: 6675s
step 94460 (69.1%) | loss: 10.5280 | gnorm: 4.9203 | dt: 161ms | tok/s: 25,460 | remaining: 6672s
step 94480 (69.1%) | loss: 9.4411 | gnorm: 2.2052 | dt: 157ms | tok/s: 26,103 | remaining: 6669s
step 94500 (69.1%) | loss: 10.2619 | gnorm: 5.0363 | dt: 159ms | tok/s: 25,786 | remaining: 6666s
step 94520 (69.2%) | loss: 9.6130 | gnorm: 1.9865 | dt: 158ms | tok/s: 25,975 | remaining: 6663s
step 94540 (69.2%) | loss: 9.5011 | gnorm: 4.2600 | dt: 159ms | tok/s: 25,683 | remaining: 6659s
step 94560 (69.2%) | loss: 9.8459 | gnorm: 1.9000 | dt: 160ms | tok/s: 25,567 | remaining: 6656s
step 94580 (69.2%) | loss: 9.5868 | gnorm: 4.6506 | dt: 160ms | tok/s: 25,521 | remaining: 6653s
step 94600 (69.2%) | loss: 9.4068 | gnorm: 2.2215 | dt: 162ms | tok/s: 25,267 | remaining: 6650s
step 94620 (69.2%) | loss: 10.3938 | gnorm: 3.8067 | dt: 156ms | tok/s: 26,200 | remaining: 6647s
step 94640 (69.2%) | loss: 9.4913 | gnorm: 2.0249 | dt: 157ms | tok/s: 26,047 | remaining: 6643s
step 94660 (69.3%) | loss: 9.7458 | gnorm: 4.3855 | dt: 158ms | tok/s: 25,993 | remaining: 6640s
step 94680 (69.3%) | loss: 9.1690 | gnorm: 2.1420 | dt: 159ms | tok/s: 25,775 | remaining: 6637s
step 94700 (69.3%) | loss: 10.4420 | gnorm: 3.7503 | dt: 159ms | tok/s: 25,712 | remaining: 6634s
step 94720 (69.3%) | loss: 10.3320 | gnorm: 2.5443 | dt: 159ms | tok/s: 25,689 | remaining: 6631s
step 94740 (69.3%) | loss: 10.3023 | gnorm: 4.9604 | dt: 159ms | tok/s: 25,772 | remaining: 6627s
step 94760 (69.3%) | loss: 9.9272 | gnorm: 2.3199 | dt: 159ms | tok/s: 25,732 | remaining: 6624s
step 94780 (69.3%) | loss: 9.9059 | gnorm: 4.3427 | dt: 157ms | tok/s: 26,036 | remaining: 6621s
step 94800 (69.4%) | loss: 10.6733 | gnorm: 2.1330 | dt: 158ms | tok/s: 25,861 | remaining: 6618s
step 94820 (69.4%) | loss: 10.7412 | gnorm: 5.4261 | dt: 159ms | tok/s: 25,805 | remaining: 6615s
step 94840 (69.4%) | loss: 9.9038 | gnorm: 1.9488 | dt: 159ms | tok/s: 25,737 | remaining: 6612s
step 94860 (69.4%) | loss: 9.4922 | gnorm: 4.1522 | dt: 158ms | tok/s: 25,847 | remaining: 6608s
step 94880 (69.4%) | loss: 9.0270 | gnorm: 2.0123 | dt: 163ms | tok/s: 25,115 | remaining: 6605s
step 94900 (69.4%) | loss: 15.7421 | gnorm: 4.8307 | dt: 159ms | tok/s: 25,725 | remaining: 6602s
step 94920 (69.4%) | loss: 9.8188 | gnorm: 2.1165 | dt: 156ms | tok/s: 26,206 | remaining: 6599s
step 94940 (69.5%) | loss: 9.8352 | gnorm: 4.1837 | dt: 158ms | tok/s: 25,961 | remaining: 6596s
step 94960 (69.5%) | loss: 9.9528 | gnorm: 2.1225 | dt: 159ms | tok/s: 25,808 | remaining: 6592s
step 94980 (69.5%) | loss: 10.1707 | gnorm: 4.4861 | dt: 159ms | tok/s: 25,782 | remaining: 6589s
step 95000 (69.5%) | loss: 10.1199 | gnorm: 2.2719 | dt: 161ms | tok/s: 25,499 | remaining: 6586s
step 95020 (69.5%) | loss: 10.0659 | gnorm: 4.8555 | dt: 161ms | tok/s: 25,501 | remaining: 6583s
step 95040 (69.5%) | loss: 10.2753 | gnorm: 2.0356 | dt: 161ms | tok/s: 25,410 | remaining: 6580s
step 95060 (69.6%) | loss: 10.3543 | gnorm: 4.0768 | dt: 158ms | tok/s: 25,986 | remaining: 6577s
step 95080 (69.6%) | loss: 9.5052 | gnorm: 1.8448 | dt: 158ms | tok/s: 25,890 | remaining: 6573s
step 95100 (69.6%) | loss: 10.4355 | gnorm: 3.4660 | dt: 158ms | tok/s: 25,931 | remaining: 6570s
step 95120 (69.6%) | loss: 9.7675 | gnorm: 2.0702 | dt: 160ms | tok/s: 25,652 | remaining: 6567s
step 95140 (69.6%) | loss: 10.1425 | gnorm: 3.4406 | dt: 160ms | tok/s: 25,527 | remaining: 6564s
step 95160 (69.6%) | loss: 9.3045 | gnorm: 2.1719 | dt: 160ms | tok/s: 25,642 | remaining: 6561s
step 95180 (69.6%) | loss: 9.8081 | gnorm: 4.3476 | dt: 161ms | tok/s: 25,461 | remaining: 6557s
step 95200 (69.7%) | loss: 9.3642 | gnorm: 1.9535 | dt: 158ms | tok/s: 25,964 | remaining: 6554s
step 95220 (69.7%) | loss: 10.6426 | gnorm: 4.3638 | dt: 158ms | tok/s: 25,978 | remaining: 6551s
step 95240 (69.7%) | loss: 9.9113 | gnorm: 1.7730 | dt: 158ms | tok/s: 25,857 | remaining: 6548s
step 95260 (69.7%) | loss: 10.7564 | gnorm: 4.8444 | dt: 159ms | tok/s: 25,729 | remaining: 6545s
step 95280 (69.7%) | loss: 9.1551 | gnorm: 2.2294 | dt: 159ms | tok/s: 25,687 | remaining: 6541s
step 95300 (69.7%) | loss: 9.6531 | gnorm: 5.1159 | dt: 161ms | tok/s: 25,376 | remaining: 6538s
step 95320 (69.7%) | loss: 9.7652 | gnorm: 1.9334 | dt: 162ms | tok/s: 25,293 | remaining: 6535s
step 95340 (69.8%) | loss: 10.5691 | gnorm: 3.8953 | dt: 159ms | tok/s: 25,734 | remaining: 6532s
step 95360 (69.8%) | loss: 9.6277 | gnorm: 2.0099 | dt: 158ms | tok/s: 25,968 | remaining: 6529s
step 95380 (69.8%) | loss: 10.9330 | gnorm: 4.7304 | dt: 159ms | tok/s: 25,752 | remaining: 6525s
step 95400 (69.8%) | loss: 9.6527 | gnorm: 1.8545 | dt: 159ms | tok/s: 25,788 | remaining: 6522s
step 95420 (69.8%) | loss: 9.8560 | gnorm: 4.2455 | dt: 159ms | tok/s: 25,791 | remaining: 6519s
step 95440 (69.8%) | loss: 9.5915 | gnorm: 1.9442 | dt: 159ms | tok/s: 25,748 | remaining: 6516s
step 95460 (69.8%) | loss: 9.4519 | gnorm: 3.4966 | dt: 159ms | tok/s: 25,753 | remaining: 6513s
step 95480 (69.9%) | loss: 9.0379 | gnorm: 2.1365 | dt: 166ms | tok/s: 24,725 | remaining: 6509s
step 95500 (69.9%) | loss: 9.5974 | gnorm: 5.2147 | dt: 163ms | tok/s: 25,113 | remaining: 6506s
step 95520 (69.9%) | loss: 10.2504 | gnorm: 2.0921 | dt: 159ms | tok/s: 25,796 | remaining: 6503s
step 95540 (69.9%) | loss: 9.1989 | gnorm: 4.0671 | dt: 158ms | tok/s: 25,888 | remaining: 6500s
step 95560 (69.9%) | loss: 8.5973 | gnorm: 2.3420 | dt: 159ms | tok/s: 25,742 | remaining: 6497s
step 95580 (69.9%) | loss: 9.6150 | gnorm: 3.2961 | dt: 159ms | tok/s: 25,806 | remaining: 6493s
step 95600 (70.0%) | loss: 9.9949 | gnorm: 2.0465 | dt: 160ms | tok/s: 25,659 | remaining: 6490s
step 95620 (70.0%) | loss: 10.0232 | gnorm: 4.3418 | dt: 160ms | tok/s: 25,538 | remaining: 6487s
step 95640 (70.0%) | loss: 10.0066 | gnorm: 2.1964 | dt: 161ms | tok/s: 25,483 | remaining: 6484s
step 95660 (70.0%) | loss: 9.9781 | gnorm: 4.0640 | dt: 161ms | tok/s: 25,448 | remaining: 6481s
step 95680 (70.0%) | loss: 9.5132 | gnorm: 2.1897 | dt: 158ms | tok/s: 25,908 | remaining: 6477s
step 95700 (70.0%) | loss: 10.9571 | gnorm: 4.6655 | dt: 158ms | tok/s: 25,888 | remaining: 6474s
step 95720 (70.0%) | loss: 9.4567 | gnorm: 2.1227 | dt: 159ms | tok/s: 25,786 | remaining: 6471s
step 95740 (70.1%) | loss: 8.3165 | gnorm: 3.4727 | dt: 159ms | tok/s: 25,813 | remaining: 6468s
step 95760 (70.1%) | loss: 8.9778 | gnorm: 1.9064 | dt: 160ms | tok/s: 25,628 | remaining: 6465s
step 95780 (70.1%) | loss: 9.5165 | gnorm: 4.1820 | dt: 160ms | tok/s: 25,645 | remaining: 6461s
step 95800 (70.1%) | loss: 9.4101 | gnorm: 2.0196 | dt: 160ms | tok/s: 25,553 | remaining: 6458s
step 95820 (70.1%) | loss: 9.8988 | gnorm: 4.6634 | dt: 161ms | tok/s: 25,368 | remaining: 6455s
step 95840 (70.1%) | loss: 9.5776 | gnorm: 1.9954 | dt: 162ms | tok/s: 25,274 | remaining: 6452s
step 95860 (70.1%) | loss: 9.3481 | gnorm: 4.0660 | dt: 162ms | tok/s: 25,326 | remaining: 6449s
step 95880 (70.2%) | loss: 9.0926 | gnorm: 1.8653 | dt: 158ms | tok/s: 25,950 | remaining: 6445s
step 95900 (70.2%) | loss: 9.2987 | gnorm: 4.1991 | dt: 156ms | tok/s: 26,232 | remaining: 6442s
step 95920 (70.2%) | loss: 9.4798 | gnorm: 1.9248 | dt: 158ms | tok/s: 25,863 | remaining: 6439s
step 95940 (70.2%) | loss: 9.6143 | gnorm: 4.4732 | dt: 159ms | tok/s: 25,786 | remaining: 6436s
step 95960 (70.2%) | loss: 10.6042 | gnorm: 2.0548 | dt: 160ms | tok/s: 25,643 | remaining: 6433s
step 95980 (70.2%) | loss: 10.1611 | gnorm: 5.0774 | dt: 161ms | tok/s: 25,436 | remaining: 6429s
step 96000 (70.2%) | loss: 9.0445 | gnorm: 1.8062 | dt: 160ms | tok/s: 25,538 | remaining: 6426s
step 96020 (70.3%) | loss: 9.1916 | gnorm: 4.4654 | dt: 163ms | tok/s: 25,190 | remaining: 6423s
step 96040 (70.3%) | loss: 10.9502 | gnorm: 2.9795 | dt: 161ms | tok/s: 25,371 | remaining: 6420s
step 96060 (70.3%) | loss: 10.3385 | gnorm: 5.2205 | dt: 160ms | tok/s: 25,647 | remaining: 6417s
step 96080 (70.3%) | loss: 9.2129 | gnorm: 1.9909 | dt: 156ms | tok/s: 26,185 | remaining: 6413s
step 96100 (70.3%) | loss: 9.4903 | gnorm: 3.6312 | dt: 158ms | tok/s: 25,980 | remaining: 6410s
step 96120 (70.3%) | loss: 9.8028 | gnorm: 2.2982 | dt: 159ms | tok/s: 25,739 | remaining: 6407s
step 96140 (70.4%) | loss: 9.6323 | gnorm: 4.2923 | dt: 159ms | tok/s: 25,723 | remaining: 6404s
step 96160 (70.4%) | loss: 8.9893 | gnorm: 2.3019 | dt: 160ms | tok/s: 25,662 | remaining: 6401s
step 96180 (70.4%) | loss: 9.0653 | gnorm: 4.1451 | dt: 161ms | tok/s: 25,459 | remaining: 6397s
step 96200 (70.4%) | loss: 9.2714 | gnorm: 2.0937 | dt: 161ms | tok/s: 25,424 | remaining: 6394s
step 96220 (70.4%) | loss: 10.3234 | gnorm: 4.3140 | dt: 163ms | tok/s: 25,200 | remaining: 6391s
step 96240 (70.4%) | loss: 9.6574 | gnorm: 1.8867 | dt: 157ms | tok/s: 26,053 | remaining: 6388s
step 96260 (70.4%) | loss: 8.8524 | gnorm: 4.1042 | dt: 158ms | tok/s: 25,846 | remaining: 6385s
step 96280 (70.5%) | loss: 8.8617 | gnorm: 1.8413 | dt: 158ms | tok/s: 25,857 | remaining: 6381s
step 96300 (70.5%) | loss: 9.4077 | gnorm: 4.0698 | dt: 159ms | tok/s: 25,819 | remaining: 6378s
step 96320 (70.5%) | loss: 8.6302 | gnorm: 1.7017 | dt: 159ms | tok/s: 25,699 | remaining: 6375s
step 96340 (70.5%) | loss: 9.9048 | gnorm: 4.0296 | dt: 160ms | tok/s: 25,656 | remaining: 6372s
step 96360 (70.5%) | loss: 9.6930 | gnorm: 1.9073 | dt: 161ms | tok/s: 25,366 | remaining: 6369s
step 96380 (70.5%) | loss: 9.3590 | gnorm: 3.7291 | dt: 162ms | tok/s: 25,292 | remaining: 6366s
step 96400 (70.5%) | loss: 8.9568 | gnorm: 2.5277 | dt: 159ms | tok/s: 25,767 | remaining: 6362s
step 96420 (70.6%) | loss: 10.5014 | gnorm: 5.6419 | dt: 158ms | tok/s: 25,911 | remaining: 6359s
step 96440 (70.6%) | loss: 9.9474 | gnorm: 1.9812 | dt: 158ms | tok/s: 25,855 | remaining: 6356s
step 96460 (70.6%) | loss: 10.0851 | gnorm: 5.0394 | dt: 160ms | tok/s: 25,662 | remaining: 6353s
step 96480 (70.6%) | loss: 9.3334 | gnorm: 2.7435 | dt: 160ms | tok/s: 25,633 | remaining: 6350s
step 96500 (70.6%) | loss: 9.4775 | gnorm: 3.6535 | dt: 160ms | tok/s: 25,593 | remaining: 6346s
step 96520 (70.6%) | loss: 9.3998 | gnorm: 1.8102 | dt: 162ms | tok/s: 25,307 | remaining: 6343s
step 96540 (70.6%) | loss: 9.2096 | gnorm: 4.5938 | dt: 163ms | tok/s: 25,187 | remaining: 6340s
step 96560 (70.7%) | loss: 9.2276 | gnorm: 2.0128 | dt: 158ms | tok/s: 25,891 | remaining: 6337s
step 96580 (70.7%) | loss: 10.6468 | gnorm: 4.9932 | dt: 159ms | tok/s: 25,802 | remaining: 6334s
step 96600 (70.7%) | loss: 9.3567 | gnorm: 2.6632 | dt: 158ms | tok/s: 25,873 | remaining: 6330s
step 96620 (70.7%) | loss: 9.9049 | gnorm: 3.8311 | dt: 156ms | tok/s: 26,241 | remaining: 6327s
step 96640 (70.7%) | loss: 9.2652 | gnorm: 2.1367 | dt: 160ms | tok/s: 25,642 | remaining: 6324s
step 96660 (70.7%) | loss: 11.4281 | gnorm: 4.5812 | dt: 160ms | tok/s: 25,539 | remaining: 6321s
step 96680 (70.8%) | loss: 9.4832 | gnorm: 2.1002 | dt: 162ms | tok/s: 25,263 | remaining: 6318s
step 96700 (70.8%) | loss: 10.2808 | gnorm: 3.5438 | dt: 162ms | tok/s: 25,252 | remaining: 6314s
step 96720 (70.8%) | loss: 9.7855 | gnorm: 2.3584 | dt: 157ms | tok/s: 26,017 | remaining: 6311s
step 96740 (70.8%) | loss: 9.7901 | gnorm: 4.0755 | dt: 158ms | tok/s: 25,938 | remaining: 6308s
step 96760 (70.8%) | loss: 10.2000 | gnorm: 2.0825 | dt: 159ms | tok/s: 25,837 | remaining: 6305s
step 96780 (70.8%) | loss: 9.9625 | gnorm: 3.5191 | dt: 159ms | tok/s: 25,691 | remaining: 6302s
step 96800 (70.8%) | loss: 9.2481 | gnorm: 2.2365 | dt: 160ms | tok/s: 25,606 | remaining: 6298s
step 96820 (70.9%) | loss: 9.0677 | gnorm: 3.6372 | dt: 160ms | tok/s: 25,572 | remaining: 6295s
step 96840 (70.9%) | loss: 9.2720 | gnorm: 2.2646 | dt: 161ms | tok/s: 25,497 | remaining: 6292s
step 96860 (70.9%) | loss: 10.1559 | gnorm: 5.0129 | dt: 162ms | tok/s: 25,219 | remaining: 6289s
step 96880 (70.9%) | loss: 9.8655 | gnorm: 2.3228 | dt: 160ms | tok/s: 25,599 | remaining: 6286s
step 96900 (70.9%) | loss: 9.5186 | gnorm: 3.6280 | dt: 157ms | tok/s: 26,016 | remaining: 6282s
step 96920 (70.9%) | loss: 9.0075 | gnorm: 1.8697 | dt: 158ms | tok/s: 25,879 | remaining: 6279s
step 96940 (70.9%) | loss: 11.3596 | gnorm: 5.0461 | dt: 158ms | tok/s: 25,977 | remaining: 6276s
step 96960 (71.0%) | loss: 10.9975 | gnorm: 1.9244 | dt: 159ms | tok/s: 25,788 | remaining: 6273s
step 96980 (71.0%) | loss: 9.9078 | gnorm: 3.5181 | dt: 160ms | tok/s: 25,566 | remaining: 6270s
step 97000 (71.0%) | loss: 9.6846 | gnorm: 2.1908 | dt: 162ms | tok/s: 25,313 | remaining: 6266s
step 97020 (71.0%) | loss: 9.5861 | gnorm: 3.9296 | dt: 160ms | tok/s: 25,603 | remaining: 6263s
step 97040 (71.0%) | loss: 9.4296 | gnorm: 2.1780 | dt: 163ms | tok/s: 25,157 | remaining: 6260s
step 97060 (71.0%) | loss: 9.7531 | gnorm: 4.5306 | dt: 159ms | tok/s: 25,721 | remaining: 6257s
step 97080 (71.0%) | loss: 9.4903 | gnorm: 2.5147 | dt: 158ms | tok/s: 25,898 | remaining: 6254s
step 97100 (71.1%) | loss: 10.0217 | gnorm: 4.3534 | dt: 159ms | tok/s: 25,785 | remaining: 6250s
step 97120 (71.1%) | loss: 9.1584 | gnorm: 1.7629 | dt: 158ms | tok/s: 25,891 | remaining: 6247s
step 97140 (71.1%) | loss: 9.6857 | gnorm: 3.9652 | dt: 159ms | tok/s: 25,763 | remaining: 6244s
step 97160 (71.1%) | loss: 9.1208 | gnorm: 2.4626 | dt: 160ms | tok/s: 25,652 | remaining: 6241s
step 97180 (71.1%) | loss: 9.0895 | gnorm: 4.4704 | dt: 162ms | tok/s: 25,354 | remaining: 6238s
step 97200 (71.1%) | loss: 8.6981 | gnorm: 1.9689 | dt: 162ms | tok/s: 25,276 | remaining: 6234s
step 97220 (71.2%) | loss: 9.1430 | gnorm: 3.9573 | dt: 161ms | tok/s: 25,443 | remaining: 6231s
step 97240 (71.2%) | loss: 9.1751 | gnorm: 2.0664 | dt: 158ms | tok/s: 25,887 | remaining: 6228s
step 97260 (71.2%) | loss: 9.1991 | gnorm: 4.3264 | dt: 157ms | tok/s: 26,043 | remaining: 6225s
step 97280 (71.2%) | loss: 8.8658 | gnorm: 2.1994 | dt: 156ms | tok/s: 26,185 | remaining: 6222s
step 97300 (71.2%) | loss: 9.4665 | gnorm: 3.6375 | dt: 158ms | tok/s: 25,978 | remaining: 6219s
step 97320 (71.2%) | loss: 8.9217 | gnorm: 2.0021 | dt: 159ms | tok/s: 25,754 | remaining: 6215s
step 97340 (71.2%) | loss: 9.2674 | gnorm: 3.5272 | dt: 161ms | tok/s: 25,464 | remaining: 6212s
step 97360 (71.3%) | loss: 9.3274 | gnorm: 1.9463 | dt: 160ms | tok/s: 25,534 | remaining: 6209s
step 97380 (71.3%) | loss: 8.5724 | gnorm: 3.4670 | dt: 161ms | tok/s: 25,392 | remaining: 6206s
step 97400 (71.3%) | loss: 8.6104 | gnorm: 1.8829 | dt: 159ms | tok/s: 25,799 | remaining: 6202s
step 97420 (71.3%) | loss: 9.4184 | gnorm: 4.2590 | dt: 159ms | tok/s: 25,795 | remaining: 6199s
step 97440 (71.3%) | loss: 9.2106 | gnorm: 1.6816 | dt: 159ms | tok/s: 25,836 | remaining: 6196s
step 97460 (71.3%) | loss: 8.7460 | gnorm: 4.0270 | dt: 158ms | tok/s: 25,898 | remaining: 6193s
step 97480 (71.3%) | loss: 8.6660 | gnorm: 2.1858 | dt: 160ms | tok/s: 25,664 | remaining: 6190s
step 97500 (71.4%) | loss: 9.3361 | gnorm: 4.0932 | dt: 161ms | tok/s: 25,400 | remaining: 6186s
step 97520 (71.4%) | loss: 9.3903 | gnorm: 2.3167 | dt: 163ms | tok/s: 25,194 | remaining: 6183s
step 97540 (71.4%) | loss: 8.8477 | gnorm: 3.8727 | dt: 200ms | tok/s: 20,492 | remaining: 6180s
step 97560 (71.4%) | loss: 8.8336 | gnorm: 1.9387 | dt: 164ms | tok/s: 24,942 | remaining: 6177s
step 97580 (71.4%) | loss: 10.0611 | gnorm: 4.9277 | dt: 164ms | tok/s: 25,015 | remaining: 6173s
step 97600 (71.4%) | loss: 8.5601 | gnorm: 1.9118 | dt: 162ms | tok/s: 25,261 | remaining: 6170s
step 97620 (71.4%) | loss: 9.6535 | gnorm: 3.7833 | dt: 162ms | tok/s: 25,220 | remaining: 6167s
step 97640 (71.5%) | loss: 9.4081 | gnorm: 2.0607 | dt: 164ms | tok/s: 24,929 | remaining: 6163s
step 97660 (71.5%) | loss: 9.7560 | gnorm: 4.2921 | dt: 169ms | tok/s: 24,282 | remaining: 6160s
step 97680 (71.5%) | loss: 8.8716 | gnorm: 1.8725 | dt: 166ms | tok/s: 24,711 | remaining: 6157s
step 97700 (71.5%) | loss: 8.7179 | gnorm: 3.2792 | dt: 166ms | tok/s: 24,683 | remaining: 6153s
step 97720 (71.5%) | loss: 9.0401 | gnorm: 2.1063 | dt: 165ms | tok/s: 24,842 | remaining: 6150s
step 97740 (71.5%) | loss: 9.8178 | gnorm: 3.9472 | dt: 158ms | tok/s: 25,958 | remaining: 6147s
step 97760 (71.6%) | loss: 9.3905 | gnorm: 1.9205 | dt: 163ms | tok/s: 25,185 | remaining: 6144s
step 97780 (71.6%) | loss: 9.1251 | gnorm: 3.2532 | dt: 160ms | tok/s: 25,608 | remaining: 6140s
step 97800 (71.6%) | loss: 8.9160 | gnorm: 2.3440 | dt: 157ms | tok/s: 26,047 | remaining: 6137s
step 97820 (71.6%) | loss: 9.0538 | gnorm: 4.3934 | dt: 159ms | tok/s: 25,835 | remaining: 6134s
step 97840 (71.6%) | loss: 9.0222 | gnorm: 2.0321 | dt: 159ms | tok/s: 25,690 | remaining: 6131s
step 97860 (71.6%) | loss: 9.8567 | gnorm: 3.6870 | dt: 160ms | tok/s: 25,679 | remaining: 6128s
step 97880 (71.6%) | loss: 9.1810 | gnorm: 1.9995 | dt: 161ms | tok/s: 25,516 | remaining: 6125s
step 97900 (71.7%) | loss: 9.3264 | gnorm: 5.3463 | dt: 161ms | tok/s: 25,383 | remaining: 6121s
step 97920 (71.7%) | loss: 9.1900 | gnorm: 1.8624 | dt: 177ms | tok/s: 23,179 | remaining: 6118s
step 97940 (71.7%) | loss: 9.6861 | gnorm: 3.7903 | dt: 162ms | tok/s: 25,320 | remaining: 6115s
step 97960 (71.7%) | loss: 9.6307 | gnorm: 2.1231 | dt: 160ms | tok/s: 25,627 | remaining: 6112s
step 97980 (71.7%) | loss: 9.1160 | gnorm: 4.7640 | dt: 158ms | tok/s: 25,933 | remaining: 6108s
step 98000 (71.7%) | loss: 9.5062 | gnorm: 2.0233 | dt: 158ms | tok/s: 25,916 | remaining: 6105s
step 98020 (71.7%) | loss: 9.9292 | gnorm: 5.1320 | dt: 159ms | tok/s: 25,790 | remaining: 6102s
step 98040 (71.8%) | loss: 8.4557 | gnorm: 1.9021 | dt: 160ms | tok/s: 25,656 | remaining: 6099s
step 98060 (71.8%) | loss: 10.2704 | gnorm: 4.0974 | dt: 160ms | tok/s: 25,651 | remaining: 6096s
step 98080 (71.8%) | loss: 9.2987 | gnorm: 2.0079 | dt: 160ms | tok/s: 25,546 | remaining: 6093s
step 98100 (71.8%) | loss: 9.3517 | gnorm: 4.5091 | dt: 162ms | tok/s: 25,245 | remaining: 6089s
step 98120 (71.8%) | loss: 9.4611 | gnorm: 2.0191 | dt: 162ms | tok/s: 25,296 | remaining: 6086s
step 98140 (71.8%) | loss: 10.0699 | gnorm: 4.0856 | dt: 158ms | tok/s: 25,966 | remaining: 6083s
step 98160 (71.9%) | loss: 9.8741 | gnorm: 1.7680 | dt: 158ms | tok/s: 25,984 | remaining: 6080s
step 98180 (71.9%) | loss: 9.9258 | gnorm: 3.9518 | dt: 159ms | tok/s: 25,836 | remaining: 6077s
step 98200 (71.9%) | loss: 9.2097 | gnorm: 1.8442 | dt: 159ms | tok/s: 25,686 | remaining: 6073s
step 98220 (71.9%) | loss: 9.9701 | gnorm: 4.9770 | dt: 159ms | tok/s: 25,773 | remaining: 6070s
step 98240 (71.9%) | loss: 9.2260 | gnorm: 2.0325 | dt: 161ms | tok/s: 25,481 | remaining: 6067s
step 98260 (71.9%) | loss: 10.3221 | gnorm: 4.3037 | dt: 161ms | tok/s: 25,380 | remaining: 6064s
step 98280 (71.9%) | loss: 9.0905 | gnorm: 2.0292 | dt: 161ms | tok/s: 25,457 | remaining: 6061s
step 98300 (72.0%) | loss: 10.3830 | gnorm: 4.8450 | dt: 159ms | tok/s: 25,762 | remaining: 6057s
step 98320 (72.0%) | loss: 9.8671 | gnorm: 1.7764 | dt: 158ms | tok/s: 25,878 | remaining: 6054s
step 98340 (72.0%) | loss: 9.8749 | gnorm: 3.8405 | dt: 158ms | tok/s: 25,879 | remaining: 6051s
step 98360 (72.0%) | loss: 9.2445 | gnorm: 2.3235 | dt: 159ms | tok/s: 25,714 | remaining: 6048s
step 98380 (72.0%) | loss: 9.1986 | gnorm: 3.7405 | dt: 160ms | tok/s: 25,657 | remaining: 6045s
step 98400 (72.0%) | loss: 9.4027 | gnorm: 2.0590 | dt: 161ms | tok/s: 25,507 | remaining: 6041s
step 98420 (72.0%) | loss: 9.7486 | gnorm: 4.7372 | dt: 161ms | tok/s: 25,379 | remaining: 6038s
step 98440 (72.1%) | loss: 9.5853 | gnorm: 1.8375 | dt: 162ms | tok/s: 25,221 | remaining: 6035s
step 98460 (72.1%) | loss: 9.8153 | gnorm: 4.0795 | dt: 156ms | tok/s: 26,180 | remaining: 6032s
step 98480 (72.1%) | loss: 9.4718 | gnorm: 1.8888 | dt: 157ms | tok/s: 26,066 | remaining: 6029s
step 98500 (72.1%) | loss: 9.8394 | gnorm: 4.0219 | dt: 159ms | tok/s: 25,789 | remaining: 6025s
step 98520 (72.1%) | loss: 9.8929 | gnorm: 2.4630 | dt: 159ms | tok/s: 25,753 | remaining: 6022s
step 98540 (72.1%) | loss: 9.8915 | gnorm: 3.8530 | dt: 160ms | tok/s: 25,523 | remaining: 6019s
step 98560 (72.1%) | loss: 10.6524 | gnorm: 2.2756 | dt: 160ms | tok/s: 25,657 | remaining: 6016s
step 98580 (72.2%) | loss: 9.5704 | gnorm: 3.9184 | dt: 161ms | tok/s: 25,366 | remaining: 6013s
step 98600 (72.2%) | loss: 9.5453 | gnorm: 2.0375 | dt: 160ms | tok/s: 25,557 | remaining: 6009s
step 98620 (72.2%) | loss: 9.8274 | gnorm: 4.0514 | dt: 159ms | tok/s: 25,788 | remaining: 6006s
step 98640 (72.2%) | loss: 9.2679 | gnorm: 1.7773 | dt: 158ms | tok/s: 25,856 | remaining: 6003s
step 98660 (72.2%) | loss: 10.1298 | gnorm: 4.4359 | dt: 160ms | tok/s: 25,576 | remaining: 6000s
step 98680 (72.2%) | loss: 10.5337 | gnorm: 2.0330 | dt: 158ms | tok/s: 25,939 | remaining: 5997s
step 98700 (72.3%) | loss: 11.3339 | gnorm: 3.7714 | dt: 159ms | tok/s: 25,709 | remaining: 5993s
step 98720 (72.3%) | loss: 9.0498 | gnorm: 2.0198 | dt: 159ms | tok/s: 25,698 | remaining: 5990s
step 98740 (72.3%) | loss: 9.4802 | gnorm: 4.6227 | dt: 161ms | tok/s: 25,458 | remaining: 5987s
step 98760 (72.3%) | loss: 9.9616 | gnorm: 1.7289 | dt: 162ms | tok/s: 25,305 | remaining: 5984s
step 98780 (72.3%) | loss: 9.8585 | gnorm: 3.8326 | dt: 161ms | tok/s: 25,458 | remaining: 5981s
step 98800 (72.3%) | loss: 9.0245 | gnorm: 2.1371 | dt: 160ms | tok/s: 25,636 | remaining: 5977s
step 98820 (72.3%) | loss: 9.6822 | gnorm: 4.4381 | dt: 158ms | tok/s: 26,002 | remaining: 5974s
step 98840 (72.4%) | loss: 9.3691 | gnorm: 2.1399 | dt: 159ms | tok/s: 25,727 | remaining: 5971s
step 98860 (72.4%) | loss: 10.1985 | gnorm: 4.6023 | dt: 158ms | tok/s: 25,847 | remaining: 5968s
step 98880 (72.4%) | loss: 8.8866 | gnorm: 1.8540 | dt: 159ms | tok/s: 25,686 | remaining: 5965s
step 98900 (72.4%) | loss: 9.8030 | gnorm: 3.7848 | dt: 160ms | tok/s: 25,647 | remaining: 5961s
step 98920 (72.4%) | loss: 9.9124 | gnorm: 1.8977 | dt: 161ms | tok/s: 25,382 | remaining: 5958s
step 98940 (72.4%) | loss: 10.1177 | gnorm: 4.2740 | dt: 161ms | tok/s: 25,498 | remaining: 5955s
step 98960 (72.4%) | loss: 9.1853 | gnorm: 1.8736 | dt: 164ms | tok/s: 24,921 | remaining: 5952s
step 98980 (72.5%) | loss: 9.0934 | gnorm: 5.0817 | dt: 161ms | tok/s: 25,431 | remaining: 5949s
step 99000 (72.5%) | loss: 9.2566 | gnorm: 2.1085 | dt: 157ms | tok/s: 26,057 | remaining: 5945s
step 99020 (72.5%) | loss: 9.1517 | gnorm: 4.4848 | dt: 160ms | tok/s: 25,619 | remaining: 5942s
step 99040 (72.5%) | loss: 11.0707 | gnorm: 1.8713 | dt: 159ms | tok/s: 25,799 | remaining: 5939s
step 99060 (72.5%) | loss: 9.8999 | gnorm: 4.4895 | dt: 159ms | tok/s: 25,748 | remaining: 5936s
step 99080 (72.5%) | loss: 9.6738 | gnorm: 2.1335 | dt: 160ms | tok/s: 25,610 | remaining: 5933s
step 99100 (72.5%) | loss: 9.3584 | gnorm: 4.5206 | dt: 160ms | tok/s: 25,540 | remaining: 5929s
step 99120 (72.6%) | loss: 9.4984 | gnorm: 2.0082 | dt: 161ms | tok/s: 25,446 | remaining: 5926s
step 99140 (72.6%) | loss: 9.3968 | gnorm: 4.1646 | dt: 162ms | tok/s: 25,347 | remaining: 5923s
step 99160 (72.6%) | loss: 9.7604 | gnorm: 2.8984 | dt: 163ms | tok/s: 25,180 | remaining: 5920s
step 99180 (72.6%) | loss: 11.4614 | gnorm: 4.6303 | dt: 161ms | tok/s: 25,472 | remaining: 5917s
step 99200 (72.6%) | loss: 10.4456 | gnorm: 1.9582 | dt: 157ms | tok/s: 26,010 | remaining: 5913s
step 99220 (72.6%) | loss: 10.3715 | gnorm: 4.2045 | dt: 158ms | tok/s: 25,852 | remaining: 5910s
step 99240 (72.7%) | loss: 9.1156 | gnorm: 2.2029 | dt: 156ms | tok/s: 26,235 | remaining: 5907s
step 99260 (72.7%) | loss: 9.9051 | gnorm: 4.7562 | dt: 159ms | tok/s: 25,795 | remaining: 5904s
step 99280 (72.7%) | loss: 9.5541 | gnorm: 2.1843 | dt: 159ms | tok/s: 25,689 | remaining: 5901s
step 99300 (72.7%) | loss: 9.7161 | gnorm: 4.1713 | dt: 160ms | tok/s: 25,609 | remaining: 5897s
step 99320 (72.7%) | loss: 9.2392 | gnorm: 1.9847 | dt: 160ms | tok/s: 25,560 | remaining: 5894s
step 99340 (72.7%) | loss: 9.6488 | gnorm: 3.7725 | dt: 161ms | tok/s: 25,402 | remaining: 5891s
step 99360 (72.7%) | loss: 9.4833 | gnorm: 2.0444 | dt: 162ms | tok/s: 25,298 | remaining: 5888s
step 99380 (72.8%) | loss: 9.7940 | gnorm: 4.7109 | dt: 157ms | tok/s: 26,055 | remaining: 5885s
step 99400 (72.8%) | loss: 9.5698 | gnorm: 2.6065 | dt: 158ms | tok/s: 25,936 | remaining: 5881s
step 99420 (72.8%) | loss: 9.9794 | gnorm: 4.4162 | dt: 158ms | tok/s: 25,855 | remaining: 5878s
step 99440 (72.8%) | loss: 9.4009 | gnorm: 2.2216 | dt: 159ms | tok/s: 25,737 | remaining: 5875s
step 99460 (72.8%) | loss: 9.8606 | gnorm: 3.8800 | dt: 160ms | tok/s: 25,630 | remaining: 5872s
step 99480 (72.8%) | loss: 9.5431 | gnorm: 2.0658 | dt: 161ms | tok/s: 25,389 | remaining: 5869s
step 99500 (72.8%) | loss: 9.5441 | gnorm: 4.2352 | dt: 162ms | tok/s: 25,323 | remaining: 5865s
step 99520 (72.9%) | loss: 9.3734 | gnorm: 2.6697 | dt: 161ms | tok/s: 25,403 | remaining: 5862s
step 99540 (72.9%) | loss: 10.3769 | gnorm: 3.9041 | dt: 158ms | tok/s: 25,936 | remaining: 5859s
step 99560 (72.9%) | loss: 9.5026 | gnorm: 2.0285 | dt: 158ms | tok/s: 25,893 | remaining: 5856s
step 99580 (72.9%) | loss: 8.8185 | gnorm: 4.2788 | dt: 158ms | tok/s: 25,912 | remaining: 5853s
step 99600 (72.9%) | loss: 9.3748 | gnorm: 2.2928 | dt: 164ms | tok/s: 25,002 | remaining: 5849s
step 99620 (72.9%) | loss: 10.6167 | gnorm: 4.2418 | dt: 155ms | tok/s: 26,410 | remaining: 5846s
step 99640 (72.9%) | loss: 9.4489 | gnorm: 1.9354 | dt: 160ms | tok/s: 25,558 | remaining: 5843s
step 99660 (73.0%) | loss: 9.5256 | gnorm: 4.6681 | dt: 159ms | tok/s: 25,728 | remaining: 5840s
step 99680 (73.0%) | loss: 9.6759 | gnorm: 1.8677 | dt: 161ms | tok/s: 25,374 | remaining: 5837s
step 99700 (73.0%) | loss: 9.9547 | gnorm: 4.8723 | dt: 161ms | tok/s: 25,481 | remaining: 5833s
step 99720 (73.0%) | loss: 9.9610 | gnorm: 1.8731 | dt: 157ms | tok/s: 26,086 | remaining: 5830s
step 99740 (73.0%) | loss: 11.8842 | gnorm: 5.0488 | dt: 158ms | tok/s: 25,938 | remaining: 5827s
step 99760 (73.0%) | loss: 10.1800 | gnorm: 1.8422 | dt: 165ms | tok/s: 24,820 | remaining: 5824s
step 99780 (73.1%) | loss: 9.8658 | gnorm: 4.4229 | dt: 157ms | tok/s: 26,150 | remaining: 5821s
step 99800 (73.1%) | loss: 8.1721 | gnorm: 2.2662 | dt: 160ms | tok/s: 25,665 | remaining: 5817s
step 99820 (73.1%) | loss: 9.7781 | gnorm: 3.9663 | dt: 159ms | tok/s: 25,805 | remaining: 5814s
step 99840 (73.1%) | loss: 10.0475 | gnorm: 2.1935 | dt: 160ms | tok/s: 25,521 | remaining: 5811s
step 99860 (73.1%) | loss: 10.1430 | gnorm: 3.9444 | dt: 161ms | tok/s: 25,386 | remaining: 5808s
step 99880 (73.1%) | loss: 9.4805 | gnorm: 2.0109 | dt: 161ms | tok/s: 25,443 | remaining: 5805s
step 99900 (73.1%) | loss: 9.9916 | gnorm: 3.6426 | dt: 157ms | tok/s: 26,067 | remaining: 5801s
step 99920 (73.2%) | loss: 9.3106 | gnorm: 1.8676 | dt: 158ms | tok/s: 25,914 | remaining: 5798s
step 99940 (73.2%) | loss: 10.0585 | gnorm: 4.5620 | dt: 158ms | tok/s: 25,912 | remaining: 5795s
step 99960 (73.2%) | loss: 9.7539 | gnorm: 2.1367 | dt: 159ms | tok/s: 25,817 | remaining: 5792s
step 99980 (73.2%) | loss: 9.8639 | gnorm: 3.3930 | dt: 160ms | tok/s: 25,680 | remaining: 5789s
  [checkpoint saved at step 100000, time=15814s]
step 100000 (73.2%) | loss: 9.5249 | gnorm: 2.3654 | dt: 164ms | tok/s: 24,929 | remaining: 5785s
step 100020 (73.2%) | loss: 9.8261 | gnorm: 3.8570 | dt: 158ms | tok/s: 25,881 | remaining: 5782s
step 100040 (73.2%) | loss: 9.7307 | gnorm: 2.8255 | dt: 162ms | tok/s: 25,329 | remaining: 5779s
step 100060 (73.3%) | loss: 10.2137 | gnorm: 3.9142 | dt: 161ms | tok/s: 25,473 | remaining: 5776s
step 100080 (73.3%) | loss: 10.0319 | gnorm: 1.9726 | dt: 157ms | tok/s: 26,030 | remaining: 5773s
step 100100 (73.3%) | loss: 10.3193 | gnorm: 4.6573 | dt: 159ms | tok/s: 25,842 | remaining: 5769s
step 100120 (73.3%) | loss: 9.9442 | gnorm: 2.3204 | dt: 158ms | tok/s: 25,955 | remaining: 5766s
step 100140 (73.3%) | loss: 9.6000 | gnorm: 4.4671 | dt: 157ms | tok/s: 26,016 | remaining: 5763s
step 100160 (73.3%) | loss: 9.4518 | gnorm: 2.1923 | dt: 159ms | tok/s: 25,697 | remaining: 5760s
step 100180 (73.3%) | loss: 9.1174 | gnorm: 3.5493 | dt: 163ms | tok/s: 25,169 | remaining: 5757s
step 100200 (73.4%) | loss: 9.5754 | gnorm: 1.9761 | dt: 160ms | tok/s: 25,545 | remaining: 5753s
step 100220 (73.4%) | loss: 9.9840 | gnorm: 3.8549 | dt: 163ms | tok/s: 25,193 | remaining: 5750s
step 100240 (73.4%) | loss: 9.7094 | gnorm: 2.1448 | dt: 160ms | tok/s: 25,655 | remaining: 5747s
step 100260 (73.4%) | loss: 9.3178 | gnorm: 3.9818 | dt: 159ms | tok/s: 25,826 | remaining: 5744s
step 100280 (73.4%) | loss: 9.8147 | gnorm: 1.8415 | dt: 159ms | tok/s: 25,743 | remaining: 5741s
step 100300 (73.4%) | loss: 9.2380 | gnorm: 3.7272 | dt: 161ms | tok/s: 25,501 | remaining: 5737s
step 100320 (73.5%) | loss: 9.5043 | gnorm: 1.8624 | dt: 161ms | tok/s: 25,405 | remaining: 5734s
step 100340 (73.5%) | loss: 10.0357 | gnorm: 4.1238 | dt: 161ms | tok/s: 25,387 | remaining: 5731s
step 100360 (73.5%) | loss: 9.6225 | gnorm: 2.1822 | dt: 162ms | tok/s: 25,342 | remaining: 5728s
step 100380 (73.5%) | loss: 9.4465 | gnorm: 3.8415 | dt: 161ms | tok/s: 25,474 | remaining: 5725s
step 100400 (73.5%) | loss: 9.0223 | gnorm: 2.0365 | dt: 161ms | tok/s: 25,506 | remaining: 5721s
step 100420 (73.5%) | loss: 9.9200 | gnorm: 4.0331 | dt: 159ms | tok/s: 25,824 | remaining: 5718s
step 100440 (73.5%) | loss: 9.5085 | gnorm: 2.6919 | dt: 158ms | tok/s: 25,862 | remaining: 5715s
step 100460 (73.6%) | loss: 9.9580 | gnorm: 4.7985 | dt: 158ms | tok/s: 25,851 | remaining: 5712s
step 100480 (73.6%) | loss: 9.7380 | gnorm: 2.4315 | dt: 161ms | tok/s: 25,498 | remaining: 5709s
step 100500 (73.6%) | loss: 10.7497 | gnorm: 3.7251 | dt: 158ms | tok/s: 25,854 | remaining: 5705s
step 100520 (73.6%) | loss: 10.0796 | gnorm: 2.0240 | dt: 162ms | tok/s: 25,311 | remaining: 5702s
step 100540 (73.6%) | loss: 10.2581 | gnorm: 4.3656 | dt: 162ms | tok/s: 25,257 | remaining: 5699s
step 100560 (73.6%) | loss: 10.1888 | gnorm: 2.1659 | dt: 156ms | tok/s: 26,276 | remaining: 5696s
step 100580 (73.6%) | loss: 9.9318 | gnorm: 4.4429 | dt: 158ms | tok/s: 25,890 | remaining: 5693s
step 100600 (73.7%) | loss: 9.9081 | gnorm: 2.0751 | dt: 157ms | tok/s: 26,170 | remaining: 5690s
step 100620 (73.7%) | loss: 10.2027 | gnorm: 4.1862 | dt: 158ms | tok/s: 25,909 | remaining: 5686s
step 100640 (73.7%) | loss: 9.2592 | gnorm: 2.3008 | dt: 159ms | tok/s: 25,764 | remaining: 5683s
step 100660 (73.7%) | loss: 9.3498 | gnorm: 4.0040 | dt: 160ms | tok/s: 25,623 | remaining: 5680s
step 100680 (73.7%) | loss: 9.8656 | gnorm: 2.0622 | dt: 159ms | tok/s: 25,722 | remaining: 5677s
step 100700 (73.7%) | loss: 8.8473 | gnorm: 3.7631 | dt: 161ms | tok/s: 25,512 | remaining: 5673s
step 100720 (73.7%) | loss: 9.9434 | gnorm: 2.0753 | dt: 162ms | tok/s: 25,251 | remaining: 5670s
step 100740 (73.8%) | loss: 10.3790 | gnorm: 4.1121 | dt: 160ms | tok/s: 25,615 | remaining: 5667s
step 100760 (73.8%) | loss: 9.0925 | gnorm: 2.3834 | dt: 158ms | tok/s: 25,886 | remaining: 5664s
step 100780 (73.8%) | loss: 9.8398 | gnorm: 3.4719 | dt: 157ms | tok/s: 26,070 | remaining: 5661s
step 100800 (73.8%) | loss: 9.4319 | gnorm: 1.9833 | dt: 158ms | tok/s: 25,864 | remaining: 5657s
step 100820 (73.8%) | loss: 10.3650 | gnorm: 3.2975 | dt: 159ms | tok/s: 25,761 | remaining: 5654s
step 100840 (73.8%) | loss: 9.5653 | gnorm: 1.9784 | dt: 159ms | tok/s: 25,824 | remaining: 5651s
step 100860 (73.9%) | loss: 9.5928 | gnorm: 4.0411 | dt: 160ms | tok/s: 25,584 | remaining: 5648s
step 100880 (73.9%) | loss: 9.5796 | gnorm: 3.0322 | dt: 160ms | tok/s: 25,523 | remaining: 5645s
step 100900 (73.9%) | loss: 11.1596 | gnorm: 5.9704 | dt: 163ms | tok/s: 25,206 | remaining: 5641s
step 100920 (73.9%) | loss: 10.2255 | gnorm: 2.1555 | dt: 161ms | tok/s: 25,422 | remaining: 5638s
step 100940 (73.9%) | loss: 9.8170 | gnorm: 4.5777 | dt: 157ms | tok/s: 26,097 | remaining: 5635s
step 100960 (73.9%) | loss: 9.5497 | gnorm: 1.9179 | dt: 159ms | tok/s: 25,782 | remaining: 5632s
step 100980 (73.9%) | loss: 10.0246 | gnorm: 4.2408 | dt: 155ms | tok/s: 26,359 | remaining: 5629s
step 101000 (74.0%) | loss: 8.9422 | gnorm: 1.9283 | dt: 159ms | tok/s: 25,729 | remaining: 5625s
step 101020 (74.0%) | loss: 9.1885 | gnorm: 3.8383 | dt: 158ms | tok/s: 25,895 | remaining: 5622s
step 101040 (74.0%) | loss: 9.4262 | gnorm: 1.9843 | dt: 161ms | tok/s: 25,498 | remaining: 5619s
step 101060 (74.0%) | loss: 10.2981 | gnorm: 4.7268 | dt: 162ms | tok/s: 25,275 | remaining: 5616s
step 101080 (74.0%) | loss: 10.3610 | gnorm: 2.0882 | dt: 163ms | tok/s: 25,167 | remaining: 5613s
step 101100 (74.0%) | loss: 10.4170 | gnorm: 3.4683 | dt: 160ms | tok/s: 25,652 | remaining: 5610s
step 101120 (74.0%) | loss: 9.8247 | gnorm: 1.9435 | dt: 165ms | tok/s: 24,861 | remaining: 5606s
step 101140 (74.1%) | loss: 9.3993 | gnorm: 4.7787 | dt: 158ms | tok/s: 25,870 | remaining: 5603s
step 101160 (74.1%) | loss: 9.0970 | gnorm: 1.7210 | dt: 158ms | tok/s: 25,944 | remaining: 5600s
step 101180 (74.1%) | loss: 9.6389 | gnorm: 4.2069 | dt: 159ms | tok/s: 25,776 | remaining: 5597s
step 101200 (74.1%) | loss: 10.4320 | gnorm: 1.9213 | dt: 160ms | tok/s: 25,589 | remaining: 5594s
step 101220 (74.1%) | loss: 9.9386 | gnorm: 4.4234 | dt: 160ms | tok/s: 25,608 | remaining: 5590s
step 101240 (74.1%) | loss: 9.1439 | gnorm: 1.7336 | dt: 162ms | tok/s: 25,264 | remaining: 5587s
step 101260 (74.1%) | loss: 9.7356 | gnorm: 4.3990 | dt: 161ms | tok/s: 25,385 | remaining: 5584s
step 101280 (74.2%) | loss: 9.5649 | gnorm: 1.7930 | dt: 158ms | tok/s: 25,984 | remaining: 5581s
step 101300 (74.2%) | loss: 9.4060 | gnorm: 4.4948 | dt: 158ms | tok/s: 25,858 | remaining: 5578s
step 101320 (74.2%) | loss: 9.4239 | gnorm: 2.0606 | dt: 158ms | tok/s: 25,929 | remaining: 5574s
step 101340 (74.2%) | loss: 9.3301 | gnorm: 3.9092 | dt: 160ms | tok/s: 25,667 | remaining: 5571s
step 101360 (74.2%) | loss: 8.8652 | gnorm: 1.9301 | dt: 159ms | tok/s: 25,683 | remaining: 5568s
step 101380 (74.2%) | loss: 9.9108 | gnorm: 4.1618 | dt: 159ms | tok/s: 25,684 | remaining: 5565s
step 101400 (74.3%) | loss: 9.3556 | gnorm: 2.1846 | dt: 161ms | tok/s: 25,376 | remaining: 5562s
step 101420 (74.3%) | loss: 9.7238 | gnorm: 3.5527 | dt: 161ms | tok/s: 25,389 | remaining: 5558s
step 101440 (74.3%) | loss: 9.3708 | gnorm: 1.8504 | dt: 158ms | tok/s: 25,952 | remaining: 5555s
step 101460 (74.3%) | loss: 10.1258 | gnorm: 4.2763 | dt: 158ms | tok/s: 25,867 | remaining: 5552s
step 101480 (74.3%) | loss: 9.4593 | gnorm: 1.6889 | dt: 158ms | tok/s: 25,891 | remaining: 5549s
step 101500 (74.3%) | loss: 9.5944 | gnorm: 4.1434 | dt: 157ms | tok/s: 26,136 | remaining: 5546s
step 101520 (74.3%) | loss: 9.8077 | gnorm: 2.1361 | dt: 160ms | tok/s: 25,582 | remaining: 5542s
step 101540 (74.4%) | loss: 8.8109 | gnorm: 3.4573 | dt: 162ms | tok/s: 25,327 | remaining: 5539s
step 101560 (74.4%) | loss: 9.2092 | gnorm: 2.1560 | dt: 162ms | tok/s: 25,287 | remaining: 5536s
step 101580 (74.4%) | loss: 9.3440 | gnorm: 4.1127 | dt: 162ms | tok/s: 25,271 | remaining: 5533s
step 101600 (74.4%) | loss: 9.4954 | gnorm: 1.9960 | dt: 159ms | tok/s: 25,758 | remaining: 5530s
step 101620 (74.4%) | loss: 10.1255 | gnorm: 3.7114 | dt: 160ms | tok/s: 25,667 | remaining: 5526s
step 101640 (74.4%) | loss: 9.6865 | gnorm: 2.1237 | dt: 160ms | tok/s: 25,569 | remaining: 5523s
step 101660 (74.4%) | loss: 8.6222 | gnorm: 4.1101 | dt: 159ms | tok/s: 25,789 | remaining: 5520s
step 101680 (74.5%) | loss: 8.7425 | gnorm: 1.8686 | dt: 160ms | tok/s: 25,562 | remaining: 5517s
step 101700 (74.5%) | loss: 8.7946 | gnorm: 4.2604 | dt: 160ms | tok/s: 25,606 | remaining: 5514s
step 101720 (74.5%) | loss: 9.3973 | gnorm: 2.1260 | dt: 161ms | tok/s: 25,475 | remaining: 5510s
step 101740 (74.5%) | loss: 9.8995 | gnorm: 3.9222 | dt: 161ms | tok/s: 25,433 | remaining: 5507s
step 101760 (74.5%) | loss: 8.8562 | gnorm: 2.1773 | dt: 162ms | tok/s: 25,215 | remaining: 5504s
step 101780 (74.5%) | loss: 9.8708 | gnorm: 4.2881 | dt: 161ms | tok/s: 25,396 | remaining: 5501s
step 101800 (74.5%) | loss: 9.5435 | gnorm: 2.0365 | dt: 158ms | tok/s: 25,897 | remaining: 5498s
step 101820 (74.6%) | loss: 9.5085 | gnorm: 3.7927 | dt: 160ms | tok/s: 25,652 | remaining: 5494s
step 101840 (74.6%) | loss: 9.7167 | gnorm: 1.8643 | dt: 157ms | tok/s: 26,059 | remaining: 5491s
step 101860 (74.6%) | loss: 8.9700 | gnorm: 4.5761 | dt: 159ms | tok/s: 25,715 | remaining: 5488s
step 101880 (74.6%) | loss: 10.1319 | gnorm: 2.2134 | dt: 160ms | tok/s: 25,603 | remaining: 5485s
step 101900 (74.6%) | loss: 9.8646 | gnorm: 4.4185 | dt: 170ms | tok/s: 24,060 | remaining: 5481s
step 101920 (74.6%) | loss: 9.3759 | gnorm: 2.0001 | dt: 161ms | tok/s: 25,505 | remaining: 5478s
step 101940 (74.7%) | loss: 9.9028 | gnorm: 4.9461 | dt: 160ms | tok/s: 25,524 | remaining: 5475s
step 101960 (74.7%) | loss: 9.5116 | gnorm: 1.9093 | dt: 160ms | tok/s: 25,531 | remaining: 5472s
step 101980 (74.7%) | loss: 9.5800 | gnorm: 5.3653 | dt: 162ms | tok/s: 25,223 | remaining: 5469s
step 102000 (74.7%) | loss: 9.5817 | gnorm: 2.2146 | dt: 161ms | tok/s: 25,504 | remaining: 5465s
step 102020 (74.7%) | loss: 10.7507 | gnorm: 4.5638 | dt: 158ms | tok/s: 25,972 | remaining: 5462s
step 102040 (74.7%) | loss: 9.3895 | gnorm: 1.7047 | dt: 159ms | tok/s: 25,807 | remaining: 5459s
step 102060 (74.7%) | loss: 10.1172 | gnorm: 3.4587 | dt: 167ms | tok/s: 24,525 | remaining: 5456s
step 102080 (74.8%) | loss: 9.1057 | gnorm: 2.1097 | dt: 160ms | tok/s: 25,656 | remaining: 5453s
step 102100 (74.8%) | loss: 11.1354 | gnorm: 4.9778 | dt: 160ms | tok/s: 25,616 | remaining: 5450s
step 102120 (74.8%) | loss: 9.5001 | gnorm: 2.1241 | dt: 159ms | tok/s: 25,701 | remaining: 5446s
step 102140 (74.8%) | loss: 9.4162 | gnorm: 4.1626 | dt: 162ms | tok/s: 25,221 | remaining: 5443s
step 102160 (74.8%) | loss: 13.6360 | gnorm: 2.3171 | dt: 159ms | tok/s: 25,799 | remaining: 5440s
step 102180 (74.8%) | loss: 10.6826 | gnorm: 4.0845 | dt: 157ms | tok/s: 26,120 | remaining: 5437s
step 102200 (74.8%) | loss: 9.8134 | gnorm: 2.3305 | dt: 159ms | tok/s: 25,770 | remaining: 5434s
step 102220 (74.9%) | loss: 9.8523 | gnorm: 5.0436 | dt: 159ms | tok/s: 25,802 | remaining: 5430s
step 102240 (74.9%) | loss: 9.5825 | gnorm: 1.7653 | dt: 159ms | tok/s: 25,699 | remaining: 5427s
step 102260 (74.9%) | loss: 8.8598 | gnorm: 3.9399 | dt: 159ms | tok/s: 25,716 | remaining: 5424s
step 102280 (74.9%) | loss: 9.1399 | gnorm: 2.2747 | dt: 162ms | tok/s: 25,314 | remaining: 5421s
step 102300 (74.9%) | loss: 9.4574 | gnorm: 3.9161 | dt: 164ms | tok/s: 25,020 | remaining: 5418s
step 102320 (74.9%) | loss: 8.9268 | gnorm: 1.9152 | dt: 161ms | tok/s: 25,374 | remaining: 5414s
step 102340 (74.9%) | loss: 9.5320 | gnorm: 3.4811 | dt: 157ms | tok/s: 26,023 | remaining: 5411s
step 102360 (75.0%) | loss: 9.3175 | gnorm: 2.1808 | dt: 158ms | tok/s: 25,897 | remaining: 5408s
step 102380 (75.0%) | loss: 9.0639 | gnorm: 4.9402 | dt: 159ms | tok/s: 25,767 | remaining: 5405s
step 102400 (75.0%) | loss: 9.9338 | gnorm: 2.0786 | dt: 160ms | tok/s: 25,656 | remaining: 5402s
step 102420 (75.0%) | loss: 9.3058 | gnorm: 3.6844 | dt: 160ms | tok/s: 25,668 | remaining: 5398s
step 102440 (75.0%) | loss: 8.8555 | gnorm: 2.0196 | dt: 159ms | tok/s: 25,761 | remaining: 5395s
step 102460 (75.0%) | loss: 8.8503 | gnorm: 3.5504 | dt: 162ms | tok/s: 25,298 | remaining: 5392s
step 102480 (75.1%) | loss: 9.8920 | gnorm: 1.8032 | dt: 162ms | tok/s: 25,245 | remaining: 5389s
step 102500 (75.1%) | loss: 10.5277 | gnorm: 4.8198 | dt: 161ms | tok/s: 25,422 | remaining: 5386s
step 102520 (75.1%) | loss: 9.4354 | gnorm: 1.8803 | dt: 157ms | tok/s: 26,064 | remaining: 5382s
step 102540 (75.1%) | loss: 9.9263 | gnorm: 4.7218 | dt: 159ms | tok/s: 25,812 | remaining: 5379s
step 102560 (75.1%) | loss: 9.3366 | gnorm: 1.8623 | dt: 158ms | tok/s: 25,921 | remaining: 5376s
step 102580 (75.1%) | loss: 9.7641 | gnorm: 3.8717 | dt: 159ms | tok/s: 25,740 | remaining: 5373s
step 102600 (75.1%) | loss: 9.2259 | gnorm: 1.9597 | dt: 160ms | tok/s: 25,602 | remaining: 5370s
step 102620 (75.2%) | loss: 8.6577 | gnorm: 3.9621 | dt: 160ms | tok/s: 25,585 | remaining: 5366s
step 102640 (75.2%) | loss: 9.2882 | gnorm: 2.0487 | dt: 161ms | tok/s: 25,518 | remaining: 5363s
step 102660 (75.2%) | loss: 10.3638 | gnorm: 3.5667 | dt: 163ms | tok/s: 25,197 | remaining: 5360s
step 102680 (75.2%) | loss: 9.7164 | gnorm: 2.1232 | dt: 162ms | tok/s: 25,275 | remaining: 5357s
step 102700 (75.2%) | loss: 10.5521 | gnorm: 4.9617 | dt: 159ms | tok/s: 25,818 | remaining: 5354s
step 102720 (75.2%) | loss: 8.4859 | gnorm: 2.0633 | dt: 158ms | tok/s: 25,857 | remaining: 5350s
step 102740 (75.2%) | loss: 9.0323 | gnorm: 3.6397 | dt: 160ms | tok/s: 25,628 | remaining: 5347s
step 102760 (75.3%) | loss: 9.4665 | gnorm: 2.0502 | dt: 159ms | tok/s: 25,747 | remaining: 5344s
step 102780 (75.3%) | loss: 10.2993 | gnorm: 4.2756 | dt: 159ms | tok/s: 25,706 | remaining: 5341s
step 102800 (75.3%) | loss: 8.7332 | gnorm: 1.9854 | dt: 160ms | tok/s: 25,662 | remaining: 5337s
step 102820 (75.3%) | loss: 9.2159 | gnorm: 4.9405 | dt: 161ms | tok/s: 25,412 | remaining: 5334s
step 102840 (75.3%) | loss: 9.1381 | gnorm: 1.9766 | dt: 161ms | tok/s: 25,400 | remaining: 5331s
step 102860 (75.3%) | loss: 9.2051 | gnorm: 3.9984 | dt: 163ms | tok/s: 25,179 | remaining: 5328s
step 102880 (75.3%) | loss: 8.9441 | gnorm: 1.7537 | dt: 163ms | tok/s: 25,108 | remaining: 5325s
step 102900 (75.4%) | loss: 9.0803 | gnorm: 4.6160 | dt: 161ms | tok/s: 25,469 | remaining: 5321s
step 102920 (75.4%) | loss: 9.3020 | gnorm: 2.3719 | dt: 158ms | tok/s: 25,876 | remaining: 5318s
step 102940 (75.4%) | loss: 9.2842 | gnorm: 3.9799 | dt: 159ms | tok/s: 25,828 | remaining: 5315s
step 102960 (75.4%) | loss: 10.0767 | gnorm: 1.8628 | dt: 160ms | tok/s: 25,650 | remaining: 5312s
step 102980 (75.4%) | loss: 9.1779 | gnorm: 4.1790 | dt: 158ms | tok/s: 25,973 | remaining: 5309s
step 103000 (75.4%) | loss: 9.1668 | gnorm: 2.1473 | dt: 158ms | tok/s: 25,944 | remaining: 5305s
step 103020 (75.5%) | loss: 8.5153 | gnorm: 5.1590 | dt: 160ms | tok/s: 25,550 | remaining: 5302s
step 103040 (75.5%) | loss: 8.9232 | gnorm: 2.0735 | dt: 161ms | tok/s: 25,439 | remaining: 5299s
step 103060 (75.5%) | loss: 8.9962 | gnorm: 3.7626 | dt: 163ms | tok/s: 25,117 | remaining: 5296s
step 103080 (75.5%) | loss: 8.8070 | gnorm: 2.0863 | dt: 162ms | tok/s: 25,236 | remaining: 5293s
step 103100 (75.5%) | loss: 9.0713 | gnorm: 3.4654 | dt: 161ms | tok/s: 25,461 | remaining: 5289s
step 103120 (75.5%) | loss: 8.7891 | gnorm: 2.1541 | dt: 158ms | tok/s: 25,983 | remaining: 5286s
step 103140 (75.5%) | loss: 9.3039 | gnorm: 4.3595 | dt: 159ms | tok/s: 25,776 | remaining: 5283s
step 103160 (75.6%) | loss: 9.0658 | gnorm: 1.8792 | dt: 159ms | tok/s: 25,798 | remaining: 5280s
step 103180 (75.6%) | loss: 8.6542 | gnorm: 4.5854 | dt: 159ms | tok/s: 25,739 | remaining: 5277s
step 103200 (75.6%) | loss: 8.6039 | gnorm: 2.1941 | dt: 160ms | tok/s: 25,659 | remaining: 5273s
step 103220 (75.6%) | loss: 8.6190 | gnorm: 3.6104 | dt: 160ms | tok/s: 25,588 | remaining: 5270s
step 103240 (75.6%) | loss: 8.8248 | gnorm: 2.1284 | dt: 161ms | tok/s: 25,371 | remaining: 5267s
step 103260 (75.6%) | loss: 9.5088 | gnorm: 3.4425 | dt: 162ms | tok/s: 25,263 | remaining: 5264s
step 103280 (75.6%) | loss: 9.4033 | gnorm: 2.0773 | dt: 161ms | tok/s: 25,506 | remaining: 5261s
step 103300 (75.7%) | loss: 9.4316 | gnorm: 3.6883 | dt: 160ms | tok/s: 25,570 | remaining: 5257s
step 103320 (75.7%) | loss: 9.6119 | gnorm: 2.2518 | dt: 158ms | tok/s: 25,918 | remaining: 5254s
step 103340 (75.7%) | loss: 10.0536 | gnorm: 3.8898 | dt: 159ms | tok/s: 25,733 | remaining: 5251s
step 103360 (75.7%) | loss: 9.3977 | gnorm: 1.8071 | dt: 158ms | tok/s: 25,868 | remaining: 5248s
step 103380 (75.7%) | loss: 9.6952 | gnorm: 4.6612 | dt: 161ms | tok/s: 25,424 | remaining: 5244s
step 103400 (75.7%) | loss: 9.4312 | gnorm: 1.7572 | dt: 161ms | tok/s: 25,452 | remaining: 5241s
step 103420 (75.7%) | loss: 9.9695 | gnorm: 4.2797 | dt: 160ms | tok/s: 25,542 | remaining: 5238s
step 103440 (75.8%) | loss: 9.1445 | gnorm: 1.7820 | dt: 160ms | tok/s: 25,592 | remaining: 5235s
step 103460 (75.8%) | loss: 10.0295 | gnorm: 3.9164 | dt: 162ms | tok/s: 25,336 | remaining: 5232s
step 103480 (75.8%) | loss: 9.2683 | gnorm: 2.1968 | dt: 164ms | tok/s: 25,012 | remaining: 5228s
step 103500 (75.8%) | loss: 9.5606 | gnorm: 3.7995 | dt: 160ms | tok/s: 25,677 | remaining: 5225s
step 103520 (75.8%) | loss: 9.1452 | gnorm: 2.5559 | dt: 159ms | tok/s: 25,812 | remaining: 5222s
step 103540 (75.8%) | loss: 9.8097 | gnorm: 3.7939 | dt: 159ms | tok/s: 25,734 | remaining: 5219s
step 103560 (75.9%) | loss: 9.4464 | gnorm: 1.8890 | dt: 164ms | tok/s: 25,036 | remaining: 5216s
step 103580 (75.9%) | loss: 9.6222 | gnorm: 4.7928 | dt: 159ms | tok/s: 25,704 | remaining: 5212s
step 103600 (75.9%) | loss: 9.2780 | gnorm: 2.0963 | dt: 160ms | tok/s: 25,596 | remaining: 5209s
step 103620 (75.9%) | loss: 10.5897 | gnorm: 4.8000 | dt: 161ms | tok/s: 25,367 | remaining: 5206s
step 103640 (75.9%) | loss: 10.1305 | gnorm: 2.3186 | dt: 161ms | tok/s: 25,512 | remaining: 5203s
step 103660 (75.9%) | loss: 10.0326 | gnorm: 3.7899 | dt: 162ms | tok/s: 25,216 | remaining: 5200s
step 103680 (75.9%) | loss: 9.2936 | gnorm: 1.9233 | dt: 159ms | tok/s: 25,696 | remaining: 5196s
step 103700 (76.0%) | loss: 9.4312 | gnorm: 4.2459 | dt: 157ms | tok/s: 26,067 | remaining: 5193s
step 103720 (76.0%) | loss: 8.8984 | gnorm: 1.9525 | dt: 159ms | tok/s: 25,691 | remaining: 5190s
step 103740 (76.0%) | loss: 9.8713 | gnorm: 3.9826 | dt: 158ms | tok/s: 25,858 | remaining: 5187s
step 103760 (76.0%) | loss: 9.3631 | gnorm: 1.9760 | dt: 159ms | tok/s: 25,762 | remaining: 5184s
step 103780 (76.0%) | loss: 9.7964 | gnorm: 5.3300 | dt: 160ms | tok/s: 25,569 | remaining: 5180s
step 103800 (76.0%) | loss: 9.6379 | gnorm: 2.2508 | dt: 161ms | tok/s: 25,402 | remaining: 5177s
step 103820 (76.0%) | loss: 11.5293 | gnorm: 3.9523 | dt: 162ms | tok/s: 25,319 | remaining: 5174s
step 103840 (76.1%) | loss: 9.3539 | gnorm: 1.7696 | dt: 164ms | tok/s: 24,943 | remaining: 5171s
step 103860 (76.1%) | loss: 10.1183 | gnorm: 3.9627 | dt: 158ms | tok/s: 25,927 | remaining: 5168s
step 103880 (76.1%) | loss: 9.6502 | gnorm: 2.0773 | dt: 158ms | tok/s: 25,946 | remaining: 5164s
step 103900 (76.1%) | loss: 9.9657 | gnorm: 3.9189 | dt: 159ms | tok/s: 25,739 | remaining: 5161s
step 103920 (76.1%) | loss: 9.7859 | gnorm: 2.1809 | dt: 159ms | tok/s: 25,758 | remaining: 5158s
step 103940 (76.1%) | loss: 9.3438 | gnorm: 3.8602 | dt: 158ms | tok/s: 25,971 | remaining: 5155s
step 103960 (76.1%) | loss: 10.0804 | gnorm: 1.7525 | dt: 159ms | tok/s: 25,692 | remaining: 5152s
step 103980 (76.2%) | loss: 9.8691 | gnorm: 3.8757 | dt: 160ms | tok/s: 25,526 | remaining: 5148s
step 104000 (76.2%) | loss: 8.9468 | gnorm: 1.7787 | dt: 163ms | tok/s: 25,200 | remaining: 5145s
step 104020 (76.2%) | loss: 10.3187 | gnorm: 4.0494 | dt: 157ms | tok/s: 26,143 | remaining: 5142s
step 104040 (76.2%) | loss: 9.1373 | gnorm: 1.9860 | dt: 159ms | tok/s: 25,822 | remaining: 5139s
step 104060 (76.2%) | loss: 9.6251 | gnorm: 4.1827 | dt: 158ms | tok/s: 25,918 | remaining: 5136s
step 104080 (76.2%) | loss: 9.0859 | gnorm: 1.8967 | dt: 160ms | tok/s: 25,677 | remaining: 5132s
step 104100 (76.3%) | loss: 9.2720 | gnorm: 3.5561 | dt: 160ms | tok/s: 25,661 | remaining: 5129s
step 104120 (76.3%) | loss: 9.2863 | gnorm: 1.8322 | dt: 159ms | tok/s: 25,701 | remaining: 5126s
step 104140 (76.3%) | loss: 10.6514 | gnorm: 4.5268 | dt: 159ms | tok/s: 25,713 | remaining: 5123s
step 104160 (76.3%) | loss: 10.0286 | gnorm: 1.8849 | dt: 162ms | tok/s: 25,325 | remaining: 5120s
step 104180 (76.3%) | loss: 9.8780 | gnorm: 4.1223 | dt: 160ms | tok/s: 25,526 | remaining: 5116s
step 104200 (76.3%) | loss: 9.6214 | gnorm: 1.7873 | dt: 162ms | tok/s: 25,219 | remaining: 5113s
step 104220 (76.3%) | loss: 10.0174 | gnorm: 3.7235 | dt: 159ms | tok/s: 25,744 | remaining: 5110s
step 104240 (76.4%) | loss: 9.8902 | gnorm: 2.4123 | dt: 158ms | tok/s: 26,006 | remaining: 5107s
step 104260 (76.4%) | loss: 9.3165 | gnorm: 3.4467 | dt: 158ms | tok/s: 25,885 | remaining: 5104s
step 104280 (76.4%) | loss: 8.9758 | gnorm: 1.8917 | dt: 161ms | tok/s: 25,435 | remaining: 5100s
step 104300 (76.4%) | loss: 8.9413 | gnorm: 4.1873 | dt: 160ms | tok/s: 25,580 | remaining: 5097s
step 104320 (76.4%) | loss: 9.2004 | gnorm: 1.9485 | dt: 162ms | tok/s: 25,349 | remaining: 5094s
step 104340 (76.4%) | loss: 8.9377 | gnorm: 3.7335 | dt: 160ms | tok/s: 25,554 | remaining: 5091s
step 104360 (76.4%) | loss: 8.8627 | gnorm: 1.6199 | dt: 163ms | tok/s: 25,109 | remaining: 5088s
step 104380 (76.5%) | loss: 9.7216 | gnorm: 3.5969 | dt: 164ms | tok/s: 25,013 | remaining: 5084s
step 104400 (76.5%) | loss: 9.2958 | gnorm: 1.8572 | dt: 162ms | tok/s: 25,230 | remaining: 5081s
step 104420 (76.5%) | loss: 9.8682 | gnorm: 4.2117 | dt: 159ms | tok/s: 25,740 | remaining: 5078s
step 104440 (76.5%) | loss: 9.4022 | gnorm: 2.3868 | dt: 160ms | tok/s: 25,619 | remaining: 5075s
step 104460 (76.5%) | loss: 10.4853 | gnorm: 4.7527 | dt: 160ms | tok/s: 25,535 | remaining: 5072s
step 104480 (76.5%) | loss: 9.9657 | gnorm: 2.2697 | dt: 160ms | tok/s: 25,588 | remaining: 5068s
step 104500 (76.5%) | loss: 9.8717 | gnorm: 4.6667 | dt: 167ms | tok/s: 24,570 | remaining: 5065s
step 104520 (76.6%) | loss: 9.9776 | gnorm: 2.3866 | dt: 160ms | tok/s: 25,548 | remaining: 5062s
step 104540 (76.6%) | loss: 9.8771 | gnorm: 3.6914 | dt: 163ms | tok/s: 25,195 | remaining: 5059s
step 104560 (76.6%) | loss: 8.6212 | gnorm: 1.9024 | dt: 162ms | tok/s: 25,259 | remaining: 5056s
step 104580 (76.6%) | loss: 10.2412 | gnorm: 4.5738 | dt: 156ms | tok/s: 26,255 | remaining: 5052s
step 104600 (76.6%) | loss: 12.3336 | gnorm: 1.7970 | dt: 158ms | tok/s: 25,963 | remaining: 5049s
step 104620 (76.6%) | loss: 9.2461 | gnorm: 4.6976 | dt: 159ms | tok/s: 25,719 | remaining: 5046s
step 104640 (76.7%) | loss: 8.3516 | gnorm: 2.2482 | dt: 157ms | tok/s: 26,138 | remaining: 5043s
step 104660 (76.7%) | loss: 8.6852 | gnorm: 3.8212 | dt: 158ms | tok/s: 25,931 | remaining: 5040s
step 104680 (76.7%) | loss: 9.7339 | gnorm: 3.2678 | dt: 162ms | tok/s: 25,269 | remaining: 5036s
step 104700 (76.7%) | loss: 10.7142 | gnorm: 4.1937 | dt: 160ms | tok/s: 25,597 | remaining: 5033s
step 104720 (76.7%) | loss: 9.0860 | gnorm: 2.0838 | dt: 162ms | tok/s: 25,302 | remaining: 5030s
step 104740 (76.7%) | loss: 9.6006 | gnorm: 4.9824 | dt: 163ms | tok/s: 25,126 | remaining: 5027s
step 104760 (76.7%) | loss: 9.9742 | gnorm: 2.1926 | dt: 158ms | tok/s: 25,922 | remaining: 5024s
step 104780 (76.8%) | loss: 9.3789 | gnorm: 4.0848 | dt: 157ms | tok/s: 26,150 | remaining: 5020s
step 104800 (76.8%) | loss: 9.4240 | gnorm: 2.4820 | dt: 160ms | tok/s: 25,652 | remaining: 5017s
step 104820 (76.8%) | loss: 9.8105 | gnorm: 4.9903 | dt: 159ms | tok/s: 25,827 | remaining: 5014s
step 104840 (76.8%) | loss: 9.5091 | gnorm: 1.6328 | dt: 160ms | tok/s: 25,676 | remaining: 5011s
step 104860 (76.8%) | loss: 9.3186 | gnorm: 3.7776 | dt: 159ms | tok/s: 25,684 | remaining: 5008s
step 104880 (76.8%) | loss: 9.7506 | gnorm: 1.8535 | dt: 160ms | tok/s: 25,641 | remaining: 5004s
step 104900 (76.8%) | loss: 9.8109 | gnorm: 4.0915 | dt: 161ms | tok/s: 25,493 | remaining: 5001s
step 104920 (76.9%) | loss: 9.7197 | gnorm: 2.6884 | dt: 162ms | tok/s: 25,335 | remaining: 4998s
step 104940 (76.9%) | loss: 9.4005 | gnorm: 3.1314 | dt: 160ms | tok/s: 25,554 | remaining: 4995s
step 104960 (76.9%) | loss: 9.5937 | gnorm: 1.6555 | dt: 157ms | tok/s: 26,026 | remaining: 4991s
step 104980 (76.9%) | loss: 9.6163 | gnorm: 4.0519 | dt: 159ms | tok/s: 25,730 | remaining: 4988s
step 105000 (76.9%) | loss: 8.8251 | gnorm: 1.8475 | dt: 159ms | tok/s: 25,760 | remaining: 4985s
step 105020 (76.9%) | loss: 10.3048 | gnorm: 3.9318 | dt: 158ms | tok/s: 25,921 | remaining: 4982s
step 105040 (76.9%) | loss: 9.8891 | gnorm: 1.9983 | dt: 159ms | tok/s: 25,753 | remaining: 4979s
step 105060 (77.0%) | loss: 10.1405 | gnorm: 4.1692 | dt: 160ms | tok/s: 25,610 | remaining: 4975s
step 105080 (77.0%) | loss: 9.5720 | gnorm: 1.8370 | dt: 160ms | tok/s: 25,620 | remaining: 4972s
step 105100 (77.0%) | loss: 9.7227 | gnorm: 3.6681 | dt: 161ms | tok/s: 25,464 | remaining: 4969s
step 105120 (77.0%) | loss: 8.9389 | gnorm: 1.9333 | dt: 161ms | tok/s: 25,425 | remaining: 4966s
step 105140 (77.0%) | loss: 8.1962 | gnorm: 3.9223 | dt: 158ms | tok/s: 25,980 | remaining: 4963s
step 105160 (77.0%) | loss: 8.1716 | gnorm: 2.2115 | dt: 158ms | tok/s: 25,957 | remaining: 4959s
step 105180 (77.1%) | loss: 9.4874 | gnorm: 3.3977 | dt: 157ms | tok/s: 26,172 | remaining: 4956s
step 105200 (77.1%) | loss: 8.8103 | gnorm: 2.1415 | dt: 160ms | tok/s: 25,569 | remaining: 4953s
step 105220 (77.1%) | loss: 9.3914 | gnorm: 3.7589 | dt: 160ms | tok/s: 25,634 | remaining: 4950s
step 105240 (77.1%) | loss: 9.5744 | gnorm: 1.9033 | dt: 160ms | tok/s: 25,559 | remaining: 4947s
step 105260 (77.1%) | loss: 11.8731 | gnorm: 4.0897 | dt: 162ms | tok/s: 25,299 | remaining: 4944s
step 105280 (77.1%) | loss: 10.3996 | gnorm: 1.6460 | dt: 162ms | tok/s: 25,348 | remaining: 4940s
step 105300 (77.1%) | loss: 10.3097 | gnorm: 4.9090 | dt: 158ms | tok/s: 25,985 | remaining: 4937s
step 105320 (77.2%) | loss: 9.8480 | gnorm: 1.9156 | dt: 155ms | tok/s: 26,504 | remaining: 4934s
step 105340 (77.2%) | loss: 9.8313 | gnorm: 3.9550 | dt: 156ms | tok/s: 26,286 | remaining: 4931s
step 105360 (77.2%) | loss: 9.4669 | gnorm: 2.1462 | dt: 159ms | tok/s: 25,799 | remaining: 4928s
step 105380 (77.2%) | loss: 10.3727 | gnorm: 3.8862 | dt: 159ms | tok/s: 25,703 | remaining: 4924s
step 105400 (77.2%) | loss: 9.5419 | gnorm: 1.9082 | dt: 160ms | tok/s: 25,653 | remaining: 4921s
step 105420 (77.2%) | loss: 9.7241 | gnorm: 3.7363 | dt: 161ms | tok/s: 25,478 | remaining: 4918s
step 105440 (77.2%) | loss: 9.4192 | gnorm: 1.8028 | dt: 162ms | tok/s: 25,242 | remaining: 4915s
step 105460 (77.3%) | loss: 9.3377 | gnorm: 4.6626 | dt: 161ms | tok/s: 25,441 | remaining: 4912s
step 105480 (77.3%) | loss: 9.7378 | gnorm: 1.6891 | dt: 159ms | tok/s: 25,811 | remaining: 4908s
step 105500 (77.3%) | loss: 10.7056 | gnorm: 4.9979 | dt: 160ms | tok/s: 25,532 | remaining: 4905s
step 105520 (77.3%) | loss: 9.9083 | gnorm: 2.1486 | dt: 159ms | tok/s: 25,750 | remaining: 4902s
step 105540 (77.3%) | loss: 10.2763 | gnorm: 4.6165 | dt: 159ms | tok/s: 25,795 | remaining: 4899s
step 105560 (77.3%) | loss: 9.8671 | gnorm: 2.5082 | dt: 162ms | tok/s: 25,303 | remaining: 4896s
step 105580 (77.3%) | loss: 10.2767 | gnorm: 3.4853 | dt: 161ms | tok/s: 25,391 | remaining: 4892s
step 105600 (77.4%) | loss: 9.7798 | gnorm: 1.9042 | dt: 160ms | tok/s: 25,569 | remaining: 4889s
step 105620 (77.4%) | loss: 10.0443 | gnorm: 4.2632 | dt: 154ms | tok/s: 26,549 | remaining: 4886s
step 105640 (77.4%) | loss: 9.3967 | gnorm: 1.8825 | dt: 162ms | tok/s: 25,252 | remaining: 4883s
step 105660 (77.4%) | loss: 10.4758 | gnorm: 4.4037 | dt: 159ms | tok/s: 25,817 | remaining: 4880s
step 105680 (77.4%) | loss: 9.5051 | gnorm: 1.8471 | dt: 157ms | tok/s: 26,071 | remaining: 4876s
step 105700 (77.4%) | loss: 10.0351 | gnorm: 5.3069 | dt: 158ms | tok/s: 25,959 | remaining: 4873s
step 105720 (77.5%) | loss: 9.2190 | gnorm: 1.9254 | dt: 160ms | tok/s: 25,658 | remaining: 4870s
step 105740 (77.5%) | loss: 9.1775 | gnorm: 3.3906 | dt: 159ms | tok/s: 25,733 | remaining: 4867s
step 105760 (77.5%) | loss: 10.0195 | gnorm: 1.7742 | dt: 161ms | tok/s: 25,515 | remaining: 4864s
step 105780 (77.5%) | loss: 10.1581 | gnorm: 4.7796 | dt: 163ms | tok/s: 25,058 | remaining: 4860s
step 105800 (77.5%) | loss: 9.3402 | gnorm: 2.2878 | dt: 161ms | tok/s: 25,450 | remaining: 4857s
step 105820 (77.5%) | loss: 11.5608 | gnorm: 3.8516 | dt: 158ms | tok/s: 25,982 | remaining: 4854s
step 105840 (77.5%) | loss: 10.2004 | gnorm: 2.0346 | dt: 159ms | tok/s: 25,707 | remaining: 4851s
step 105860 (77.6%) | loss: 9.6095 | gnorm: 4.1235 | dt: 159ms | tok/s: 25,737 | remaining: 4848s
step 105880 (77.6%) | loss: 8.9599 | gnorm: 2.0863 | dt: 160ms | tok/s: 25,609 | remaining: 4844s
step 105900 (77.6%) | loss: 10.2295 | gnorm: 4.1721 | dt: 161ms | tok/s: 25,463 | remaining: 4841s
step 105920 (77.6%) | loss: 9.1439 | gnorm: 1.7600 | dt: 161ms | tok/s: 25,447 | remaining: 4838s
step 105940 (77.6%) | loss: 10.1884 | gnorm: 3.7549 | dt: 163ms | tok/s: 25,136 | remaining: 4835s
step 105960 (77.6%) | loss: 9.3449 | gnorm: 2.0062 | dt: 160ms | tok/s: 25,602 | remaining: 4832s
step 105980 (77.6%) | loss: 9.3385 | gnorm: 3.6743 | dt: 158ms | tok/s: 25,990 | remaining: 4828s
step 106000 (77.7%) | loss: 9.2565 | gnorm: 1.7586 | dt: 159ms | tok/s: 25,815 | remaining: 4825s
step 106020 (77.7%) | loss: 9.9325 | gnorm: 3.8681 | dt: 159ms | tok/s: 25,806 | remaining: 4822s
step 106040 (77.7%) | loss: 8.7171 | gnorm: 1.7831 | dt: 159ms | tok/s: 25,783 | remaining: 4819s
step 106060 (77.7%) | loss: 9.2579 | gnorm: 3.7567 | dt: 161ms | tok/s: 25,495 | remaining: 4816s
step 106080 (77.7%) | loss: 9.7998 | gnorm: 1.9111 | dt: 162ms | tok/s: 25,303 | remaining: 4813s
step 106100 (77.7%) | loss: 9.9127 | gnorm: 4.2397 | dt: 161ms | tok/s: 25,381 | remaining: 4809s
step 106120 (77.7%) | loss: 9.2230 | gnorm: 1.9274 | dt: 157ms | tok/s: 26,113 | remaining: 4806s
step 106140 (77.8%) | loss: 10.3596 | gnorm: 4.0132 | dt: 158ms | tok/s: 25,878 | remaining: 4803s
step 106160 (77.8%) | loss: 9.0918 | gnorm: 2.0414 | dt: 158ms | tok/s: 25,930 | remaining: 4800s
step 106180 (77.8%) | loss: 8.3277 | gnorm: 3.2477 | dt: 159ms | tok/s: 25,791 | remaining: 4797s
step 106200 (77.8%) | loss: 8.8804 | gnorm: 1.8953 | dt: 160ms | tok/s: 25,532 | remaining: 4793s
step 106220 (77.8%) | loss: 10.2047 | gnorm: 3.5169 | dt: 160ms | tok/s: 25,587 | remaining: 4790s
step 106240 (77.8%) | loss: 9.2692 | gnorm: 1.8606 | dt: 162ms | tok/s: 25,223 | remaining: 4787s
step 106260 (77.9%) | loss: 9.4827 | gnorm: 3.7229 | dt: 157ms | tok/s: 26,052 | remaining: 4784s
step 106280 (77.9%) | loss: 8.9201 | gnorm: 1.7300 | dt: 158ms | tok/s: 25,955 | remaining: 4781s
step 106300 (77.9%) | loss: 9.9948 | gnorm: 4.6625 | dt: 159ms | tok/s: 25,814 | remaining: 4777s
step 106320 (77.9%) | loss: 9.4299 | gnorm: 2.3912 | dt: 160ms | tok/s: 25,679 | remaining: 4774s
step 106340 (77.9%) | loss: 10.1252 | gnorm: 4.4292 | dt: 159ms | tok/s: 25,722 | remaining: 4771s
step 106360 (77.9%) | loss: 9.2738 | gnorm: 1.8014 | dt: 160ms | tok/s: 25,622 | remaining: 4768s
step 106380 (77.9%) | loss: 9.5408 | gnorm: 3.3903 | dt: 164ms | tok/s: 25,025 | remaining: 4765s
step 106400 (78.0%) | loss: 9.2661 | gnorm: 1.5692 | dt: 157ms | tok/s: 26,030 | remaining: 4762s
step 106420 (78.0%) | loss: 9.9763 | gnorm: 3.8112 | dt: 158ms | tok/s: 25,866 | remaining: 4758s
step 106440 (78.0%) | loss: 9.9534 | gnorm: 1.9867 | dt: 159ms | tok/s: 25,828 | remaining: 4755s
step 106460 (78.0%) | loss: 9.5855 | gnorm: 3.9003 | dt: 159ms | tok/s: 25,837 | remaining: 4752s
step 106480 (78.0%) | loss: 10.4534 | gnorm: 2.8154 | dt: 160ms | tok/s: 25,584 | remaining: 4749s
step 106500 (78.0%) | loss: 11.2768 | gnorm: 3.7817 | dt: 162ms | tok/s: 25,317 | remaining: 4746s
step 106520 (78.0%) | loss: 9.7251 | gnorm: 1.9457 | dt: 160ms | tok/s: 25,544 | remaining: 4742s
step 106540 (78.1%) | loss: 10.7247 | gnorm: 4.5010 | dt: 156ms | tok/s: 26,256 | remaining: 4739s
step 106560 (78.1%) | loss: 9.3461 | gnorm: 2.2055 | dt: 157ms | tok/s: 26,009 | remaining: 4736s
step 106580 (78.1%) | loss: 9.5215 | gnorm: 3.6569 | dt: 158ms | tok/s: 25,844 | remaining: 4733s
step 106600 (78.1%) | loss: 9.3318 | gnorm: 2.1917 | dt: 158ms | tok/s: 25,900 | remaining: 4730s
step 106620 (78.1%) | loss: 11.1612 | gnorm: 3.9244 | dt: 161ms | tok/s: 25,412 | remaining: 4727s
step 106640 (78.1%) | loss: 9.3857 | gnorm: 1.9580 | dt: 159ms | tok/s: 25,767 | remaining: 4723s
step 106660 (78.1%) | loss: 8.3805 | gnorm: 3.5040 | dt: 156ms | tok/s: 26,262 | remaining: 4720s
step 106680 (78.2%) | loss: 9.3072 | gnorm: 1.8300 | dt: 158ms | tok/s: 26,000 | remaining: 4717s
step 106700 (78.2%) | loss: 8.9171 | gnorm: 3.6498 | dt: 158ms | tok/s: 25,899 | remaining: 4714s
step 106720 (78.2%) | loss: 9.5373 | gnorm: 1.7518 | dt: 159ms | tok/s: 25,784 | remaining: 4711s
step 106740 (78.2%) | loss: 9.2824 | gnorm: 5.0771 | dt: 160ms | tok/s: 25,606 | remaining: 4708s
step 106760 (78.2%) | loss: 9.7790 | gnorm: 1.7476 | dt: 162ms | tok/s: 25,302 | remaining: 4704s
step 106780 (78.2%) | loss: 10.2728 | gnorm: 3.8364 | dt: 157ms | tok/s: 26,057 | remaining: 4701s
step 106800 (78.2%) | loss: 9.3832 | gnorm: 1.8596 | dt: 157ms | tok/s: 26,115 | remaining: 4698s
step 106820 (78.3%) | loss: 10.6637 | gnorm: 4.1042 | dt: 158ms | tok/s: 25,950 | remaining: 4695s
step 106840 (78.3%) | loss: 9.1674 | gnorm: 1.7643 | dt: 159ms | tok/s: 25,727 | remaining: 4692s
step 106860 (78.3%) | loss: 9.4011 | gnorm: 3.6500 | dt: 160ms | tok/s: 25,544 | remaining: 4689s
step 106880 (78.3%) | loss: 9.4677 | gnorm: 1.9594 | dt: 156ms | tok/s: 26,271 | remaining: 4685s
step 106900 (78.3%) | loss: 9.1205 | gnorm: 3.7927 | dt: 157ms | tok/s: 26,075 | remaining: 4682s
step 106920 (78.3%) | loss: 9.6717 | gnorm: 1.9505 | dt: 157ms | tok/s: 26,074 | remaining: 4679s
step 106940 (78.4%) | loss: 8.9795 | gnorm: 4.7588 | dt: 158ms | tok/s: 25,906 | remaining: 4676s
step 106960 (78.4%) | loss: 9.1772 | gnorm: 2.1172 | dt: 160ms | tok/s: 25,656 | remaining: 4673s
step 106980 (78.4%) | loss: 9.1867 | gnorm: 3.4237 | dt: 159ms | tok/s: 25,752 | remaining: 4670s
step 107000 (78.4%) | loss: 8.9233 | gnorm: 1.7987 | dt: 154ms | tok/s: 26,620 | remaining: 4666s
step 107020 (78.4%) | loss: 9.7251 | gnorm: 3.8158 | dt: 154ms | tok/s: 26,513 | remaining: 4663s
step 107040 (78.4%) | loss: 9.7623 | gnorm: 1.8794 | dt: 156ms | tok/s: 26,236 | remaining: 4660s
step 107060 (78.4%) | loss: 9.3475 | gnorm: 4.2375 | dt: 159ms | tok/s: 25,794 | remaining: 4657s
step 107080 (78.5%) | loss: 9.2211 | gnorm: 1.6719 | dt: 160ms | tok/s: 25,616 | remaining: 4654s
step 107100 (78.5%) | loss: 9.6495 | gnorm: 3.9225 | dt: 156ms | tok/s: 26,265 | remaining: 4651s
step 107120 (78.5%) | loss: 9.3833 | gnorm: 1.9473 | dt: 157ms | tok/s: 26,086 | remaining: 4647s
step 107140 (78.5%) | loss: 9.8054 | gnorm: 4.7908 | dt: 160ms | tok/s: 25,592 | remaining: 4644s
step 107160 (78.5%) | loss: 9.2933 | gnorm: 2.1426 | dt: 158ms | tok/s: 25,944 | remaining: 4641s
step 107180 (78.5%) | loss: 10.3733 | gnorm: 4.6008 | dt: 159ms | tok/s: 25,834 | remaining: 4638s
step 107200 (78.5%) | loss: 9.4742 | gnorm: 1.8920 | dt: 157ms | tok/s: 26,147 | remaining: 4635s
step 107220 (78.6%) | loss: 8.7943 | gnorm: 4.0080 | dt: 157ms | tok/s: 26,154 | remaining: 4632s
step 107240 (78.6%) | loss: 9.8322 | gnorm: 1.9724 | dt: 158ms | tok/s: 25,908 | remaining: 4628s
step 107260 (78.6%) | loss: 10.0982 | gnorm: 3.7017 | dt: 160ms | tok/s: 25,625 | remaining: 4625s
step 107280 (78.6%) | loss: 9.2629 | gnorm: 2.0313 | dt: 159ms | tok/s: 25,719 | remaining: 4622s
step 107300 (78.6%) | loss: 9.8328 | gnorm: 4.2865 | dt: 160ms | tok/s: 25,526 | remaining: 4619s
step 107320 (78.6%) | loss: 9.6783 | gnorm: 1.9600 | dt: 158ms | tok/s: 25,904 | remaining: 4616s
step 107340 (78.6%) | loss: 9.1479 | gnorm: 3.8825 | dt: 156ms | tok/s: 26,274 | remaining: 4613s
step 107360 (78.7%) | loss: 8.1432 | gnorm: 1.7665 | dt: 157ms | tok/s: 26,162 | remaining: 4610s
step 107380 (78.7%) | loss: 10.2219 | gnorm: 3.8215 | dt: 158ms | tok/s: 25,982 | remaining: 4606s
step 107400 (78.7%) | loss: 9.3970 | gnorm: 2.0643 | dt: 158ms | tok/s: 25,869 | remaining: 4603s
step 107420 (78.7%) | loss: 9.5015 | gnorm: 4.5363 | dt: 157ms | tok/s: 26,138 | remaining: 4600s
step 107440 (78.7%) | loss: 9.3250 | gnorm: 1.7325 | dt: 155ms | tok/s: 26,389 | remaining: 4597s
step 107460 (78.7%) | loss: 8.9249 | gnorm: 4.0606 | dt: 157ms | tok/s: 26,072 | remaining: 4594s
step 107480 (78.7%) | loss: 10.6124 | gnorm: 2.1653 | dt: 158ms | tok/s: 25,877 | remaining: 4591s
step 107500 (78.8%) | loss: 10.0732 | gnorm: 3.8254 | dt: 158ms | tok/s: 25,918 | remaining: 4587s
step 107520 (78.8%) | loss: 8.9003 | gnorm: 1.9882 | dt: 163ms | tok/s: 25,099 | remaining: 4584s
step 107540 (78.8%) | loss: 9.9110 | gnorm: 4.2153 | dt: 156ms | tok/s: 26,291 | remaining: 4581s
step 107560 (78.8%) | loss: 9.6891 | gnorm: 1.9700 | dt: 158ms | tok/s: 25,978 | remaining: 4578s
step 107580 (78.8%) | loss: 9.3816 | gnorm: 4.4769 | dt: 158ms | tok/s: 25,954 | remaining: 4575s
step 107600 (78.8%) | loss: 8.9724 | gnorm: 1.7412 | dt: 158ms | tok/s: 25,890 | remaining: 4572s
step 107620 (78.8%) | loss: 8.8649 | gnorm: 3.6305 | dt: 157ms | tok/s: 26,075 | remaining: 4569s
step 107640 (78.9%) | loss: 9.2037 | gnorm: 1.8399 | dt: 157ms | tok/s: 26,127 | remaining: 4565s
step 107660 (78.9%) | loss: 8.9942 | gnorm: 3.9344 | dt: 158ms | tok/s: 25,953 | remaining: 4562s
step 107680 (78.9%) | loss: 8.4902 | gnorm: 2.0696 | dt: 160ms | tok/s: 25,621 | remaining: 4559s
step 107700 (78.9%) | loss: 9.6998 | gnorm: 3.7410 | dt: 155ms | tok/s: 26,391 | remaining: 4556s
step 107720 (78.9%) | loss: 9.0703 | gnorm: 1.7693 | dt: 157ms | tok/s: 26,142 | remaining: 4553s
step 107740 (78.9%) | loss: 8.8048 | gnorm: 3.3610 | dt: 157ms | tok/s: 26,127 | remaining: 4550s
step 107760 (79.0%) | loss: 8.7441 | gnorm: 1.6957 | dt: 159ms | tok/s: 25,784 | remaining: 4546s
step 107780 (79.0%) | loss: 9.7707 | gnorm: 4.8041 | dt: 161ms | tok/s: 25,387 | remaining: 4543s
step 107800 (79.0%) | loss: 9.3075 | gnorm: 2.0679 | dt: 156ms | tok/s: 26,282 | remaining: 4540s
step 107820 (79.0%) | loss: 9.4978 | gnorm: 4.3421 | dt: 157ms | tok/s: 26,085 | remaining: 4537s
step 107840 (79.0%) | loss: 8.7809 | gnorm: 1.5366 | dt: 158ms | tok/s: 25,925 | remaining: 4534s
step 107860 (79.0%) | loss: 9.2280 | gnorm: 3.8520 | dt: 159ms | tok/s: 25,692 | remaining: 4531s
step 107880 (79.0%) | loss: 9.1312 | gnorm: 1.7593 | dt: 159ms | tok/s: 25,784 | remaining: 4528s
step 107900 (79.1%) | loss: 9.6523 | gnorm: 4.0423 | dt: 154ms | tok/s: 26,586 | remaining: 4524s
step 107920 (79.1%) | loss: 8.9398 | gnorm: 1.9499 | dt: 158ms | tok/s: 25,963 | remaining: 4521s
step 107940 (79.1%) | loss: 8.6455 | gnorm: 3.6341 | dt: 157ms | tok/s: 26,079 | remaining: 4518s
step 107960 (79.1%) | loss: 8.7409 | gnorm: 2.0149 | dt: 158ms | tok/s: 25,893 | remaining: 4515s
step 107980 (79.1%) | loss: 9.3671 | gnorm: 3.7389 | dt: 159ms | tok/s: 25,688 | remaining: 4512s
step 108000 (79.1%) | loss: 9.0140 | gnorm: 2.0342 | dt: 156ms | tok/s: 26,292 | remaining: 4509s
step 108020 (79.1%) | loss: 8.8343 | gnorm: 4.5561 | dt: 157ms | tok/s: 26,012 | remaining: 4505s
step 108040 (79.2%) | loss: 9.3606 | gnorm: 2.3929 | dt: 156ms | tok/s: 26,228 | remaining: 4502s
step 108060 (79.2%) | loss: 9.7841 | gnorm: 3.9198 | dt: 159ms | tok/s: 25,813 | remaining: 4499s
step 108080 (79.2%) | loss: 10.9673 | gnorm: 1.6775 | dt: 161ms | tok/s: 25,463 | remaining: 4496s
step 108100 (79.2%) | loss: 10.8061 | gnorm: 4.8609 | dt: 156ms | tok/s: 26,227 | remaining: 4493s
step 108120 (79.2%) | loss: 10.1846 | gnorm: 1.8090 | dt: 157ms | tok/s: 26,150 | remaining: 4490s
step 108140 (79.2%) | loss: 9.7989 | gnorm: 3.5975 | dt: 159ms | tok/s: 25,819 | remaining: 4487s
step 108160 (79.2%) | loss: 8.7665 | gnorm: 1.8313 | dt: 158ms | tok/s: 25,997 | remaining: 4483s
step 108180 (79.3%) | loss: 10.6846 | gnorm: 4.0937 | dt: 160ms | tok/s: 25,620 | remaining: 4480s
step 108200 (79.3%) | loss: 9.4956 | gnorm: 2.5327 | dt: 156ms | tok/s: 26,291 | remaining: 4477s
step 108220 (79.3%) | loss: 9.4266 | gnorm: 4.6381 | dt: 155ms | tok/s: 26,385 | remaining: 4474s
step 108240 (79.3%) | loss: 8.6678 | gnorm: 1.7346 | dt: 157ms | tok/s: 26,127 | remaining: 4471s
step 108260 (79.3%) | loss: 9.3532 | gnorm: 4.5542 | dt: 159ms | tok/s: 25,834 | remaining: 4468s
step 108280 (79.3%) | loss: 8.8447 | gnorm: 2.1200 | dt: 160ms | tok/s: 25,589 | remaining: 4465s
step 108300 (79.3%) | loss: 9.4305 | gnorm: 3.4569 | dt: 156ms | tok/s: 26,206 | remaining: 4461s
step 108320 (79.4%) | loss: 9.0151 | gnorm: 1.7221 | dt: 156ms | tok/s: 26,201 | remaining: 4458s
step 108340 (79.4%) | loss: 9.1688 | gnorm: 4.9659 | dt: 157ms | tok/s: 26,121 | remaining: 4455s
step 108360 (79.4%) | loss: 8.9943 | gnorm: 1.7594 | dt: 158ms | tok/s: 25,897 | remaining: 4452s
step 108380 (79.4%) | loss: 8.6075 | gnorm: 3.6593 | dt: 160ms | tok/s: 25,562 | remaining: 4449s
step 108400 (79.4%) | loss: 9.0322 | gnorm: 1.9157 | dt: 156ms | tok/s: 26,336 | remaining: 4446s
step 108420 (79.4%) | loss: 10.5354 | gnorm: 4.3292 | dt: 157ms | tok/s: 26,105 | remaining: 4442s
step 108440 (79.4%) | loss: 9.2910 | gnorm: 1.7339 | dt: 157ms | tok/s: 26,075 | remaining: 4439s
step 108460 (79.5%) | loss: 8.9171 | gnorm: 3.7563 | dt: 159ms | tok/s: 25,754 | remaining: 4436s
step 108480 (79.5%) | loss: 8.8711 | gnorm: 1.7382 | dt: 162ms | tok/s: 25,237 | remaining: 4433s
step 108500 (79.5%) | loss: 9.3231 | gnorm: 3.4811 | dt: 156ms | tok/s: 26,340 | remaining: 4430s
step 108520 (79.5%) | loss: 8.9581 | gnorm: 1.8935 | dt: 157ms | tok/s: 26,130 | remaining: 4427s
step 108540 (79.5%) | loss: 8.2384 | gnorm: 3.7786 | dt: 158ms | tok/s: 25,942 | remaining: 4424s
step 108560 (79.5%) | loss: 8.6982 | gnorm: 1.6713 | dt: 159ms | tok/s: 25,795 | remaining: 4420s
step 108580 (79.5%) | loss: 8.8258 | gnorm: 4.0717 | dt: 162ms | tok/s: 25,301 | remaining: 4417s
step 108600 (79.6%) | loss: 9.3218 | gnorm: 1.7578 | dt: 158ms | tok/s: 26,002 | remaining: 4414s
step 108620 (79.6%) | loss: 10.1729 | gnorm: 4.2601 | dt: 157ms | tok/s: 26,019 | remaining: 4411s
step 108640 (79.6%) | loss: 9.5049 | gnorm: 1.5289 | dt: 158ms | tok/s: 25,863 | remaining: 4408s
step 108660 (79.6%) | loss: 9.8816 | gnorm: 4.2675 | dt: 158ms | tok/s: 25,953 | remaining: 4405s
step 108680 (79.6%) | loss: 14.3655 | gnorm: 2.2243 | dt: 160ms | tok/s: 25,646 | remaining: 4401s
step 108700 (79.6%) | loss: 10.7120 | gnorm: 4.0923 | dt: 161ms | tok/s: 25,510 | remaining: 4398s
step 108720 (79.7%) | loss: 9.1947 | gnorm: 1.7615 | dt: 156ms | tok/s: 26,263 | remaining: 4395s
step 108740 (79.7%) | loss: 10.0767 | gnorm: 3.4134 | dt: 158ms | tok/s: 26,004 | remaining: 4392s
step 108760 (79.7%) | loss: 9.6040 | gnorm: 1.8205 | dt: 158ms | tok/s: 25,945 | remaining: 4389s
step 108780 (79.7%) | loss: 10.7092 | gnorm: 4.5610 | dt: 158ms | tok/s: 25,907 | remaining: 4386s
step 108800 (79.7%) | loss: 9.6299 | gnorm: 1.9384 | dt: 161ms | tok/s: 25,433 | remaining: 4382s
step 108820 (79.7%) | loss: 10.0841 | gnorm: 3.5399 | dt: 159ms | tok/s: 25,807 | remaining: 4379s
step 108840 (79.7%) | loss: 9.5478 | gnorm: 3.4700 | dt: 156ms | tok/s: 26,197 | remaining: 4376s
step 108860 (79.8%) | loss: 9.5329 | gnorm: 4.3126 | dt: 159ms | tok/s: 25,837 | remaining: 4373s
step 108880 (79.8%) | loss: 9.4959 | gnorm: 1.6872 | dt: 159ms | tok/s: 25,826 | remaining: 4370s
step 108900 (79.8%) | loss: 10.2841 | gnorm: 4.2541 | dt: 159ms | tok/s: 25,685 | remaining: 4367s
step 108920 (79.8%) | loss: 9.3616 | gnorm: 1.5734 | dt: 162ms | tok/s: 25,334 | remaining: 4363s
step 108940 (79.8%) | loss: 9.0875 | gnorm: 4.4099 | dt: 158ms | tok/s: 25,868 | remaining: 4360s
step 108960 (79.8%) | loss: 11.5921 | gnorm: 1.9218 | dt: 157ms | tok/s: 26,086 | remaining: 4357s
step 108980 (79.8%) | loss: 9.3445 | gnorm: 3.0534 | dt: 157ms | tok/s: 26,116 | remaining: 4354s
step 109000 (79.9%) | loss: 9.4762 | gnorm: 1.8552 | dt: 158ms | tok/s: 25,937 | remaining: 4351s
step 109020 (79.9%) | loss: 10.2633 | gnorm: 3.4883 | dt: 160ms | tok/s: 25,622 | remaining: 4348s
step 109040 (79.9%) | loss: 9.5056 | gnorm: 2.0544 | dt: 161ms | tok/s: 25,452 | remaining: 4344s
step 109060 (79.9%) | loss: 9.4502 | gnorm: 4.0772 | dt: 157ms | tok/s: 26,149 | remaining: 4341s
step 109080 (79.9%) | loss: 9.0409 | gnorm: 1.9168 | dt: 177ms | tok/s: 23,168 | remaining: 4338s
step 109100 (79.9%) | loss: 9.0897 | gnorm: 3.8696 | dt: 157ms | tok/s: 26,032 | remaining: 4335s
step 109120 (79.9%) | loss: 9.4909 | gnorm: 2.0212 | dt: 158ms | tok/s: 25,993 | remaining: 4332s
step 109140 (80.0%) | loss: 9.5272 | gnorm: 3.6015 | dt: 159ms | tok/s: 25,789 | remaining: 4328s
step 109160 (80.0%) | loss: 11.1806 | gnorm: 2.3427 | dt: 159ms | tok/s: 25,841 | remaining: 4325s
step 109180 (80.0%) | loss: 10.6577 | gnorm: 4.5588 | dt: 159ms | tok/s: 25,792 | remaining: 4322s
step 109200 (80.0%) | loss: 9.3356 | gnorm: 1.8329 | dt: 155ms | tok/s: 26,380 | remaining: 4319s
step 109220 (80.0%) | loss: 9.3604 | gnorm: 3.5059 | dt: 156ms | tok/s: 26,242 | remaining: 4316s
step 109240 (80.0%) | loss: 9.2406 | gnorm: 1.6225 | dt: 159ms | tok/s: 25,836 | remaining: 4313s
step 109260 (80.0%) | loss: 9.7315 | gnorm: 3.9613 | dt: 160ms | tok/s: 25,586 | remaining: 4309s
step 109280 (80.1%) | loss: 9.1542 | gnorm: 2.3462 | dt: 161ms | tok/s: 25,459 | remaining: 4306s
step 109300 (80.1%) | loss: 9.3239 | gnorm: 4.1112 | dt: 156ms | tok/s: 26,320 | remaining: 4303s
step 109320 (80.1%) | loss: 8.9511 | gnorm: 1.7431 | dt: 158ms | tok/s: 25,998 | remaining: 4300s
step 109340 (80.1%) | loss: 9.5356 | gnorm: 3.8037 | dt: 158ms | tok/s: 25,961 | remaining: 4297s
step 109360 (80.1%) | loss: 9.4387 | gnorm: 1.7980 | dt: 159ms | tok/s: 25,742 | remaining: 4294s
step 109380 (80.1%) | loss: 9.4126 | gnorm: 4.9739 | dt: 160ms | tok/s: 25,636 | remaining: 4290s
step 109400 (80.2%) | loss: 10.0632 | gnorm: 2.1686 | dt: 161ms | tok/s: 25,426 | remaining: 4287s
step 109420 (80.2%) | loss: 10.6436 | gnorm: 3.7925 | dt: 157ms | tok/s: 26,056 | remaining: 4284s
step 109440 (80.2%) | loss: 9.4899 | gnorm: 1.6550 | dt: 158ms | tok/s: 25,866 | remaining: 4281s
step 109460 (80.2%) | loss: 9.4205 | gnorm: 3.2163 | dt: 160ms | tok/s: 25,532 | remaining: 4278s
step 109480 (80.2%) | loss: 9.0251 | gnorm: 1.7129 | dt: 162ms | tok/s: 25,242 | remaining: 4275s
step 109500 (80.2%) | loss: 9.0648 | gnorm: 4.2269 | dt: 161ms | tok/s: 25,494 | remaining: 4271s
step 109520 (80.2%) | loss: 9.3390 | gnorm: 1.7839 | dt: 160ms | tok/s: 25,541 | remaining: 4268s
step 109540 (80.3%) | loss: 9.7397 | gnorm: 3.4822 | dt: 156ms | tok/s: 26,307 | remaining: 4265s
step 109560 (80.3%) | loss: 9.3481 | gnorm: 1.9666 | dt: 155ms | tok/s: 26,428 | remaining: 4262s
step 109580 (80.3%) | loss: 9.4475 | gnorm: 4.0966 | dt: 157ms | tok/s: 26,017 | remaining: 4259s
step 109600 (80.3%) | loss: 9.3855 | gnorm: 1.4869 | dt: 159ms | tok/s: 25,789 | remaining: 4256s
step 109620 (80.3%) | loss: 9.6296 | gnorm: 4.0742 | dt: 162ms | tok/s: 25,264 | remaining: 4252s
step 109640 (80.3%) | loss: 9.6713 | gnorm: 2.0029 | dt: 157ms | tok/s: 26,048 | remaining: 4249s
step 109660 (80.3%) | loss: 9.4734 | gnorm: 3.7002 | dt: 157ms | tok/s: 26,026 | remaining: 4246s
step 109680 (80.4%) | loss: 9.1586 | gnorm: 1.7291 | dt: 157ms | tok/s: 26,030 | remaining: 4243s
step 109700 (80.4%) | loss: 8.8465 | gnorm: 3.3240 | dt: 157ms | tok/s: 26,011 | remaining: 4240s
step 109720 (80.4%) | loss: 8.8158 | gnorm: 2.1490 | dt: 159ms | tok/s: 25,812 | remaining: 4237s
step 109740 (80.4%) | loss: 10.0280 | gnorm: 3.3288 | dt: 160ms | tok/s: 25,611 | remaining: 4234s
step 109760 (80.4%) | loss: 9.7286 | gnorm: 2.1464 | dt: 155ms | tok/s: 26,387 | remaining: 4230s
step 109780 (80.4%) | loss: 9.8608 | gnorm: 3.8823 | dt: 156ms | tok/s: 26,188 | remaining: 4227s
step 109800 (80.4%) | loss: 9.5911 | gnorm: 1.8115 | dt: 159ms | tok/s: 25,824 | remaining: 4224s
step 109820 (80.5%) | loss: 9.2978 | gnorm: 4.0129 | dt: 159ms | tok/s: 25,836 | remaining: 4221s
step 109840 (80.5%) | loss: 9.4166 | gnorm: 1.9239 | dt: 159ms | tok/s: 25,747 | remaining: 4218s
step 109860 (80.5%) | loss: 9.3119 | gnorm: 3.7403 | dt: 156ms | tok/s: 26,213 | remaining: 4215s
step 109880 (80.5%) | loss: 9.3317 | gnorm: 1.6319 | dt: 158ms | tok/s: 25,961 | remaining: 4211s
step 109900 (80.5%) | loss: 9.6729 | gnorm: 4.0432 | dt: 158ms | tok/s: 25,970 | remaining: 4208s
step 109920 (80.5%) | loss: 9.3247 | gnorm: 2.0728 | dt: 157ms | tok/s: 26,095 | remaining: 4205s
step 109940 (80.5%) | loss: 9.1449 | gnorm: 3.8134 | dt: 159ms | tok/s: 25,745 | remaining: 4202s
step 109960 (80.6%) | loss: 9.1800 | gnorm: 1.9043 | dt: 157ms | tok/s: 26,060 | remaining: 4199s
step 109980 (80.6%) | loss: 9.7322 | gnorm: 4.2499 | dt: 155ms | tok/s: 26,398 | remaining: 4196s
step 110000 (80.6%) | loss: 8.8916 | gnorm: 1.8578 | dt: 159ms | tok/s: 25,727 | remaining: 4192s
step 110020 (80.6%) | loss: 9.2518 | gnorm: 3.4695 | dt: 158ms | tok/s: 25,874 | remaining: 4189s
step 110040 (80.6%) | loss: 8.9141 | gnorm: 1.7346 | dt: 159ms | tok/s: 25,708 | remaining: 4186s
step 110060 (80.6%) | loss: 9.5915 | gnorm: 3.7128 | dt: 159ms | tok/s: 25,836 | remaining: 4183s
step 110080 (80.6%) | loss: 10.5097 | gnorm: 2.5352 | dt: 154ms | tok/s: 26,630 | remaining: 4180s
step 110100 (80.7%) | loss: 9.6865 | gnorm: 3.4049 | dt: 157ms | tok/s: 26,100 | remaining: 4177s
step 110120 (80.7%) | loss: 9.2745 | gnorm: 1.6872 | dt: 158ms | tok/s: 25,924 | remaining: 4173s
step 110140 (80.7%) | loss: 9.5209 | gnorm: 3.7941 | dt: 158ms | tok/s: 25,854 | remaining: 4170s
step 110160 (80.7%) | loss: 9.5173 | gnorm: 1.6081 | dt: 161ms | tok/s: 25,471 | remaining: 4167s
step 110180 (80.7%) | loss: 10.8653 | gnorm: 3.2263 | dt: 156ms | tok/s: 26,296 | remaining: 4164s
step 110200 (80.7%) | loss: 9.0075 | gnorm: 1.7348 | dt: 157ms | tok/s: 26,083 | remaining: 4161s
step 110220 (80.8%) | loss: 9.3780 | gnorm: 3.8316 | dt: 157ms | tok/s: 26,022 | remaining: 4158s
step 110240 (80.8%) | loss: 9.1948 | gnorm: 1.5631 | dt: 159ms | tok/s: 25,808 | remaining: 4155s
step 110260 (80.8%) | loss: 7.7910 | gnorm: 3.7414 | dt: 161ms | tok/s: 25,450 | remaining: 4151s
step 110280 (80.8%) | loss: 9.3192 | gnorm: 1.7978 | dt: 156ms | tok/s: 26,254 | remaining: 4148s
step 110300 (80.8%) | loss: 10.0553 | gnorm: 4.6392 | dt: 157ms | tok/s: 26,153 | remaining: 4145s
step 110320 (80.8%) | loss: 10.1582 | gnorm: 1.9212 | dt: 158ms | tok/s: 25,993 | remaining: 4142s
step 110340 (80.8%) | loss: 10.6219 | gnorm: 4.4252 | dt: 159ms | tok/s: 25,771 | remaining: 4139s
step 110360 (80.9%) | loss: 9.7177 | gnorm: 1.6442 | dt: 160ms | tok/s: 25,606 | remaining: 4136s
step 110380 (80.9%) | loss: 9.7296 | gnorm: 4.6345 | dt: 161ms | tok/s: 25,485 | remaining: 4132s
step 110400 (80.9%) | loss: 9.4013 | gnorm: 1.8132 | dt: 157ms | tok/s: 26,076 | remaining: 4129s
step 110420 (80.9%) | loss: 9.7423 | gnorm: 4.5677 | dt: 156ms | tok/s: 26,204 | remaining: 4126s
step 110440 (80.9%) | loss: 9.4884 | gnorm: 1.7646 | dt: 157ms | tok/s: 26,007 | remaining: 4123s
step 110460 (80.9%) | loss: 9.7405 | gnorm: 3.5845 | dt: 159ms | tok/s: 25,782 | remaining: 4120s
step 110480 (80.9%) | loss: 9.7463 | gnorm: 1.7597 | dt: 160ms | tok/s: 25,678 | remaining: 4117s
step 110500 (81.0%) | loss: 9.8716 | gnorm: 3.6517 | dt: 156ms | tok/s: 26,298 | remaining: 4113s
step 110520 (81.0%) | loss: 9.5973 | gnorm: 1.7266 | dt: 157ms | tok/s: 26,068 | remaining: 4110s
step 110540 (81.0%) | loss: 8.6739 | gnorm: 3.7612 | dt: 158ms | tok/s: 25,909 | remaining: 4107s
step 110560 (81.0%) | loss: 9.4406 | gnorm: 1.6504 | dt: 159ms | tok/s: 25,717 | remaining: 4104s
step 110580 (81.0%) | loss: 8.9476 | gnorm: 3.5281 | dt: 161ms | tok/s: 25,374 | remaining: 4101s
step 110600 (81.0%) | loss: 10.4223 | gnorm: 1.8159 | dt: 159ms | tok/s: 25,841 | remaining: 4098s
step 110620 (81.0%) | loss: 10.0591 | gnorm: 3.9861 | dt: 157ms | tok/s: 26,145 | remaining: 4094s
step 110640 (81.1%) | loss: 9.7299 | gnorm: 1.8300 | dt: 157ms | tok/s: 26,025 | remaining: 4091s
step 110660 (81.1%) | loss: 10.4307 | gnorm: 4.2688 | dt: 159ms | tok/s: 25,807 | remaining: 4088s
step 110680 (81.1%) | loss: 9.6620 | gnorm: 1.7792 | dt: 159ms | tok/s: 25,754 | remaining: 4085s
step 110700 (81.1%) | loss: 9.6283 | gnorm: 3.7685 | dt: 160ms | tok/s: 25,653 | remaining: 4082s
step 110720 (81.1%) | loss: 8.9130 | gnorm: 1.8620 | dt: 156ms | tok/s: 26,240 | remaining: 4079s
step 110740 (81.1%) | loss: 10.5419 | gnorm: 3.5686 | dt: 157ms | tok/s: 26,154 | remaining: 4076s
step 110760 (81.1%) | loss: 9.3003 | gnorm: 1.8632 | dt: 159ms | tok/s: 25,781 | remaining: 4072s
step 110780 (81.2%) | loss: 10.0410 | gnorm: 4.2813 | dt: 158ms | tok/s: 25,906 | remaining: 4069s
step 110800 (81.2%) | loss: 9.1969 | gnorm: 1.7323 | dt: 161ms | tok/s: 25,412 | remaining: 4066s
step 110820 (81.2%) | loss: 9.1995 | gnorm: 4.3514 | dt: 156ms | tok/s: 26,294 | remaining: 4063s
step 110840 (81.2%) | loss: 9.7438 | gnorm: 1.8383 | dt: 157ms | tok/s: 26,153 | remaining: 4060s
step 110860 (81.2%) | loss: 9.4024 | gnorm: 3.8960 | dt: 156ms | tok/s: 26,254 | remaining: 4057s
step 110880 (81.2%) | loss: 8.4325 | gnorm: 1.9017 | dt: 158ms | tok/s: 25,896 | remaining: 4053s
step 110900 (81.2%) | loss: 10.2560 | gnorm: 3.4933 | dt: 159ms | tok/s: 25,825 | remaining: 4050s
step 110920 (81.3%) | loss: 9.1988 | gnorm: 1.6549 | dt: 161ms | tok/s: 25,515 | remaining: 4047s
step 110940 (81.3%) | loss: 9.9031 | gnorm: 4.3466 | dt: 155ms | tok/s: 26,482 | remaining: 4044s
step 110960 (81.3%) | loss: 9.8130 | gnorm: 1.8715 | dt: 152ms | tok/s: 27,035 | remaining: 4041s
step 110980 (81.3%) | loss: 9.6672 | gnorm: 3.5366 | dt: 158ms | tok/s: 25,973 | remaining: 4037s
step 111000 (81.3%) | loss: 9.4930 | gnorm: 1.6780 | dt: 158ms | tok/s: 25,978 | remaining: 4034s
step 111020 (81.3%) | loss: 9.8013 | gnorm: 4.2653 | dt: 159ms | tok/s: 25,703 | remaining: 4031s
step 111040 (81.4%) | loss: 8.9241 | gnorm: 2.0611 | dt: 161ms | tok/s: 25,419 | remaining: 4028s
step 111060 (81.4%) | loss: 9.7530 | gnorm: 3.6089 | dt: 152ms | tok/s: 26,923 | remaining: 4025s
step 111080 (81.4%) | loss: 9.4754 | gnorm: 2.4825 | dt: 157ms | tok/s: 26,121 | remaining: 4022s
step 111100 (81.4%) | loss: 9.9783 | gnorm: 5.0402 | dt: 159ms | tok/s: 25,707 | remaining: 4019s
step 111120 (81.4%) | loss: 9.8470 | gnorm: 1.9143 | dt: 160ms | tok/s: 25,590 | remaining: 4015s
step 111140 (81.4%) | loss: 9.5606 | gnorm: 4.1839 | dt: 163ms | tok/s: 25,176 | remaining: 4012s
step 111160 (81.4%) | loss: 9.2536 | gnorm: 1.7240 | dt: 158ms | tok/s: 25,901 | remaining: 4009s
step 111180 (81.5%) | loss: 10.2428 | gnorm: 4.3826 | dt: 161ms | tok/s: 25,511 | remaining: 4006s
step 111200 (81.5%) | loss: 9.4094 | gnorm: 1.7921 | dt: 159ms | tok/s: 25,825 | remaining: 4003s
step 111220 (81.5%) | loss: 8.5284 | gnorm: 3.9110 | dt: 159ms | tok/s: 25,698 | remaining: 4000s
step 111240 (81.5%) | loss: 9.7327 | gnorm: 1.7984 | dt: 159ms | tok/s: 25,808 | remaining: 3996s
step 111260 (81.5%) | loss: 9.9025 | gnorm: 3.0499 | dt: 157ms | tok/s: 26,125 | remaining: 3993s
step 111280 (81.5%) | loss: 9.9891 | gnorm: 2.0019 | dt: 157ms | tok/s: 26,066 | remaining: 3990s
step 111300 (81.5%) | loss: 9.5934 | gnorm: 3.5822 | dt: 157ms | tok/s: 26,057 | remaining: 3987s
step 111320 (81.6%) | loss: 9.6220 | gnorm: 2.0008 | dt: 157ms | tok/s: 26,014 | remaining: 3984s
step 111340 (81.6%) | loss: 11.3518 | gnorm: 5.5192 | dt: 160ms | tok/s: 25,653 | remaining: 3981s
step 111360 (81.6%) | loss: 10.0448 | gnorm: 1.7257 | dt: 159ms | tok/s: 25,734 | remaining: 3977s
step 111380 (81.6%) | loss: 9.1183 | gnorm: 3.8955 | dt: 156ms | tok/s: 26,229 | remaining: 3974s
step 111400 (81.6%) | loss: 9.3065 | gnorm: 1.8864 | dt: 156ms | tok/s: 26,214 | remaining: 3971s
step 111420 (81.6%) | loss: 9.6847 | gnorm: 3.7778 | dt: 158ms | tok/s: 25,972 | remaining: 3968s
step 111440 (81.6%) | loss: 9.3115 | gnorm: 1.6853 | dt: 160ms | tok/s: 25,640 | remaining: 3965s
step 111460 (81.7%) | loss: 9.9307 | gnorm: 3.9402 | dt: 159ms | tok/s: 25,709 | remaining: 3962s
step 111480 (81.7%) | loss: 8.5581 | gnorm: 1.7604 | dt: 156ms | tok/s: 26,231 | remaining: 3958s
step 111500 (81.7%) | loss: 9.0985 | gnorm: 4.3057 | dt: 157ms | tok/s: 26,093 | remaining: 3955s
step 111520 (81.7%) | loss: 8.8513 | gnorm: 1.4870 | dt: 159ms | tok/s: 25,809 | remaining: 3952s
step 111540 (81.7%) | loss: 9.5265 | gnorm: 4.2128 | dt: 158ms | tok/s: 25,850 | remaining: 3949s
step 111560 (81.7%) | loss: 9.7238 | gnorm: 1.9006 | dt: 158ms | tok/s: 25,903 | remaining: 3946s
step 111580 (81.7%) | loss: 8.9527 | gnorm: 3.9590 | dt: 155ms | tok/s: 26,383 | remaining: 3943s
step 111600 (81.8%) | loss: 9.0378 | gnorm: 1.7692 | dt: 157ms | tok/s: 26,105 | remaining: 3940s
step 111620 (81.8%) | loss: 9.4677 | gnorm: 3.5658 | dt: 158ms | tok/s: 25,999 | remaining: 3936s
step 111640 (81.8%) | loss: 9.4917 | gnorm: 1.6091 | dt: 159ms | tok/s: 25,837 | remaining: 3933s
step 111660 (81.8%) | loss: 9.4593 | gnorm: 4.6874 | dt: 159ms | tok/s: 25,730 | remaining: 3930s
step 111680 (81.8%) | loss: 9.0468 | gnorm: 1.5391 | dt: 155ms | tok/s: 26,443 | remaining: 3927s
step 111700 (81.8%) | loss: 10.1061 | gnorm: 3.2141 | dt: 158ms | tok/s: 26,006 | remaining: 3924s
step 111720 (81.8%) | loss: 8.6852 | gnorm: 1.8724 | dt: 158ms | tok/s: 25,964 | remaining: 3921s
step 111740 (81.9%) | loss: 8.8469 | gnorm: 4.0286 | dt: 159ms | tok/s: 25,799 | remaining: 3917s
step 111760 (81.9%) | loss: 9.5454 | gnorm: 2.4865 | dt: 161ms | tok/s: 25,381 | remaining: 3914s
step 111780 (81.9%) | loss: 9.1700 | gnorm: 3.6514 | dt: 156ms | tok/s: 26,309 | remaining: 3911s
step 111800 (81.9%) | loss: 8.9482 | gnorm: 1.9099 | dt: 157ms | tok/s: 26,063 | remaining: 3908s
step 111820 (81.9%) | loss: 9.2124 | gnorm: 4.0247 | dt: 158ms | tok/s: 25,889 | remaining: 3905s
step 111840 (81.9%) | loss: 9.4097 | gnorm: 1.7441 | dt: 159ms | tok/s: 25,737 | remaining: 3902s
step 111860 (82.0%) | loss: 9.0744 | gnorm: 3.4313 | dt: 160ms | tok/s: 25,648 | remaining: 3898s
step 111880 (82.0%) | loss: 9.4287 | gnorm: 1.9051 | dt: 158ms | tok/s: 25,972 | remaining: 3895s
step 111900 (82.0%) | loss: 9.3878 | gnorm: 3.7103 | dt: 158ms | tok/s: 25,991 | remaining: 3892s
step 111920 (82.0%) | loss: 9.8514 | gnorm: 1.9718 | dt: 158ms | tok/s: 25,996 | remaining: 3889s
step 111940 (82.0%) | loss: 9.8677 | gnorm: 4.4804 | dt: 157ms | tok/s: 26,037 | remaining: 3886s
step 111960 (82.0%) | loss: 9.3112 | gnorm: 1.6492 | dt: 161ms | tok/s: 25,513 | remaining: 3883s
step 111980 (82.0%) | loss: 9.1642 | gnorm: 2.9870 | dt: 158ms | tok/s: 25,888 | remaining: 3880s
step 112000 (82.1%) | loss: 8.8364 | gnorm: 1.8168 | dt: 156ms | tok/s: 26,299 | remaining: 3876s
step 112020 (82.1%) | loss: 10.3497 | gnorm: 4.2599 | dt: 158ms | tok/s: 26,006 | remaining: 3873s
step 112040 (82.1%) | loss: 9.3235 | gnorm: 1.7374 | dt: 158ms | tok/s: 25,845 | remaining: 3870s
step 112060 (82.1%) | loss: 11.3328 | gnorm: 3.4560 | dt: 158ms | tok/s: 25,947 | remaining: 3867s
step 112080 (82.1%) | loss: 10.6859 | gnorm: 1.6905 | dt: 159ms | tok/s: 25,779 | remaining: 3864s
step 112100 (82.1%) | loss: 9.8517 | gnorm: 3.8118 | dt: 156ms | tok/s: 26,191 | remaining: 3861s
step 112120 (82.1%) | loss: 8.9208 | gnorm: 1.8948 | dt: 158ms | tok/s: 26,004 | remaining: 3857s
step 112140 (82.2%) | loss: 10.2585 | gnorm: 3.6639 | dt: 159ms | tok/s: 25,836 | remaining: 3854s
step 112160 (82.2%) | loss: 8.6950 | gnorm: 1.8510 | dt: 160ms | tok/s: 25,644 | remaining: 3851s
step 112180 (82.2%) | loss: 9.6288 | gnorm: 4.3944 | dt: 161ms | tok/s: 25,376 | remaining: 3848s
step 112200 (82.2%) | loss: 8.8172 | gnorm: 2.2581 | dt: 158ms | tok/s: 25,865 | remaining: 3845s
step 112220 (82.2%) | loss: 9.8696 | gnorm: 3.7310 | dt: 157ms | tok/s: 26,098 | remaining: 3842s
step 112240 (82.2%) | loss: 9.4646 | gnorm: 2.3953 | dt: 158ms | tok/s: 25,907 | remaining: 3838s
step 112260 (82.2%) | loss: 9.5062 | gnorm: 4.7860 | dt: 158ms | tok/s: 25,862 | remaining: 3835s
step 112280 (82.3%) | loss: 9.1379 | gnorm: 1.8598 | dt: 157ms | tok/s: 26,074 | remaining: 3832s
step 112300 (82.3%) | loss: 8.6912 | gnorm: 4.1949 | dt: 162ms | tok/s: 25,272 | remaining: 3829s
step 112320 (82.3%) | loss: 9.3113 | gnorm: 1.6729 | dt: 158ms | tok/s: 25,872 | remaining: 3826s
step 112340 (82.3%) | loss: 9.8932 | gnorm: 3.7163 | dt: 157ms | tok/s: 26,101 | remaining: 3823s
step 112360 (82.3%) | loss: 11.8208 | gnorm: 6.1595 | dt: 158ms | tok/s: 25,919 | remaining: 3819s
step 112380 (82.3%) | loss: 10.7268 | gnorm: 4.5536 | dt: 159ms | tok/s: 25,831 | remaining: 3816s
step 112400 (82.3%) | loss: 8.7683 | gnorm: 1.8368 | dt: 158ms | tok/s: 25,853 | remaining: 3813s
step 112420 (82.4%) | loss: 9.8103 | gnorm: 3.9401 | dt: 160ms | tok/s: 25,637 | remaining: 3810s
step 112440 (82.4%) | loss: 9.1518 | gnorm: 1.9740 | dt: 157ms | tok/s: 26,157 | remaining: 3807s
step 112460 (82.4%) | loss: 8.6825 | gnorm: 3.6930 | dt: 157ms | tok/s: 26,093 | remaining: 3804s
step 112480 (82.4%) | loss: 9.3198 | gnorm: 2.5120 | dt: 158ms | tok/s: 25,974 | remaining: 3800s
step 112500 (82.4%) | loss: 9.8013 | gnorm: 4.7105 | dt: 158ms | tok/s: 25,860 | remaining: 3797s
step 112520 (82.4%) | loss: 9.8895 | gnorm: 1.7122 | dt: 160ms | tok/s: 25,556 | remaining: 3794s
step 112540 (82.4%) | loss: 9.2670 | gnorm: 3.9965 | dt: 158ms | tok/s: 25,985 | remaining: 3791s
step 112560 (82.5%) | loss: 9.8423 | gnorm: 1.8773 | dt: 157ms | tok/s: 26,124 | remaining: 3788s
step 112580 (82.5%) | loss: 9.5711 | gnorm: 4.9271 | dt: 157ms | tok/s: 26,050 | remaining: 3785s
step 112600 (82.5%) | loss: 9.5376 | gnorm: 1.8040 | dt: 158ms | tok/s: 25,954 | remaining: 3781s
step 112620 (82.5%) | loss: 9.1542 | gnorm: 3.6491 | dt: 157ms | tok/s: 26,059 | remaining: 3778s
step 112640 (82.5%) | loss: 9.6310 | gnorm: 1.6055 | dt: 161ms | tok/s: 25,509 | remaining: 3775s
step 112660 (82.5%) | loss: 9.4980 | gnorm: 3.6705 | dt: 155ms | tok/s: 26,348 | remaining: 3772s
step 112680 (82.6%) | loss: 9.6569 | gnorm: 1.7175 | dt: 157ms | tok/s: 26,077 | remaining: 3769s
step 112700 (82.6%) | loss: 9.3095 | gnorm: 4.5381 | dt: 157ms | tok/s: 26,063 | remaining: 3766s
step 112720 (82.6%) | loss: 9.8637 | gnorm: 1.6534 | dt: 161ms | tok/s: 25,443 | remaining: 3762s
step 112740 (82.6%) | loss: 9.9631 | gnorm: 3.4262 | dt: 160ms | tok/s: 25,631 | remaining: 3759s
step 112760 (82.6%) | loss: 9.5611 | gnorm: 2.0120 | dt: 163ms | tok/s: 25,193 | remaining: 3756s
step 112780 (82.6%) | loss: 9.4236 | gnorm: 4.2439 | dt: 157ms | tok/s: 26,030 | remaining: 3753s
step 112800 (82.6%) | loss: 9.0077 | gnorm: 1.8333 | dt: 157ms | tok/s: 26,076 | remaining: 3750s
step 112820 (82.7%) | loss: 9.1229 | gnorm: 3.9426 | dt: 156ms | tok/s: 26,310 | remaining: 3747s
step 112840 (82.7%) | loss: 9.1060 | gnorm: 1.7694 | dt: 160ms | tok/s: 25,535 | remaining: 3743s
step 112860 (82.7%) | loss: 8.9080 | gnorm: 4.2239 | dt: 159ms | tok/s: 25,693 | remaining: 3740s
step 112880 (82.7%) | loss: 9.0442 | gnorm: 1.8678 | dt: 164ms | tok/s: 24,999 | remaining: 3737s
step 112900 (82.7%) | loss: 9.8366 | gnorm: 3.9912 | dt: 158ms | tok/s: 25,897 | remaining: 3734s
step 112920 (82.7%) | loss: 9.0086 | gnorm: 1.8073 | dt: 158ms | tok/s: 25,990 | remaining: 3731s
step 112940 (82.7%) | loss: 9.5690 | gnorm: 3.6627 | dt: 156ms | tok/s: 26,200 | remaining: 3727s
step 112960 (82.8%) | loss: 9.7647 | gnorm: 1.9123 | dt: 158ms | tok/s: 25,924 | remaining: 3724s
step 112980 (82.8%) | loss: 9.3546 | gnorm: 3.6877 | dt: 159ms | tok/s: 25,788 | remaining: 3721s
step 113000 (82.8%) | loss: 9.9165 | gnorm: 1.5031 | dt: 160ms | tok/s: 25,623 | remaining: 3718s
step 113020 (82.8%) | loss: 9.7105 | gnorm: 4.0030 | dt: 157ms | tok/s: 26,151 | remaining: 3715s
step 113040 (82.8%) | loss: 9.5253 | gnorm: 2.0054 | dt: 159ms | tok/s: 25,809 | remaining: 3712s
step 113060 (82.8%) | loss: 9.8838 | gnorm: 3.7352 | dt: 157ms | tok/s: 26,015 | remaining: 3708s
step 113080 (82.8%) | loss: 9.0172 | gnorm: 1.6783 | dt: 159ms | tok/s: 25,771 | remaining: 3705s
step 113100 (82.9%) | loss: 8.3861 | gnorm: 3.3607 | dt: 159ms | tok/s: 25,749 | remaining: 3702s
step 113120 (82.9%) | loss: 8.8668 | gnorm: 1.8923 | dt: 160ms | tok/s: 25,527 | remaining: 3699s
step 113140 (82.9%) | loss: 8.8022 | gnorm: 3.8178 | dt: 157ms | tok/s: 26,129 | remaining: 3696s
step 113160 (82.9%) | loss: 8.6109 | gnorm: 2.0877 | dt: 158ms | tok/s: 25,990 | remaining: 3693s
step 113180 (82.9%) | loss: 10.1983 | gnorm: 3.0003 | dt: 159ms | tok/s: 25,758 | remaining: 3689s
step 113200 (82.9%) | loss: 9.2379 | gnorm: 1.6730 | dt: 160ms | tok/s: 25,591 | remaining: 3686s
step 113220 (82.9%) | loss: 9.6977 | gnorm: 3.8934 | dt: 160ms | tok/s: 25,543 | remaining: 3683s
step 113240 (83.0%) | loss: 9.4483 | gnorm: 1.5366 | dt: 158ms | tok/s: 25,911 | remaining: 3680s
step 113260 (83.0%) | loss: 8.9729 | gnorm: 3.3921 | dt: 155ms | tok/s: 26,429 | remaining: 3677s
step 113280 (83.0%) | loss: 8.9325 | gnorm: 1.9382 | dt: 157ms | tok/s: 26,036 | remaining: 3674s
step 113300 (83.0%) | loss: 8.8514 | gnorm: 3.4847 | dt: 158ms | tok/s: 25,966 | remaining: 3670s
step 113320 (83.0%) | loss: 9.3184 | gnorm: 1.7489 | dt: 163ms | tok/s: 25,057 | remaining: 3667s
step 113340 (83.0%) | loss: 9.5361 | gnorm: 3.6773 | dt: 160ms | tok/s: 25,652 | remaining: 3664s
step 113360 (83.1%) | loss: 9.6975 | gnorm: 1.9159 | dt: 160ms | tok/s: 25,611 | remaining: 3661s
step 113380 (83.1%) | loss: 9.5677 | gnorm: 2.8907 | dt: 156ms | tok/s: 26,239 | remaining: 3658s
step 113400 (83.1%) | loss: 8.2138 | gnorm: 1.7049 | dt: 158ms | tok/s: 25,907 | remaining: 3655s
step 113420 (83.1%) | loss: 8.9905 | gnorm: 3.3224 | dt: 159ms | tok/s: 25,751 | remaining: 3651s
step 113440 (83.1%) | loss: 9.0404 | gnorm: 1.8914 | dt: 159ms | tok/s: 25,834 | remaining: 3648s
step 113460 (83.1%) | loss: 9.2983 | gnorm: 3.6475 | dt: 161ms | tok/s: 25,447 | remaining: 3645s
step 113480 (83.1%) | loss: 9.2758 | gnorm: 2.1169 | dt: 159ms | tok/s: 25,715 | remaining: 3642s
step 113500 (83.2%) | loss: 9.7329 | gnorm: 4.8812 | dt: 156ms | tok/s: 26,217 | remaining: 3639s
step 113520 (83.2%) | loss: 9.2302 | gnorm: 1.5969 | dt: 157ms | tok/s: 26,013 | remaining: 3636s
step 113540 (83.2%) | loss: 10.7418 | gnorm: 7.0991 | dt: 159ms | tok/s: 25,794 | remaining: 3632s
step 113560 (83.2%) | loss: 10.6334 | gnorm: 1.8400 | dt: 161ms | tok/s: 25,479 | remaining: 3629s
step 113580 (83.2%) | loss: 9.0948 | gnorm: 4.4366 | dt: 161ms | tok/s: 25,501 | remaining: 3626s
step 113600 (83.2%) | loss: 8.7932 | gnorm: 1.7637 | dt: 158ms | tok/s: 25,961 | remaining: 3623s
step 113620 (83.2%) | loss: 8.6210 | gnorm: 3.7864 | dt: 158ms | tok/s: 26,001 | remaining: 3620s
step 113640 (83.3%) | loss: 8.9447 | gnorm: 1.6976 | dt: 158ms | tok/s: 25,948 | remaining: 3617s
step 113660 (83.3%) | loss: 8.5388 | gnorm: 3.8857 | dt: 158ms | tok/s: 25,953 | remaining: 3613s
step 113680 (83.3%) | loss: 12.4547 | gnorm: 1.4322 | dt: 159ms | tok/s: 25,700 | remaining: 3610s
step 113700 (83.3%) | loss: 9.4935 | gnorm: 3.5006 | dt: 161ms | tok/s: 25,444 | remaining: 3607s
step 113720 (83.3%) | loss: 9.2925 | gnorm: 1.8460 | dt: 157ms | tok/s: 26,154 | remaining: 3604s
step 113740 (83.3%) | loss: 9.0404 | gnorm: 3.1415 | dt: 157ms | tok/s: 26,026 | remaining: 3601s
step 113760 (83.3%) | loss: 8.8251 | gnorm: 2.0085 | dt: 158ms | tok/s: 25,936 | remaining: 3598s
step 113780 (83.4%) | loss: 9.4312 | gnorm: 4.0425 | dt: 159ms | tok/s: 25,834 | remaining: 3594s
step 113800 (83.4%) | loss: 9.2360 | gnorm: 1.8984 | dt: 160ms | tok/s: 25,562 | remaining: 3591s
step 113820 (83.4%) | loss: 9.1335 | gnorm: 3.5226 | dt: 160ms | tok/s: 25,603 | remaining: 3588s
step 113840 (83.4%) | loss: 8.8529 | gnorm: 1.8470 | dt: 155ms | tok/s: 26,407 | remaining: 3585s
step 113860 (83.4%) | loss: 9.5120 | gnorm: 4.3026 | dt: 158ms | tok/s: 25,898 | remaining: 3582s
step 113880 (83.4%) | loss: 9.0419 | gnorm: 1.7173 | dt: 158ms | tok/s: 25,858 | remaining: 3579s
step 113900 (83.4%) | loss: 9.1785 | gnorm: 3.2384 | dt: 159ms | tok/s: 25,829 | remaining: 3575s
step 113920 (83.5%) | loss: 9.4200 | gnorm: 1.5951 | dt: 160ms | tok/s: 25,657 | remaining: 3572s
step 113940 (83.5%) | loss: 9.5276 | gnorm: 3.5592 | dt: 161ms | tok/s: 25,400 | remaining: 3569s
step 113960 (83.5%) | loss: 9.2973 | gnorm: 1.6896 | dt: 156ms | tok/s: 26,212 | remaining: 3566s
step 113980 (83.5%) | loss: 10.0684 | gnorm: 3.4168 | dt: 157ms | tok/s: 26,026 | remaining: 3563s
step 114000 (83.5%) | loss: 8.8753 | gnorm: 1.6107 | dt: 158ms | tok/s: 25,858 | remaining: 3560s
step 114020 (83.5%) | loss: 10.6172 | gnorm: 3.6792 | dt: 158ms | tok/s: 25,875 | remaining: 3556s
step 114040 (83.5%) | loss: 9.5516 | gnorm: 2.2189 | dt: 159ms | tok/s: 25,781 | remaining: 3553s
step 114060 (83.6%) | loss: 9.0845 | gnorm: 3.6119 | dt: 158ms | tok/s: 25,898 | remaining: 3550s
step 114080 (83.6%) | loss: 9.2848 | gnorm: 1.8310 | dt: 157ms | tok/s: 26,111 | remaining: 3547s
step 114100 (83.6%) | loss: 9.7086 | gnorm: 3.4208 | dt: 157ms | tok/s: 26,068 | remaining: 3544s
step 114120 (83.6%) | loss: 9.9508 | gnorm: 1.9063 | dt: 159ms | tok/s: 25,785 | remaining: 3541s
step 114140 (83.6%) | loss: 9.5288 | gnorm: 3.6999 | dt: 159ms | tok/s: 25,834 | remaining: 3537s
step 114160 (83.6%) | loss: 9.0097 | gnorm: 3.2468 | dt: 162ms | tok/s: 25,271 | remaining: 3534s
step 114180 (83.7%) | loss: 9.7206 | gnorm: 3.6240 | dt: 156ms | tok/s: 26,292 | remaining: 3531s
step 114200 (83.7%) | loss: 9.5887 | gnorm: 1.6252 | dt: 157ms | tok/s: 26,038 | remaining: 3528s
step 114220 (83.7%) | loss: 9.6911 | gnorm: 3.9373 | dt: 159ms | tok/s: 25,731 | remaining: 3525s
step 114240 (83.7%) | loss: 8.8476 | gnorm: 1.7230 | dt: 160ms | tok/s: 25,647 | remaining: 3522s
step 114260 (83.7%) | loss: 10.3601 | gnorm: 3.5106 | dt: 162ms | tok/s: 25,347 | remaining: 3518s
step 114280 (83.7%) | loss: 9.2014 | gnorm: 1.4945 | dt: 158ms | tok/s: 26,001 | remaining: 3515s
step 114300 (83.7%) | loss: 9.6088 | gnorm: 3.9083 | dt: 156ms | tok/s: 26,197 | remaining: 3512s
step 114320 (83.8%) | loss: 9.7910 | gnorm: 1.7912 | dt: 157ms | tok/s: 26,026 | remaining: 3509s
step 114340 (83.8%) | loss: 9.8761 | gnorm: 4.3865 | dt: 158ms | tok/s: 25,902 | remaining: 3506s
step 114360 (83.8%) | loss: 9.1798 | gnorm: 1.4732 | dt: 158ms | tok/s: 25,843 | remaining: 3503s
step 114380 (83.8%) | loss: 10.4123 | gnorm: 4.3830 | dt: 160ms | tok/s: 25,616 | remaining: 3499s
step 114400 (83.8%) | loss: 9.7235 | gnorm: 1.7652 | dt: 155ms | tok/s: 26,364 | remaining: 3496s
step 114420 (83.8%) | loss: 9.8233 | gnorm: 3.3144 | dt: 157ms | tok/s: 26,130 | remaining: 3493s
step 114440 (83.8%) | loss: 9.1603 | gnorm: 2.0048 | dt: 158ms | tok/s: 25,894 | remaining: 3490s
step 114460 (83.9%) | loss: 9.5309 | gnorm: 3.6884 | dt: 158ms | tok/s: 25,847 | remaining: 3487s
step 114480 (83.9%) | loss: 9.4750 | gnorm: 1.6268 | dt: 160ms | tok/s: 25,554 | remaining: 3484s
step 114500 (83.9%) | loss: 9.6137 | gnorm: 3.3556 | dt: 156ms | tok/s: 26,206 | remaining: 3480s
step 114520 (83.9%) | loss: 8.9219 | gnorm: 1.6771 | dt: 157ms | tok/s: 26,069 | remaining: 3477s
step 114540 (83.9%) | loss: 9.9858 | gnorm: 4.3899 | dt: 158ms | tok/s: 25,946 | remaining: 3474s
step 114560 (83.9%) | loss: 9.1775 | gnorm: 1.8299 | dt: 159ms | tok/s: 25,767 | remaining: 3471s
step 114580 (83.9%) | loss: 9.7210 | gnorm: 4.1418 | dt: 160ms | tok/s: 25,597 | remaining: 3468s
step 114600 (84.0%) | loss: 8.9427 | gnorm: 2.1491 | dt: 161ms | tok/s: 25,487 | remaining: 3465s
step 114620 (84.0%) | loss: 9.7826 | gnorm: 3.7572 | dt: 155ms | tok/s: 26,384 | remaining: 3461s
step 114640 (84.0%) | loss: 10.2166 | gnorm: 1.7627 | dt: 157ms | tok/s: 26,034 | remaining: 3458s
step 114660 (84.0%) | loss: 9.4446 | gnorm: 3.6800 | dt: 158ms | tok/s: 25,910 | remaining: 3455s
step 114680 (84.0%) | loss: 8.7839 | gnorm: 1.8160 | dt: 159ms | tok/s: 25,778 | remaining: 3452s
step 114700 (84.0%) | loss: 9.5603 | gnorm: 4.1860 | dt: 168ms | tok/s: 24,369 | remaining: 3449s
step 114720 (84.0%) | loss: 9.2367 | gnorm: 1.9210 | dt: 163ms | tok/s: 25,123 | remaining: 3446s
step 114740 (84.1%) | loss: 9.2795 | gnorm: 4.0400 | dt: 156ms | tok/s: 26,267 | remaining: 3442s
step 114760 (84.1%) | loss: 9.9693 | gnorm: 1.8377 | dt: 157ms | tok/s: 26,019 | remaining: 3439s
step 114780 (84.1%) | loss: 10.1148 | gnorm: 4.2010 | dt: 158ms | tok/s: 25,988 | remaining: 3436s
step 114800 (84.1%) | loss: 9.9175 | gnorm: 1.6794 | dt: 158ms | tok/s: 25,875 | remaining: 3433s
step 114820 (84.1%) | loss: 10.0155 | gnorm: 3.6302 | dt: 159ms | tok/s: 25,814 | remaining: 3430s
step 114840 (84.1%) | loss: 8.9762 | gnorm: 1.5294 | dt: 161ms | tok/s: 25,492 | remaining: 3427s
step 114860 (84.2%) | loss: 9.4340 | gnorm: 3.4013 | dt: 155ms | tok/s: 26,479 | remaining: 3423s
step 114880 (84.2%) | loss: 9.5323 | gnorm: 1.6632 | dt: 157ms | tok/s: 26,011 | remaining: 3420s
step 114900 (84.2%) | loss: 9.0557 | gnorm: 3.3823 | dt: 158ms | tok/s: 25,975 | remaining: 3417s
step 114920 (84.2%) | loss: 9.0657 | gnorm: 1.8508 | dt: 157ms | tok/s: 26,152 | remaining: 3414s
step 114940 (84.2%) | loss: 9.4422 | gnorm: 3.9074 | dt: 161ms | tok/s: 25,427 | remaining: 3411s
step 114960 (84.2%) | loss: 10.2991 | gnorm: 1.8654 | dt: 158ms | tok/s: 25,899 | remaining: 3408s
step 114980 (84.2%) | loss: 9.6140 | gnorm: 3.5605 | dt: 157ms | tok/s: 26,109 | remaining: 3404s
step 115000 (84.3%) | loss: 9.4108 | gnorm: 1.5069 | dt: 157ms | tok/s: 26,124 | remaining: 3401s
step 115020 (84.3%) | loss: 10.2276 | gnorm: 3.8542 | dt: 157ms | tok/s: 26,050 | remaining: 3398s
step 115040 (84.3%) | loss: 9.1164 | gnorm: 1.7158 | dt: 159ms | tok/s: 25,755 | remaining: 3395s
step 115060 (84.3%) | loss: 8.1210 | gnorm: 3.3138 | dt: 160ms | tok/s: 25,611 | remaining: 3392s
step 115080 (84.3%) | loss: 8.9289 | gnorm: 1.8745 | dt: 160ms | tok/s: 25,562 | remaining: 3389s
step 115100 (84.3%) | loss: 9.0057 | gnorm: 3.3155 | dt: 158ms | tok/s: 25,985 | remaining: 3385s
step 115120 (84.3%) | loss: 9.7576 | gnorm: 1.5076 | dt: 158ms | tok/s: 25,980 | remaining: 3382s
step 115140 (84.4%) | loss: 9.8785 | gnorm: 3.7302 | dt: 160ms | tok/s: 25,648 | remaining: 3379s
step 115160 (84.4%) | loss: 9.7335 | gnorm: 1.5208 | dt: 160ms | tok/s: 25,646 | remaining: 3376s
step 115180 (84.4%) | loss: 9.8788 | gnorm: 4.1375 | dt: 160ms | tok/s: 25,550 | remaining: 3373s
step 115200 (84.4%) | loss: 9.2621 | gnorm: 1.6489 | dt: 162ms | tok/s: 25,341 | remaining: 3370s
step 115220 (84.4%) | loss: 10.1090 | gnorm: 4.3471 | dt: 159ms | tok/s: 25,725 | remaining: 3366s
step 115240 (84.4%) | loss: 9.0912 | gnorm: 1.7535 | dt: 160ms | tok/s: 25,619 | remaining: 3363s
step 115260 (84.4%) | loss: 9.6677 | gnorm: 3.8048 | dt: 161ms | tok/s: 25,449 | remaining: 3360s
step 115280 (84.5%) | loss: 9.7057 | gnorm: 1.6151 | dt: 160ms | tok/s: 25,547 | remaining: 3357s
step 115300 (84.5%) | loss: 10.1506 | gnorm: 5.0684 | dt: 161ms | tok/s: 25,504 | remaining: 3354s
step 115320 (84.5%) | loss: 10.0179 | gnorm: 1.6659 | dt: 161ms | tok/s: 25,450 | remaining: 3350s
step 115340 (84.5%) | loss: 10.0850 | gnorm: 3.7892 | dt: 156ms | tok/s: 26,278 | remaining: 3347s
step 115360 (84.5%) | loss: 9.1006 | gnorm: 1.7198 | dt: 156ms | tok/s: 26,247 | remaining: 3344s
step 115380 (84.5%) | loss: 9.9796 | gnorm: 4.2925 | dt: 157ms | tok/s: 26,160 | remaining: 3341s
step 115400 (84.5%) | loss: 9.2421 | gnorm: 1.7079 | dt: 158ms | tok/s: 25,899 | remaining: 3338s
step 115420 (84.6%) | loss: 10.2794 | gnorm: 3.6021 | dt: 159ms | tok/s: 25,765 | remaining: 3335s
step 115440 (84.6%) | loss: 9.2935 | gnorm: 1.8350 | dt: 161ms | tok/s: 25,411 | remaining: 3331s
step 115460 (84.6%) | loss: 10.0744 | gnorm: 3.9896 | dt: 157ms | tok/s: 26,060 | remaining: 3328s
step 115480 (84.6%) | loss: 9.3760 | gnorm: 1.7783 | dt: 157ms | tok/s: 26,052 | remaining: 3325s
step 115500 (84.6%) | loss: 8.8869 | gnorm: 3.4137 | dt: 162ms | tok/s: 25,330 | remaining: 3322s
step 115520 (84.6%) | loss: 9.4397 | gnorm: 1.6579 | dt: 158ms | tok/s: 25,953 | remaining: 3319s
step 115540 (84.6%) | loss: 9.5342 | gnorm: 3.6224 | dt: 159ms | tok/s: 25,700 | remaining: 3316s
step 115560 (84.7%) | loss: 9.1361 | gnorm: 1.5009 | dt: 162ms | tok/s: 25,359 | remaining: 3312s
step 115580 (84.7%) | loss: 9.8537 | gnorm: 4.2528 | dt: 158ms | tok/s: 25,987 | remaining: 3309s
step 115600 (84.7%) | loss: 10.0606 | gnorm: 1.8625 | dt: 157ms | tok/s: 26,014 | remaining: 3306s
step 115620 (84.7%) | loss: 9.7063 | gnorm: 3.9329 | dt: 158ms | tok/s: 25,971 | remaining: 3303s
step 115640 (84.7%) | loss: 9.4213 | gnorm: 1.8254 | dt: 158ms | tok/s: 25,877 | remaining: 3300s
step 115660 (84.7%) | loss: 9.1773 | gnorm: 3.9820 | dt: 159ms | tok/s: 25,701 | remaining: 3297s
step 115680 (84.8%) | loss: 8.8088 | gnorm: 1.6740 | dt: 163ms | tok/s: 25,203 | remaining: 3293s
step 115700 (84.8%) | loss: 9.3398 | gnorm: 3.3888 | dt: 157ms | tok/s: 26,081 | remaining: 3290s
step 115720 (84.8%) | loss: 8.9904 | gnorm: 1.7653 | dt: 157ms | tok/s: 26,048 | remaining: 3287s
step 115740 (84.8%) | loss: 8.4656 | gnorm: 3.7173 | dt: 157ms | tok/s: 26,052 | remaining: 3284s
step 115760 (84.8%) | loss: 9.0310 | gnorm: 1.5728 | dt: 159ms | tok/s: 25,771 | remaining: 3281s
step 115780 (84.8%) | loss: 9.4738 | gnorm: 3.9037 | dt: 159ms | tok/s: 25,784 | remaining: 3278s
step 115800 (84.8%) | loss: 9.4266 | gnorm: 1.7149 | dt: 162ms | tok/s: 25,343 | remaining: 3274s
step 115820 (84.9%) | loss: 10.4561 | gnorm: 4.1465 | dt: 156ms | tok/s: 26,240 | remaining: 3271s
step 115840 (84.9%) | loss: 9.8804 | gnorm: 1.8047 | dt: 158ms | tok/s: 25,972 | remaining: 3268s
step 115860 (84.9%) | loss: 8.4728 | gnorm: 2.7836 | dt: 158ms | tok/s: 25,927 | remaining: 3265s
step 115880 (84.9%) | loss: 9.6754 | gnorm: 1.7055 | dt: 166ms | tok/s: 24,618 | remaining: 3262s
step 115900 (84.9%) | loss: 9.8256 | gnorm: 3.9170 | dt: 159ms | tok/s: 25,728 | remaining: 3259s
step 115920 (84.9%) | loss: 9.9682 | gnorm: 1.7629 | dt: 160ms | tok/s: 25,533 | remaining: 3255s
step 115940 (84.9%) | loss: 10.4659 | gnorm: 3.9154 | dt: 157ms | tok/s: 26,125 | remaining: 3252s
step 115960 (85.0%) | loss: 10.2282 | gnorm: 1.6627 | dt: 158ms | tok/s: 25,944 | remaining: 3249s
step 115980 (85.0%) | loss: 8.1467 | gnorm: 3.3413 | dt: 158ms | tok/s: 25,928 | remaining: 3246s
step 116000 (85.0%) | loss: 9.3636 | gnorm: 1.7188 | dt: 158ms | tok/s: 25,852 | remaining: 3243s
step 116020 (85.0%) | loss: 9.6780 | gnorm: 3.3590 | dt: 159ms | tok/s: 25,777 | remaining: 3239s
step 116040 (85.0%) | loss: 9.4939 | gnorm: 1.7860 | dt: 162ms | tok/s: 25,348 | remaining: 3236s
step 116060 (85.0%) | loss: 9.9717 | gnorm: 2.9575 | dt: 157ms | tok/s: 26,088 | remaining: 3233s
step 116080 (85.0%) | loss: 9.7737 | gnorm: 1.7116 | dt: 157ms | tok/s: 26,030 | remaining: 3230s
step 116100 (85.1%) | loss: 11.2971 | gnorm: 3.9296 | dt: 159ms | tok/s: 25,830 | remaining: 3227s
step 116120 (85.1%) | loss: 9.3689 | gnorm: 2.0032 | dt: 158ms | tok/s: 25,976 | remaining: 3224s
step 116140 (85.1%) | loss: 9.9675 | gnorm: 3.8158 | dt: 159ms | tok/s: 25,680 | remaining: 3220s
step 116160 (85.1%) | loss: 8.7837 | gnorm: 1.5136 | dt: 160ms | tok/s: 25,600 | remaining: 3217s
step 116180 (85.1%) | loss: 9.9896 | gnorm: 4.6799 | dt: 156ms | tok/s: 26,273 | remaining: 3214s
step 116200 (85.1%) | loss: 10.0878 | gnorm: 1.6647 | dt: 158ms | tok/s: 25,856 | remaining: 3211s
step 116220 (85.1%) | loss: 9.6654 | gnorm: 3.4538 | dt: 158ms | tok/s: 25,891 | remaining: 3208s
step 116240 (85.2%) | loss: 9.5014 | gnorm: 1.9069 | dt: 158ms | tok/s: 25,879 | remaining: 3205s
step 116260 (85.2%) | loss: 9.6707 | gnorm: 3.9109 | dt: 160ms | tok/s: 25,585 | remaining: 3201s
step 116280 (85.2%) | loss: 9.7308 | gnorm: 1.6159 | dt: 161ms | tok/s: 25,408 | remaining: 3198s
step 116300 (85.2%) | loss: 9.3984 | gnorm: 4.1854 | dt: 156ms | tok/s: 26,269 | remaining: 3195s
step 116320 (85.2%) | loss: 9.3774 | gnorm: 1.6245 | dt: 158ms | tok/s: 25,936 | remaining: 3192s
step 116340 (85.2%) | loss: 9.5572 | gnorm: 3.7678 | dt: 158ms | tok/s: 25,972 | remaining: 3189s
step 116360 (85.3%) | loss: 9.5374 | gnorm: 1.6312 | dt: 158ms | tok/s: 26,000 | remaining: 3186s
step 116380 (85.3%) | loss: 10.2785 | gnorm: 4.3114 | dt: 159ms | tok/s: 25,762 | remaining: 3182s
step 116400 (85.3%) | loss: 9.7146 | gnorm: 1.6090 | dt: 159ms | tok/s: 25,692 | remaining: 3179s
step 116420 (85.3%) | loss: 10.2646 | gnorm: 3.8981 | dt: 156ms | tok/s: 26,238 | remaining: 3176s
step 116440 (85.3%) | loss: 10.1946 | gnorm: 1.5590 | dt: 157ms | tok/s: 26,060 | remaining: 3173s
step 116460 (85.3%) | loss: 10.6758 | gnorm: 4.7675 | dt: 157ms | tok/s: 26,092 | remaining: 3170s
step 116480 (85.3%) | loss: 9.7413 | gnorm: 2.2881 | dt: 159ms | tok/s: 25,824 | remaining: 3167s
step 116500 (85.4%) | loss: 9.0222 | gnorm: 3.4240 | dt: 157ms | tok/s: 26,120 | remaining: 3163s
step 116520 (85.4%) | loss: 9.3806 | gnorm: 1.9217 | dt: 161ms | tok/s: 25,398 | remaining: 3160s
step 116540 (85.4%) | loss: 9.8279 | gnorm: 4.1851 | dt: 157ms | tok/s: 26,036 | remaining: 3157s
step 116560 (85.4%) | loss: 9.3288 | gnorm: 1.5273 | dt: 156ms | tok/s: 26,269 | remaining: 3154s
step 116580 (85.4%) | loss: 9.3612 | gnorm: 4.6548 | dt: 157ms | tok/s: 26,100 | remaining: 3151s
step 116600 (85.4%) | loss: 9.3695 | gnorm: 1.6934 | dt: 159ms | tok/s: 25,831 | remaining: 3148s
step 116620 (85.4%) | loss: 9.0371 | gnorm: 4.2101 | dt: 160ms | tok/s: 25,558 | remaining: 3144s
step 116640 (85.5%) | loss: 9.4693 | gnorm: 1.6489 | dt: 157ms | tok/s: 26,154 | remaining: 3141s
step 116660 (85.5%) | loss: 9.4874 | gnorm: 3.2720 | dt: 159ms | tok/s: 25,696 | remaining: 3138s
step 116680 (85.5%) | loss: 9.5703 | gnorm: 1.9116 | dt: 157ms | tok/s: 26,108 | remaining: 3135s
step 116700 (85.5%) | loss: 9.2627 | gnorm: 3.5017 | dt: 157ms | tok/s: 26,118 | remaining: 3132s
step 116720 (85.5%) | loss: 9.5745 | gnorm: 1.8042 | dt: 157ms | tok/s: 26,041 | remaining: 3128s
step 116740 (85.5%) | loss: 10.2851 | gnorm: 4.5360 | dt: 160ms | tok/s: 25,661 | remaining: 3125s
step 116760 (85.5%) | loss: 9.8371 | gnorm: 1.4811 | dt: 162ms | tok/s: 25,342 | remaining: 3122s
step 116780 (85.6%) | loss: 9.3178 | gnorm: 3.9439 | dt: 161ms | tok/s: 25,462 | remaining: 3119s
step 116800 (85.6%) | loss: 8.4007 | gnorm: 1.7549 | dt: 157ms | tok/s: 26,038 | remaining: 3116s
step 116820 (85.6%) | loss: 8.6508 | gnorm: 2.6995 | dt: 159ms | tok/s: 25,824 | remaining: 3113s
step 116840 (85.6%) | loss: 9.5560 | gnorm: 1.8034 | dt: 160ms | tok/s: 25,644 | remaining: 3109s
step 116860 (85.6%) | loss: 9.8830 | gnorm: 3.0264 | dt: 159ms | tok/s: 25,760 | remaining: 3106s
step 116880 (85.6%) | loss: 9.4080 | gnorm: 1.7310 | dt: 159ms | tok/s: 25,703 | remaining: 3103s
step 116900 (85.6%) | loss: 10.2858 | gnorm: 3.6268 | dt: 162ms | tok/s: 25,260 | remaining: 3100s
step 116920 (85.7%) | loss: 9.7185 | gnorm: 1.5690 | dt: 160ms | tok/s: 25,591 | remaining: 3097s
step 116940 (85.7%) | loss: 8.9980 | gnorm: 3.3737 | dt: 157ms | tok/s: 26,087 | remaining: 3093s
step 116960 (85.7%) | loss: 9.9427 | gnorm: 1.7310 | dt: 157ms | tok/s: 26,027 | remaining: 3090s
step 116980 (85.7%) | loss: 10.2847 | gnorm: 3.8286 | dt: 159ms | tok/s: 25,700 | remaining: 3087s
step 117000 (85.7%) | loss: 9.4436 | gnorm: 1.7180 | dt: 159ms | tok/s: 25,716 | remaining: 3084s
step 117020 (85.7%) | loss: 10.2447 | gnorm: 3.5323 | dt: 158ms | tok/s: 25,963 | remaining: 3081s
step 117040 (85.8%) | loss: 9.8674 | gnorm: 1.8070 | dt: 162ms | tok/s: 25,225 | remaining: 3078s
step 117060 (85.8%) | loss: 9.5504 | gnorm: 3.5085 | dt: 156ms | tok/s: 26,228 | remaining: 3074s
step 117080 (85.8%) | loss: 9.3988 | gnorm: 1.8972 | dt: 158ms | tok/s: 25,892 | remaining: 3071s
step 117100 (85.8%) | loss: 9.6461 | gnorm: 4.1266 | dt: 158ms | tok/s: 25,864 | remaining: 3068s
step 117120 (85.8%) | loss: 9.0078 | gnorm: 1.5967 | dt: 159ms | tok/s: 25,799 | remaining: 3065s
step 117140 (85.8%) | loss: 8.6532 | gnorm: 3.2610 | dt: 162ms | tok/s: 25,310 | remaining: 3062s
step 117160 (85.8%) | loss: 9.0483 | gnorm: 1.5811 | dt: 163ms | tok/s: 25,177 | remaining: 3059s
step 117180 (85.9%) | loss: 10.4368 | gnorm: 3.7711 | dt: 161ms | tok/s: 25,462 | remaining: 3055s
step 117200 (85.9%) | loss: 9.3438 | gnorm: 1.7402 | dt: 156ms | tok/s: 26,286 | remaining: 3052s
step 117220 (85.9%) | loss: 10.8649 | gnorm: 3.2481 | dt: 158ms | tok/s: 25,888 | remaining: 3049s
step 117240 (85.9%) | loss: 9.0667 | gnorm: 1.7820 | dt: 159ms | tok/s: 25,821 | remaining: 3046s
step 117260 (85.9%) | loss: 9.4300 | gnorm: 3.8995 | dt: 159ms | tok/s: 25,713 | remaining: 3043s
step 117280 (85.9%) | loss: 10.6695 | gnorm: 1.6407 | dt: 159ms | tok/s: 25,800 | remaining: 3039s
step 117300 (85.9%) | loss: 9.7999 | gnorm: 3.7196 | dt: 160ms | tok/s: 25,642 | remaining: 3036s
step 117320 (86.0%) | loss: 9.2423 | gnorm: 1.7352 | dt: 156ms | tok/s: 26,190 | remaining: 3033s
step 117340 (86.0%) | loss: 9.8546 | gnorm: 3.9631 | dt: 157ms | tok/s: 26,135 | remaining: 3030s
step 117360 (86.0%) | loss: 8.8847 | gnorm: 1.6395 | dt: 157ms | tok/s: 26,034 | remaining: 3027s
step 117380 (86.0%) | loss: 9.7665 | gnorm: 4.2711 | dt: 159ms | tok/s: 25,818 | remaining: 3024s
step 117400 (86.0%) | loss: 8.8529 | gnorm: 1.8442 | dt: 159ms | tok/s: 25,771 | remaining: 3020s
step 117420 (86.0%) | loss: 9.1217 | gnorm: 3.5264 | dt: 162ms | tok/s: 25,329 | remaining: 3017s
step 117440 (86.0%) | loss: 8.8276 | gnorm: 1.7547 | dt: 157ms | tok/s: 26,168 | remaining: 3014s
step 117460 (86.1%) | loss: 9.3705 | gnorm: 3.9607 | dt: 157ms | tok/s: 26,015 | remaining: 3011s
step 117480 (86.1%) | loss: 8.5831 | gnorm: 1.5160 | dt: 158ms | tok/s: 25,937 | remaining: 3008s
step 117500 (86.1%) | loss: 9.5723 | gnorm: 4.1759 | dt: 159ms | tok/s: 25,759 | remaining: 3005s
step 117520 (86.1%) | loss: 9.3418 | gnorm: 1.6432 | dt: 159ms | tok/s: 25,724 | remaining: 3001s
step 117540 (86.1%) | loss: 10.8696 | gnorm: 3.7875 | dt: 160ms | tok/s: 25,553 | remaining: 2998s
step 117560 (86.1%) | loss: 9.3105 | gnorm: 1.5860 | dt: 156ms | tok/s: 26,243 | remaining: 2995s
step 117580 (86.1%) | loss: 9.1742 | gnorm: 4.6494 | dt: 157ms | tok/s: 26,058 | remaining: 2992s
step 117600 (86.2%) | loss: 9.1929 | gnorm: 1.7052 | dt: 157ms | tok/s: 26,128 | remaining: 2989s
step 117620 (86.2%) | loss: 10.5308 | gnorm: 3.6096 | dt: 158ms | tok/s: 25,884 | remaining: 2986s
step 117640 (86.2%) | loss: 9.0634 | gnorm: 1.8726 | dt: 159ms | tok/s: 25,699 | remaining: 2982s
step 117660 (86.2%) | loss: 9.9560 | gnorm: 4.4319 | dt: 161ms | tok/s: 25,398 | remaining: 2979s
step 117680 (86.2%) | loss: 8.9569 | gnorm: 1.8339 | dt: 156ms | tok/s: 26,315 | remaining: 2976s
step 117700 (86.2%) | loss: 9.6634 | gnorm: 4.8533 | dt: 158ms | tok/s: 25,900 | remaining: 2973s
step 117720 (86.3%) | loss: 9.3393 | gnorm: 1.5204 | dt: 164ms | tok/s: 25,008 | remaining: 2970s
step 117740 (86.3%) | loss: 8.9760 | gnorm: 2.9481 | dt: 159ms | tok/s: 25,798 | remaining: 2966s
step 117760 (86.3%) | loss: 9.1936 | gnorm: 1.6093 | dt: 158ms | tok/s: 25,929 | remaining: 2963s
step 117780 (86.3%) | loss: 9.5512 | gnorm: 3.4079 | dt: 162ms | tok/s: 25,261 | remaining: 2960s
step 117800 (86.3%) | loss: 9.6848 | gnorm: 1.9908 | dt: 161ms | tok/s: 25,504 | remaining: 2957s
step 117820 (86.3%) | loss: 9.6426 | gnorm: 3.3995 | dt: 158ms | tok/s: 25,985 | remaining: 2954s
step 117840 (86.3%) | loss: 9.9000 | gnorm: 1.5967 | dt: 158ms | tok/s: 25,982 | remaining: 2951s
step 117860 (86.4%) | loss: 9.7092 | gnorm: 2.9980 | dt: 158ms | tok/s: 25,850 | remaining: 2947s
step 117880 (86.4%) | loss: 8.8374 | gnorm: 1.7465 | dt: 163ms | tok/s: 25,077 | remaining: 2944s
step 117900 (86.4%) | loss: 9.0313 | gnorm: 3.8432 | dt: 161ms | tok/s: 25,453 | remaining: 2941s
step 117920 (86.4%) | loss: 8.9931 | gnorm: 1.7378 | dt: 160ms | tok/s: 25,562 | remaining: 2938s
step 117940 (86.4%) | loss: 9.5635 | gnorm: 3.7203 | dt: 158ms | tok/s: 25,933 | remaining: 2935s
step 117960 (86.4%) | loss: 8.9744 | gnorm: 2.1503 | dt: 157ms | tok/s: 26,109 | remaining: 2932s
step 117980 (86.4%) | loss: 10.8438 | gnorm: 3.2170 | dt: 156ms | tok/s: 26,183 | remaining: 2928s
step 118000 (86.5%) | loss: 9.4197 | gnorm: 1.7536 | dt: 159ms | tok/s: 25,834 | remaining: 2925s
step 118020 (86.5%) | loss: 9.8402 | gnorm: 3.4019 | dt: 163ms | tok/s: 25,098 | remaining: 2922s
step 118040 (86.5%) | loss: 9.4272 | gnorm: 1.5423 | dt: 159ms | tok/s: 25,814 | remaining: 2919s
step 118060 (86.5%) | loss: 9.4870 | gnorm: 3.9540 | dt: 158ms | tok/s: 25,959 | remaining: 2916s
step 118080 (86.5%) | loss: 9.7331 | gnorm: 1.6847 | dt: 157ms | tok/s: 26,138 | remaining: 2913s
step 118100 (86.5%) | loss: 9.3025 | gnorm: 3.3751 | dt: 157ms | tok/s: 26,037 | remaining: 2909s
step 118120 (86.5%) | loss: 8.7427 | gnorm: 1.7132 | dt: 158ms | tok/s: 25,969 | remaining: 2906s
step 118140 (86.6%) | loss: 8.8881 | gnorm: 3.3079 | dt: 161ms | tok/s: 25,506 | remaining: 2903s
step 118160 (86.6%) | loss: 9.0365 | gnorm: 1.7278 | dt: 158ms | tok/s: 25,864 | remaining: 2900s
step 118180 (86.6%) | loss: 8.7884 | gnorm: 3.2666 | dt: 158ms | tok/s: 25,973 | remaining: 2897s
step 118200 (86.6%) | loss: 8.7971 | gnorm: 1.4098 | dt: 155ms | tok/s: 26,347 | remaining: 2893s
step 118220 (86.6%) | loss: 8.7287 | gnorm: 2.8852 | dt: 158ms | tok/s: 25,926 | remaining: 2890s
step 118240 (86.6%) | loss: 9.3564 | gnorm: 1.6059 | dt: 159ms | tok/s: 25,717 | remaining: 2887s
step 118260 (86.6%) | loss: 8.4016 | gnorm: 2.8814 | dt: 162ms | tok/s: 25,337 | remaining: 2884s
step 118280 (86.7%) | loss: 8.7969 | gnorm: 9.9074 | dt: 157ms | tok/s: 26,063 | remaining: 2881s
step 118300 (86.7%) | loss: 12.1709 | gnorm: 4.8245 | dt: 157ms | tok/s: 26,044 | remaining: 2878s
step 118320 (86.7%) | loss: 9.5699 | gnorm: 1.5851 | dt: 158ms | tok/s: 25,925 | remaining: 2874s
step 118340 (86.7%) | loss: 8.9830 | gnorm: 4.0493 | dt: 159ms | tok/s: 25,832 | remaining: 2871s
step 118360 (86.7%) | loss: 8.9388 | gnorm: 1.5224 | dt: 159ms | tok/s: 25,723 | remaining: 2868s
step 118380 (86.7%) | loss: 9.3273 | gnorm: 3.4779 | dt: 158ms | tok/s: 25,892 | remaining: 2865s
step 118400 (86.8%) | loss: 8.9761 | gnorm: 1.6874 | dt: 162ms | tok/s: 25,220 | remaining: 2862s
step 118420 (86.8%) | loss: 8.6426 | gnorm: 3.2910 | dt: 155ms | tok/s: 26,352 | remaining: 2858s
step 118440 (86.8%) | loss: 8.4422 | gnorm: 1.8838 | dt: 158ms | tok/s: 25,895 | remaining: 2855s
step 118460 (86.8%) | loss: 9.2829 | gnorm: 4.3274 | dt: 157ms | tok/s: 26,144 | remaining: 2852s
step 118480 (86.8%) | loss: 8.9660 | gnorm: 1.3858 | dt: 158ms | tok/s: 25,899 | remaining: 2849s
step 118500 (86.8%) | loss: 9.9871 | gnorm: 4.4530 | dt: 159ms | tok/s: 25,702 | remaining: 2846s
step 118520 (86.8%) | loss: 9.5732 | gnorm: 1.5193 | dt: 159ms | tok/s: 25,775 | remaining: 2843s
step 118540 (86.9%) | loss: 9.4481 | gnorm: 4.3168 | dt: 160ms | tok/s: 25,525 | remaining: 2839s
step 118560 (86.9%) | loss: 9.0973 | gnorm: 1.6970 | dt: 162ms | tok/s: 25,342 | remaining: 2836s
step 118580 (86.9%) | loss: 9.2781 | gnorm: 3.7648 | dt: 160ms | tok/s: 25,676 | remaining: 2833s
step 118600 (86.9%) | loss: 9.1839 | gnorm: 1.7402 | dt: 159ms | tok/s: 25,779 | remaining: 2830s
step 118620 (86.9%) | loss: 9.2807 | gnorm: 3.4924 | dt: 158ms | tok/s: 25,876 | remaining: 2827s
step 118640 (86.9%) | loss: 8.6078 | gnorm: 1.8379 | dt: 158ms | tok/s: 25,923 | remaining: 2823s
step 118660 (86.9%) | loss: 8.8228 | gnorm: 3.7391 | dt: 159ms | tok/s: 25,766 | remaining: 2820s
step 118680 (87.0%) | loss: 9.3396 | gnorm: 1.6860 | dt: 160ms | tok/s: 25,576 | remaining: 2817s
step 118700 (87.0%) | loss: 9.6818 | gnorm: 4.1961 | dt: 160ms | tok/s: 25,638 | remaining: 2814s
step 118720 (87.0%) | loss: 9.1690 | gnorm: 1.8026 | dt: 161ms | tok/s: 25,410 | remaining: 2811s
step 118740 (87.0%) | loss: 9.4412 | gnorm: 3.6377 | dt: 159ms | tok/s: 25,767 | remaining: 2807s
step 118760 (87.0%) | loss: 8.7779 | gnorm: 1.5763 | dt: 157ms | tok/s: 26,054 | remaining: 2804s
step 118780 (87.0%) | loss: 8.7605 | gnorm: 3.7759 | dt: 158ms | tok/s: 25,952 | remaining: 2801s
step 118800 (87.0%) | loss: 9.0932 | gnorm: 1.4976 | dt: 159ms | tok/s: 25,840 | remaining: 2798s
step 118820 (87.1%) | loss: 9.2687 | gnorm: 3.4282 | dt: 159ms | tok/s: 25,740 | remaining: 2795s
step 118840 (87.1%) | loss: 9.2781 | gnorm: 1.6309 | dt: 161ms | tok/s: 25,386 | remaining: 2792s
step 118860 (87.1%) | loss: 9.3647 | gnorm: 3.0779 | dt: 163ms | tok/s: 25,198 | remaining: 2788s
step 118880 (87.1%) | loss: 8.7225 | gnorm: 1.7121 | dt: 159ms | tok/s: 25,829 | remaining: 2785s
step 118900 (87.1%) | loss: 8.9206 | gnorm: 3.4693 | dt: 156ms | tok/s: 26,233 | remaining: 2782s
step 118920 (87.1%) | loss: 8.9681 | gnorm: 1.6335 | dt: 157ms | tok/s: 26,014 | remaining: 2779s
step 118940 (87.1%) | loss: 9.0138 | gnorm: 3.8133 | dt: 159ms | tok/s: 25,836 | remaining: 2776s
step 118960 (87.2%) | loss: 7.8936 | gnorm: 1.9572 | dt: 158ms | tok/s: 25,863 | remaining: 2772s
step 118980 (87.2%) | loss: 9.0130 | gnorm: 3.2171 | dt: 160ms | tok/s: 25,670 | remaining: 2769s
step 119000 (87.2%) | loss: 11.1082 | gnorm: 1.9349 | dt: 162ms | tok/s: 25,330 | remaining: 2766s
step 119020 (87.2%) | loss: 9.5427 | gnorm: 3.9146 | dt: 158ms | tok/s: 25,962 | remaining: 2763s
step 119040 (87.2%) | loss: 9.1236 | gnorm: 1.5539 | dt: 157ms | tok/s: 26,094 | remaining: 2760s
step 119060 (87.2%) | loss: 9.4534 | gnorm: 3.4004 | dt: 158ms | tok/s: 25,943 | remaining: 2757s
step 119080 (87.3%) | loss: 9.7927 | gnorm: 1.7217 | dt: 158ms | tok/s: 25,931 | remaining: 2753s
step 119100 (87.3%) | loss: 9.2865 | gnorm: 3.6743 | dt: 158ms | tok/s: 25,920 | remaining: 2750s
step 119120 (87.3%) | loss: 8.9380 | gnorm: 1.8067 | dt: 162ms | tok/s: 25,356 | remaining: 2747s
step 119140 (87.3%) | loss: 9.3476 | gnorm: 3.3528 | dt: 159ms | tok/s: 25,729 | remaining: 2744s
step 119160 (87.3%) | loss: 9.3538 | gnorm: 1.4614 | dt: 156ms | tok/s: 26,309 | remaining: 2741s
step 119180 (87.3%) | loss: 9.5687 | gnorm: 3.4215 | dt: 159ms | tok/s: 25,837 | remaining: 2737s
step 119200 (87.3%) | loss: 9.2712 | gnorm: 1.4721 | dt: 158ms | tok/s: 25,963 | remaining: 2734s
step 119220 (87.4%) | loss: 9.0390 | gnorm: 3.8874 | dt: 159ms | tok/s: 25,819 | remaining: 2731s
step 119240 (87.4%) | loss: 9.3526 | gnorm: 1.6200 | dt: 160ms | tok/s: 25,618 | remaining: 2728s
step 119260 (87.4%) | loss: 10.5756 | gnorm: 4.0718 | dt: 162ms | tok/s: 25,326 | remaining: 2725s
step 119280 (87.4%) | loss: 9.5584 | gnorm: 1.5922 | dt: 161ms | tok/s: 25,444 | remaining: 2722s
step 119300 (87.4%) | loss: 9.6456 | gnorm: 3.5755 | dt: 158ms | tok/s: 25,872 | remaining: 2718s
step 119320 (87.4%) | loss: 8.1802 | gnorm: 1.7932 | dt: 158ms | tok/s: 25,996 | remaining: 2715s
step 119340 (87.4%) | loss: 9.3817 | gnorm: 3.5201 | dt: 158ms | tok/s: 25,876 | remaining: 2712s
step 119360 (87.5%) | loss: 9.2745 | gnorm: 1.7290 | dt: 160ms | tok/s: 25,656 | remaining: 2709s
step 119380 (87.5%) | loss: 8.4724 | gnorm: 3.3912 | dt: 160ms | tok/s: 25,584 | remaining: 2706s
step 119400 (87.5%) | loss: 8.5304 | gnorm: 1.5410 | dt: 161ms | tok/s: 25,430 | remaining: 2702s
step 119420 (87.5%) | loss: 10.0707 | gnorm: 4.0816 | dt: 161ms | tok/s: 25,437 | remaining: 2699s
step 119440 (87.5%) | loss: 9.4581 | gnorm: 1.8478 | dt: 164ms | tok/s: 24,928 | remaining: 2696s
step 119460 (87.5%) | loss: 8.3027 | gnorm: 2.9256 | dt: 160ms | tok/s: 25,586 | remaining: 2693s
step 119480 (87.5%) | loss: 8.9938 | gnorm: 1.5182 | dt: 160ms | tok/s: 25,523 | remaining: 2690s
step 119500 (87.6%) | loss: 9.3727 | gnorm: 4.1302 | dt: 159ms | tok/s: 25,693 | remaining: 2686s
step 119520 (87.6%) | loss: 9.2495 | gnorm: 1.4637 | dt: 159ms | tok/s: 25,699 | remaining: 2683s
step 119540 (87.6%) | loss: 8.9091 | gnorm: 3.1622 | dt: 160ms | tok/s: 25,598 | remaining: 2680s
step 119560 (87.6%) | loss: 9.5912 | gnorm: 1.9074 | dt: 160ms | tok/s: 25,559 | remaining: 2677s
step 119580 (87.6%) | loss: 9.0517 | gnorm: 3.0693 | dt: 161ms | tok/s: 25,414 | remaining: 2674s
step 119600 (87.6%) | loss: 8.6675 | gnorm: 1.6148 | dt: 161ms | tok/s: 25,370 | remaining: 2670s
step 119620 (87.7%) | loss: 8.8483 | gnorm: 3.9987 | dt: 164ms | tok/s: 25,015 | remaining: 2667s
step 119640 (87.7%) | loss: 9.1476 | gnorm: 1.6119 | dt: 163ms | tok/s: 25,122 | remaining: 2664s
step 119660 (87.7%) | loss: 8.8048 | gnorm: 3.7365 | dt: 167ms | tok/s: 24,490 | remaining: 2661s
step 119680 (87.7%) | loss: 9.1323 | gnorm: 1.3071 | dt: 159ms | tok/s: 25,754 | remaining: 2657s
step 119700 (87.7%) | loss: 9.4421 | gnorm: 3.5412 | dt: 159ms | tok/s: 25,688 | remaining: 2654s
step 119720 (87.7%) | loss: 8.3136 | gnorm: 1.4721 | dt: 161ms | tok/s: 25,450 | remaining: 2651s
step 119740 (87.7%) | loss: 9.2049 | gnorm: 3.3198 | dt: 162ms | tok/s: 25,357 | remaining: 2648s
step 119760 (87.8%) | loss: 9.0312 | gnorm: 1.9324 | dt: 162ms | tok/s: 25,228 | remaining: 2645s
step 119780 (87.8%) | loss: 8.8882 | gnorm: 4.1845 | dt: 162ms | tok/s: 25,237 | remaining: 2641s
step 119800 (87.8%) | loss: 9.3899 | gnorm: 1.3920 | dt: 160ms | tok/s: 25,537 | remaining: 2638s
step 119820 (87.8%) | loss: 9.9837 | gnorm: 3.8448 | dt: 163ms | tok/s: 25,082 | remaining: 2635s
step 119840 (87.8%) | loss: 9.2155 | gnorm: 1.5258 | dt: 164ms | tok/s: 24,965 | remaining: 2632s
step 119860 (87.8%) | loss: 9.3509 | gnorm: 3.8706 | dt: 163ms | tok/s: 25,105 | remaining: 2629s
step 119880 (87.8%) | loss: 8.9772 | gnorm: 1.3067 | dt: 164ms | tok/s: 25,039 | remaining: 2625s
step 119900 (87.9%) | loss: 9.7123 | gnorm: 4.0584 | dt: 162ms | tok/s: 25,324 | remaining: 2622s
step 119920 (87.9%) | loss: 9.2185 | gnorm: 1.6389 | dt: 160ms | tok/s: 25,546 | remaining: 2619s
step 119940 (87.9%) | loss: 14.9017 | gnorm: 3.2258 | dt: 159ms | tok/s: 25,765 | remaining: 2616s
step 119960 (87.9%) | loss: 9.8141 | gnorm: 1.6828 | dt: 160ms | tok/s: 25,544 | remaining: 2612s
step 119980 (87.9%) | loss: 9.8474 | gnorm: 4.7361 | dt: 157ms | tok/s: 26,109 | remaining: 2609s
step 120000 (87.9%) | loss: 9.3632 | gnorm: 1.5282 | dt: 161ms | tok/s: 25,439 | remaining: 2606s
step 120020 (87.9%) | loss: 9.2669 | gnorm: 3.5061 | dt: 160ms | tok/s: 25,558 | remaining: 2603s
step 120040 (88.0%) | loss: 10.6604 | gnorm: 1.8232 | dt: 160ms | tok/s: 25,652 | remaining: 2600s
step 120060 (88.0%) | loss: 11.6896 | gnorm: 3.9589 | dt: 159ms | tok/s: 25,704 | remaining: 2596s
step 120080 (88.0%) | loss: 9.5879 | gnorm: 1.5995 | dt: 160ms | tok/s: 25,644 | remaining: 2593s
step 120100 (88.0%) | loss: 9.5328 | gnorm: 3.2650 | dt: 161ms | tok/s: 25,421 | remaining: 2590s
step 120120 (88.0%) | loss: 9.0909 | gnorm: 1.5105 | dt: 161ms | tok/s: 25,381 | remaining: 2587s
step 120140 (88.0%) | loss: 10.5477 | gnorm: 3.6281 | dt: 164ms | tok/s: 24,981 | remaining: 2583s
step 120160 (88.1%) | loss: 9.5069 | gnorm: 1.6989 | dt: 161ms | tok/s: 25,380 | remaining: 2580s
step 120180 (88.1%) | loss: 9.3341 | gnorm: 3.1764 | dt: 159ms | tok/s: 25,809 | remaining: 2577s
step 120200 (88.1%) | loss: 9.0947 | gnorm: 1.4462 | dt: 158ms | tok/s: 25,922 | remaining: 2574s
step 120220 (88.1%) | loss: 9.2403 | gnorm: 3.7230 | dt: 163ms | tok/s: 25,106 | remaining: 2571s
step 120240 (88.1%) | loss: 9.2698 | gnorm: 1.7893 | dt: 159ms | tok/s: 25,687 | remaining: 2567s
step 120260 (88.1%) | loss: 9.3231 | gnorm: 4.3816 | dt: 157ms | tok/s: 26,144 | remaining: 2564s
step 120280 (88.1%) | loss: 9.2010 | gnorm: 1.6223 | dt: 156ms | tok/s: 26,253 | remaining: 2561s
step 120300 (88.2%) | loss: 8.8305 | gnorm: 3.7896 | dt: 158ms | tok/s: 25,902 | remaining: 2558s
step 120320 (88.2%) | loss: 9.1886 | gnorm: 1.4933 | dt: 159ms | tok/s: 25,766 | remaining: 2554s
step 120340 (88.2%) | loss: 9.2250 | gnorm: 3.0242 | dt: 160ms | tok/s: 25,655 | remaining: 2551s
step 120360 (88.2%) | loss: 9.6297 | gnorm: 1.6053 | dt: 161ms | tok/s: 25,468 | remaining: 2548s
step 120380 (88.2%) | loss: 8.7191 | gnorm: 3.2883 | dt: 163ms | tok/s: 25,196 | remaining: 2545s
step 120400 (88.2%) | loss: 9.0269 | gnorm: 1.4978 | dt: 161ms | tok/s: 25,410 | remaining: 2542s
step 120420 (88.2%) | loss: 8.8490 | gnorm: 3.5785 | dt: 157ms | tok/s: 26,022 | remaining: 2538s
step 120440 (88.3%) | loss: 7.8684 | gnorm: 1.9258 | dt: 158ms | tok/s: 25,866 | remaining: 2535s
step 120460 (88.3%) | loss: 8.3310 | gnorm: 4.0394 | dt: 158ms | tok/s: 25,951 | remaining: 2532s
step 120480 (88.3%) | loss: 9.7772 | gnorm: 1.5385 | dt: 159ms | tok/s: 25,771 | remaining: 2529s
step 120500 (88.3%) | loss: 9.0581 | gnorm: 3.6514 | dt: 159ms | tok/s: 25,749 | remaining: 2526s
step 120520 (88.3%) | loss: 9.1230 | gnorm: 1.8604 | dt: 160ms | tok/s: 25,552 | remaining: 2522s
step 120540 (88.3%) | loss: 9.4102 | gnorm: 3.4425 | dt: 160ms | tok/s: 25,543 | remaining: 2519s
step 120560 (88.4%) | loss: 9.4267 | gnorm: 1.5751 | dt: 162ms | tok/s: 25,217 | remaining: 2516s
step 120580 (88.4%) | loss: 9.5658 | gnorm: 3.6878 | dt: 162ms | tok/s: 25,236 | remaining: 2513s
step 120600 (88.4%) | loss: 9.0298 | gnorm: 1.4742 | dt: 156ms | tok/s: 26,285 | remaining: 2510s
step 120620 (88.4%) | loss: 9.2270 | gnorm: 3.4979 | dt: 159ms | tok/s: 25,794 | remaining: 2506s
step 120640 (88.4%) | loss: 8.7570 | gnorm: 2.0262 | dt: 159ms | tok/s: 25,705 | remaining: 2503s
step 120660 (88.4%) | loss: 9.2405 | gnorm: 3.7980 | dt: 159ms | tok/s: 25,780 | remaining: 2500s
step 120680 (88.4%) | loss: 8.6396 | gnorm: 1.6594 | dt: 160ms | tok/s: 25,632 | remaining: 2497s
step 120700 (88.5%) | loss: 8.9313 | gnorm: 3.0243 | dt: 161ms | tok/s: 25,478 | remaining: 2494s
step 120720 (88.5%) | loss: 9.3507 | gnorm: 1.6381 | dt: 161ms | tok/s: 25,435 | remaining: 2490s
step 120740 (88.5%) | loss: 9.3975 | gnorm: 3.9309 | dt: 163ms | tok/s: 25,147 | remaining: 2487s
step 120760 (88.5%) | loss: 9.1313 | gnorm: 1.6210 | dt: 157ms | tok/s: 26,072 | remaining: 2484s
step 120780 (88.5%) | loss: 9.1640 | gnorm: 3.4551 | dt: 157ms | tok/s: 26,031 | remaining: 2481s
step 120800 (88.5%) | loss: 8.7475 | gnorm: 1.4413 | dt: 159ms | tok/s: 25,754 | remaining: 2478s
step 120820 (88.5%) | loss: 8.9021 | gnorm: 4.0069 | dt: 159ms | tok/s: 25,684 | remaining: 2474s
step 120840 (88.6%) | loss: 8.8007 | gnorm: 1.3884 | dt: 160ms | tok/s: 25,579 | remaining: 2471s
step 120860 (88.6%) | loss: 10.7589 | gnorm: 3.5116 | dt: 161ms | tok/s: 25,490 | remaining: 2468s
step 120880 (88.6%) | loss: 9.5638 | gnorm: 1.9393 | dt: 162ms | tok/s: 25,223 | remaining: 2465s
step 120900 (88.6%) | loss: 9.7427 | gnorm: 3.8235 | dt: 161ms | tok/s: 25,399 | remaining: 2462s
step 120920 (88.6%) | loss: 9.9053 | gnorm: 1.6344 | dt: 158ms | tok/s: 25,985 | remaining: 2459s
step 120940 (88.6%) | loss: 10.4207 | gnorm: 4.5499 | dt: 157ms | tok/s: 26,018 | remaining: 2455s
step 120960 (88.6%) | loss: 9.1305 | gnorm: 1.4801 | dt: 159ms | tok/s: 25,814 | remaining: 2452s
step 120980 (88.7%) | loss: 9.7076 | gnorm: 4.1020 | dt: 160ms | tok/s: 25,587 | remaining: 2449s
step 121000 (88.7%) | loss: 8.8006 | gnorm: 1.3586 | dt: 160ms | tok/s: 25,578 | remaining: 2446s
step 121020 (88.7%) | loss: 9.1059 | gnorm: 3.1426 | dt: 160ms | tok/s: 25,586 | remaining: 2443s
step 121040 (88.7%) | loss: 8.7914 | gnorm: 1.6373 | dt: 161ms | tok/s: 25,384 | remaining: 2439s
step 121060 (88.7%) | loss: 9.6710 | gnorm: 3.3970 | dt: 156ms | tok/s: 26,183 | remaining: 2436s
step 121080 (88.7%) | loss: 9.3203 | gnorm: 1.5365 | dt: 159ms | tok/s: 25,842 | remaining: 2433s
step 121100 (88.7%) | loss: 9.6638 | gnorm: 3.9806 | dt: 158ms | tok/s: 25,880 | remaining: 2430s
step 121120 (88.8%) | loss: 9.4991 | gnorm: 1.5177 | dt: 159ms | tok/s: 25,702 | remaining: 2427s
step 121140 (88.8%) | loss: 9.9054 | gnorm: 3.5229 | dt: 160ms | tok/s: 25,542 | remaining: 2423s
step 121160 (88.8%) | loss: 7.9725 | gnorm: 1.5497 | dt: 164ms | tok/s: 25,020 | remaining: 2420s
step 121180 (88.8%) | loss: 8.3974 | gnorm: 4.4617 | dt: 160ms | tok/s: 25,659 | remaining: 2417s
step 121200 (88.8%) | loss: 8.5694 | gnorm: 1.3781 | dt: 157ms | tok/s: 26,084 | remaining: 2414s
step 121220 (88.8%) | loss: 9.5354 | gnorm: 3.4427 | dt: 158ms | tok/s: 25,901 | remaining: 2411s
step 121240 (88.9%) | loss: 9.3051 | gnorm: 1.4855 | dt: 159ms | tok/s: 25,841 | remaining: 2408s
step 121260 (88.9%) | loss: 9.1918 | gnorm: 3.9433 | dt: 159ms | tok/s: 25,802 | remaining: 2404s
step 121280 (88.9%) | loss: 8.4391 | gnorm: 1.3218 | dt: 160ms | tok/s: 25,569 | remaining: 2401s
step 121300 (88.9%) | loss: 9.2380 | gnorm: 3.6896 | dt: 160ms | tok/s: 25,529 | remaining: 2398s
step 121320 (88.9%) | loss: 8.6331 | gnorm: 1.4192 | dt: 160ms | tok/s: 25,538 | remaining: 2395s
step 121340 (88.9%) | loss: 9.4839 | gnorm: 3.1387 | dt: 156ms | tok/s: 26,229 | remaining: 2392s
step 121360 (88.9%) | loss: 9.1261 | gnorm: 1.5197 | dt: 158ms | tok/s: 25,947 | remaining: 2388s
step 121380 (89.0%) | loss: 9.1564 | gnorm: 3.3830 | dt: 159ms | tok/s: 25,742 | remaining: 2385s
step 121400 (89.0%) | loss: 9.1949 | gnorm: 1.6054 | dt: 159ms | tok/s: 25,793 | remaining: 2382s
step 121420 (89.0%) | loss: 9.0953 | gnorm: 3.7687 | dt: 160ms | tok/s: 25,610 | remaining: 2379s
step 121440 (89.0%) | loss: 8.8207 | gnorm: 1.6081 | dt: 163ms | tok/s: 25,166 | remaining: 2376s
step 121460 (89.0%) | loss: 8.8749 | gnorm: 4.2030 | dt: 159ms | tok/s: 25,833 | remaining: 2373s
step 121480 (89.0%) | loss: 8.9849 | gnorm: 1.4672 | dt: 158ms | tok/s: 25,986 | remaining: 2369s
step 121500 (89.0%) | loss: 9.4093 | gnorm: 3.2320 | dt: 157ms | tok/s: 26,103 | remaining: 2366s
step 121520 (89.1%) | loss: 10.0587 | gnorm: 1.7196 | dt: 159ms | tok/s: 25,773 | remaining: 2363s
step 121540 (89.1%) | loss: 9.5413 | gnorm: 3.1221 | dt: 158ms | tok/s: 25,921 | remaining: 2360s
step 121560 (89.1%) | loss: 9.5043 | gnorm: 1.5164 | dt: 160ms | tok/s: 25,543 | remaining: 2357s
step 121580 (89.1%) | loss: 10.1570 | gnorm: 2.7524 | dt: 162ms | tok/s: 25,254 | remaining: 2353s
step 121600 (89.1%) | loss: 9.0897 | gnorm: 1.6863 | dt: 158ms | tok/s: 25,880 | remaining: 2350s
step 121620 (89.1%) | loss: 8.8832 | gnorm: 3.6018 | dt: 158ms | tok/s: 25,979 | remaining: 2347s
step 121640 (89.1%) | loss: 9.2912 | gnorm: 1.5954 | dt: 158ms | tok/s: 25,966 | remaining: 2344s
step 121660 (89.2%) | loss: 9.1681 | gnorm: 3.0613 | dt: 159ms | tok/s: 25,700 | remaining: 2341s
step 121680 (89.2%) | loss: 8.9410 | gnorm: 1.4289 | dt: 160ms | tok/s: 25,625 | remaining: 2338s
step 121700 (89.2%) | loss: 8.7913 | gnorm: 3.3218 | dt: 162ms | tok/s: 25,303 | remaining: 2334s
step 121720 (89.2%) | loss: 8.7415 | gnorm: 1.5453 | dt: 161ms | tok/s: 25,384 | remaining: 2331s
step 121740 (89.2%) | loss: 9.6882 | gnorm: 3.6860 | dt: 158ms | tok/s: 25,942 | remaining: 2328s
step 121760 (89.2%) | loss: 9.2356 | gnorm: 1.6056 | dt: 159ms | tok/s: 25,807 | remaining: 2325s
step 121780 (89.3%) | loss: 9.3947 | gnorm: 4.0103 | dt: 158ms | tok/s: 25,954 | remaining: 2322s
step 121800 (89.3%) | loss: 9.1354 | gnorm: 1.2920 | dt: 160ms | tok/s: 25,662 | remaining: 2318s
step 121820 (89.3%) | loss: 8.8538 | gnorm: 3.4619 | dt: 159ms | tok/s: 25,717 | remaining: 2315s
step 121840 (89.3%) | loss: 9.4693 | gnorm: 1.5307 | dt: 160ms | tok/s: 25,545 | remaining: 2312s
step 121860 (89.3%) | loss: 9.9051 | gnorm: 4.0137 | dt: 168ms | tok/s: 24,328 | remaining: 2309s
step 121880 (89.3%) | loss: 9.4998 | gnorm: 1.5913 | dt: 157ms | tok/s: 26,060 | remaining: 2306s
step 121900 (89.3%) | loss: 9.3263 | gnorm: 3.7999 | dt: 158ms | tok/s: 25,875 | remaining: 2303s
step 121920 (89.4%) | loss: 9.6629 | gnorm: 1.7368 | dt: 157ms | tok/s: 26,073 | remaining: 2299s
step 121940 (89.4%) | loss: 9.0405 | gnorm: 3.2861 | dt: 160ms | tok/s: 25,676 | remaining: 2296s
step 121960 (89.4%) | loss: 9.2523 | gnorm: 2.0947 | dt: 162ms | tok/s: 25,324 | remaining: 2293s
step 121980 (89.4%) | loss: 8.8471 | gnorm: 3.3670 | dt: 156ms | tok/s: 26,177 | remaining: 2290s
step 122000 (89.4%) | loss: 8.2560 | gnorm: 1.4014 | dt: 158ms | tok/s: 25,960 | remaining: 2287s
step 122020 (89.4%) | loss: 8.7421 | gnorm: 3.3809 | dt: 158ms | tok/s: 25,854 | remaining: 2284s
step 122040 (89.4%) | loss: 8.4449 | gnorm: 1.4484 | dt: 157ms | tok/s: 26,054 | remaining: 2280s
step 122060 (89.5%) | loss: 9.2790 | gnorm: 3.0843 | dt: 159ms | tok/s: 25,682 | remaining: 2277s
step 122080 (89.5%) | loss: 9.0358 | gnorm: 1.9072 | dt: 160ms | tok/s: 25,528 | remaining: 2274s
step 122100 (89.5%) | loss: 8.9770 | gnorm: 4.0381 | dt: 154ms | tok/s: 26,522 | remaining: 2271s
step 122120 (89.5%) | loss: 9.2984 | gnorm: 1.4129 | dt: 156ms | tok/s: 26,180 | remaining: 2268s
step 122140 (89.5%) | loss: 9.1488 | gnorm: 3.1545 | dt: 166ms | tok/s: 24,688 | remaining: 2265s
step 122160 (89.5%) | loss: 9.5610 | gnorm: 1.6709 | dt: 158ms | tok/s: 25,990 | remaining: 2261s
step 122180 (89.5%) | loss: 9.3252 | gnorm: 3.6791 | dt: 159ms | tok/s: 25,770 | remaining: 2258s
step 122200 (89.6%) | loss: 8.6957 | gnorm: 1.7406 | dt: 158ms | tok/s: 25,920 | remaining: 2255s
step 122220 (89.6%) | loss: 9.3551 | gnorm: 3.8467 | dt: 158ms | tok/s: 25,896 | remaining: 2252s
step 122240 (89.6%) | loss: 8.2702 | gnorm: 1.6182 | dt: 156ms | tok/s: 26,229 | remaining: 2249s
step 122260 (89.6%) | loss: 9.1217 | gnorm: 4.0585 | dt: 157ms | tok/s: 26,120 | remaining: 2246s
step 122280 (89.6%) | loss: 8.7162 | gnorm: 1.3100 | dt: 156ms | tok/s: 26,225 | remaining: 2242s
step 122300 (89.6%) | loss: 8.9393 | gnorm: 3.2544 | dt: 156ms | tok/s: 26,243 | remaining: 2239s
step 122320 (89.6%) | loss: 8.7969 | gnorm: 1.6275 | dt: 160ms | tok/s: 25,526 | remaining: 2236s
step 122340 (89.7%) | loss: 8.5751 | gnorm: 4.0109 | dt: 157ms | tok/s: 26,061 | remaining: 2233s
step 122360 (89.7%) | loss: 9.4891 | gnorm: 1.5794 | dt: 157ms | tok/s: 26,128 | remaining: 2230s
step 122380 (89.7%) | loss: 8.9323 | gnorm: 3.6771 | dt: 156ms | tok/s: 26,202 | remaining: 2227s
step 122400 (89.7%) | loss: 9.0051 | gnorm: 1.5311 | dt: 157ms | tok/s: 26,051 | remaining: 2223s
step 122420 (89.7%) | loss: 9.1866 | gnorm: 3.7839 | dt: 159ms | tok/s: 25,786 | remaining: 2220s
step 122440 (89.7%) | loss: 9.2046 | gnorm: 1.7055 | dt: 160ms | tok/s: 25,631 | remaining: 2217s
step 122460 (89.7%) | loss: 9.0599 | gnorm: 3.3946 | dt: 156ms | tok/s: 26,251 | remaining: 2214s
step 122480 (89.8%) | loss: 9.0695 | gnorm: 1.5409 | dt: 158ms | tok/s: 25,849 | remaining: 2211s
step 122500 (89.8%) | loss: 9.3836 | gnorm: 4.3509 | dt: 159ms | tok/s: 25,812 | remaining: 2208s
step 122520 (89.8%) | loss: 8.6891 | gnorm: 1.5188 | dt: 159ms | tok/s: 25,786 | remaining: 2204s
step 122540 (89.8%) | loss: 9.1858 | gnorm: 3.4820 | dt: 161ms | tok/s: 25,473 | remaining: 2201s
step 122560 (89.8%) | loss: 9.2373 | gnorm: 1.3722 | dt: 162ms | tok/s: 25,354 | remaining: 2198s
step 122580 (89.8%) | loss: 8.9110 | gnorm: 3.5561 | dt: 158ms | tok/s: 25,911 | remaining: 2195s
step 122600 (89.9%) | loss: 8.7237 | gnorm: 1.5905 | dt: 158ms | tok/s: 25,999 | remaining: 2192s
step 122620 (89.9%) | loss: 11.5264 | gnorm: 2.9558 | dt: 157ms | tok/s: 26,022 | remaining: 2189s
step 122640 (89.9%) | loss: 9.7611 | gnorm: 1.6343 | dt: 160ms | tok/s: 25,642 | remaining: 2185s
step 122660 (89.9%) | loss: 9.1442 | gnorm: 3.9697 | dt: 161ms | tok/s: 25,445 | remaining: 2182s
step 122680 (89.9%) | loss: 12.3936 | gnorm: 1.4308 | dt: 156ms | tok/s: 26,221 | remaining: 2179s
step 122700 (89.9%) | loss: 13.6657 | gnorm: 3.2880 | dt: 156ms | tok/s: 26,177 | remaining: 2176s
step 122720 (89.9%) | loss: 9.8067 | gnorm: 1.5545 | dt: 155ms | tok/s: 26,413 | remaining: 2173s
step 122740 (90.0%) | loss: 8.6597 | gnorm: 3.3564 | dt: 158ms | tok/s: 25,903 | remaining: 2169s
step 122760 (90.0%) | loss: 8.2124 | gnorm: 1.4580 | dt: 164ms | tok/s: 24,909 | remaining: 2166s
step 122780 (90.0%) | loss: 8.8946 | gnorm: 4.0372 | dt: 162ms | tok/s: 25,326 | remaining: 2163s
step 122800 (90.0%) | loss: 8.4872 | gnorm: 1.6360 | dt: 160ms | tok/s: 25,663 | remaining: 2160s
step 122820 (90.0%) | loss: 8.9862 | gnorm: 3.1605 | dt: 162ms | tok/s: 25,289 | remaining: 2157s
step 122840 (90.0%) | loss: 8.9843 | gnorm: 1.6081 | dt: 159ms | tok/s: 25,712 | remaining: 2154s
step 122860 (90.0%) | loss: 8.8958 | gnorm: 3.0677 | dt: 158ms | tok/s: 25,851 | remaining: 2150s
step 122880 (90.1%) | loss: 8.9668 | gnorm: 1.3347 | dt: 160ms | tok/s: 25,533 | remaining: 2147s
step 122900 (90.1%) | loss: 8.4080 | gnorm: 3.2460 | dt: 161ms | tok/s: 25,424 | remaining: 2144s
step 122920 (90.1%) | loss: 8.5641 | gnorm: 1.4567 | dt: 160ms | tok/s: 25,601 | remaining: 2141s
step 122940 (90.1%) | loss: 10.0079 | gnorm: 3.8323 | dt: 157ms | tok/s: 26,030 | remaining: 2138s
step 122960 (90.1%) | loss: 8.9907 | gnorm: 1.8197 | dt: 158ms | tok/s: 25,862 | remaining: 2135s
step 122980 (90.1%) | loss: 9.3401 | gnorm: 3.8003 | dt: 159ms | tok/s: 25,838 | remaining: 2131s
step 123000 (90.1%) | loss: 8.6695 | gnorm: 1.5972 | dt: 157ms | tok/s: 26,022 | remaining: 2128s
step 123020 (90.2%) | loss: 8.9274 | gnorm: 3.8425 | dt: 160ms | tok/s: 25,643 | remaining: 2125s
step 123040 (90.2%) | loss: 8.7185 | gnorm: 1.4827 | dt: 161ms | tok/s: 25,446 | remaining: 2122s
step 123060 (90.2%) | loss: 9.7048 | gnorm: 3.7862 | dt: 162ms | tok/s: 25,313 | remaining: 2119s
step 123080 (90.2%) | loss: 8.4992 | gnorm: 1.4150 | dt: 157ms | tok/s: 26,022 | remaining: 2115s
step 123100 (90.2%) | loss: 9.1575 | gnorm: 3.5155 | dt: 158ms | tok/s: 25,900 | remaining: 2112s
step 123120 (90.2%) | loss: 8.7351 | gnorm: 1.7362 | dt: 159ms | tok/s: 25,835 | remaining: 2109s
step 123140 (90.2%) | loss: 9.1748 | gnorm: 3.2873 | dt: 159ms | tok/s: 25,769 | remaining: 2106s
step 123160 (90.3%) | loss: 8.4436 | gnorm: 1.8154 | dt: 160ms | tok/s: 25,626 | remaining: 2103s
step 123180 (90.3%) | loss: 8.6627 | gnorm: 3.1534 | dt: 154ms | tok/s: 26,538 | remaining: 2099s
step 123200 (90.3%) | loss: 8.3474 | gnorm: 1.4968 | dt: 162ms | tok/s: 25,274 | remaining: 2096s
step 123220 (90.3%) | loss: 8.2707 | gnorm: 3.4136 | dt: 160ms | tok/s: 25,650 | remaining: 2093s
step 123240 (90.3%) | loss: 8.6496 | gnorm: 1.4842 | dt: 156ms | tok/s: 26,264 | remaining: 2090s
step 123260 (90.3%) | loss: 8.9885 | gnorm: 2.7133 | dt: 158ms | tok/s: 25,894 | remaining: 2087s
step 123280 (90.4%) | loss: 8.8438 | gnorm: 1.6266 | dt: 158ms | tok/s: 25,970 | remaining: 2084s
step 123300 (90.4%) | loss: 8.4937 | gnorm: 3.8894 | dt: 158ms | tok/s: 25,944 | remaining: 2080s
step 123320 (90.4%) | loss: 8.5252 | gnorm: 1.5612 | dt: 160ms | tok/s: 25,601 | remaining: 2077s
step 123340 (90.4%) | loss: 10.1454 | gnorm: 4.4005 | dt: 161ms | tok/s: 25,478 | remaining: 2074s
step 123360 (90.4%) | loss: 8.9101 | gnorm: 1.5755 | dt: 162ms | tok/s: 25,272 | remaining: 2071s
step 123380 (90.4%) | loss: 8.8467 | gnorm: 3.7016 | dt: 161ms | tok/s: 25,459 | remaining: 2068s
step 123400 (90.4%) | loss: 9.9515 | gnorm: 1.7925 | dt: 158ms | tok/s: 25,992 | remaining: 2064s
step 123420 (90.5%) | loss: 8.4777 | gnorm: 3.8486 | dt: 159ms | tok/s: 25,783 | remaining: 2061s
step 123440 (90.5%) | loss: 8.1486 | gnorm: 1.4080 | dt: 160ms | tok/s: 25,678 | remaining: 2058s
step 123460 (90.5%) | loss: 8.8988 | gnorm: 3.0546 | dt: 160ms | tok/s: 25,643 | remaining: 2055s
step 123480 (90.5%) | loss: 8.2611 | gnorm: 1.7032 | dt: 159ms | tok/s: 25,698 | remaining: 2052s
step 123500 (90.5%) | loss: 9.5600 | gnorm: 3.7987 | dt: 160ms | tok/s: 25,588 | remaining: 2048s
step 123520 (90.5%) | loss: 8.6194 | gnorm: 1.4183 | dt: 163ms | tok/s: 25,139 | remaining: 2045s
step 123540 (90.5%) | loss: 9.9166 | gnorm: 3.2633 | dt: 160ms | tok/s: 25,657 | remaining: 2042s
step 123560 (90.6%) | loss: 8.6969 | gnorm: 1.3855 | dt: 157ms | tok/s: 26,113 | remaining: 2039s
step 123580 (90.6%) | loss: 8.5224 | gnorm: 3.5583 | dt: 159ms | tok/s: 25,839 | remaining: 2036s
step 123600 (90.6%) | loss: 9.1553 | gnorm: 1.5619 | dt: 159ms | tok/s: 25,737 | remaining: 2032s
step 123620 (90.6%) | loss: 8.7984 | gnorm: 3.3479 | dt: 158ms | tok/s: 25,970 | remaining: 2029s
step 123640 (90.6%) | loss: 8.3474 | gnorm: 1.4092 | dt: 160ms | tok/s: 25,578 | remaining: 2026s
step 123660 (90.6%) | loss: 8.8577 | gnorm: 3.5252 | dt: 161ms | tok/s: 25,441 | remaining: 2023s
step 123680 (90.6%) | loss: 8.3670 | gnorm: 1.4616 | dt: 164ms | tok/s: 24,969 | remaining: 2020s
step 123700 (90.7%) | loss: 8.8460 | gnorm: 3.4083 | dt: 160ms | tok/s: 25,677 | remaining: 2016s
step 123720 (90.7%) | loss: 8.9803 | gnorm: 1.4822 | dt: 164ms | tok/s: 24,917 | remaining: 2013s
step 123740 (90.7%) | loss: 9.3001 | gnorm: 3.2386 | dt: 159ms | tok/s: 25,731 | remaining: 2010s
step 123760 (90.7%) | loss: 8.7913 | gnorm: 1.6427 | dt: 158ms | tok/s: 25,890 | remaining: 2007s
step 123780 (90.7%) | loss: 9.2258 | gnorm: 3.6977 | dt: 159ms | tok/s: 25,741 | remaining: 2004s
step 123800 (90.7%) | loss: 8.5695 | gnorm: 1.5147 | dt: 161ms | tok/s: 25,422 | remaining: 2001s
step 123820 (90.8%) | loss: 9.3262 | gnorm: 2.8805 | dt: 160ms | tok/s: 25,597 | remaining: 1997s
step 123840 (90.8%) | loss: 8.1699 | gnorm: 1.5014 | dt: 162ms | tok/s: 25,285 | remaining: 1994s
step 123860 (90.8%) | loss: 8.9036 | gnorm: 3.6940 | dt: 158ms | tok/s: 25,984 | remaining: 1991s
step 123880 (90.8%) | loss: 8.6887 | gnorm: 1.9633 | dt: 158ms | tok/s: 25,844 | remaining: 1988s
step 123900 (90.8%) | loss: 8.6254 | gnorm: 3.7767 | dt: 159ms | tok/s: 25,748 | remaining: 1985s
step 123920 (90.8%) | loss: 8.6557 | gnorm: 1.6050 | dt: 159ms | tok/s: 25,732 | remaining: 1981s
step 123940 (90.8%) | loss: 8.4220 | gnorm: 3.1757 | dt: 160ms | tok/s: 25,607 | remaining: 1978s
step 123960 (90.9%) | loss: 8.6328 | gnorm: 1.4839 | dt: 162ms | tok/s: 25,311 | remaining: 1975s
step 123980 (90.9%) | loss: 8.4102 | gnorm: 3.6498 | dt: 157ms | tok/s: 26,048 | remaining: 1972s
step 124000 (90.9%) | loss: 8.9010 | gnorm: 1.3616 | dt: 155ms | tok/s: 26,464 | remaining: 1969s
step 124020 (90.9%) | loss: 9.3628 | gnorm: 3.3786 | dt: 158ms | tok/s: 25,871 | remaining: 1965s
step 124040 (90.9%) | loss: 9.1034 | gnorm: 1.4520 | dt: 157ms | tok/s: 26,044 | remaining: 1962s
step 124060 (90.9%) | loss: 9.4380 | gnorm: 2.9469 | dt: 159ms | tok/s: 25,778 | remaining: 1959s
step 124080 (90.9%) | loss: 8.8269 | gnorm: 1.5968 | dt: 160ms | tok/s: 25,580 | remaining: 1956s
step 124100 (91.0%) | loss: 9.2457 | gnorm: 4.6114 | dt: 168ms | tok/s: 24,325 | remaining: 1953s
step 124120 (91.0%) | loss: 8.6966 | gnorm: 1.5448 | dt: 169ms | tok/s: 24,242 | remaining: 1950s
step 124140 (91.0%) | loss: 9.2311 | gnorm: 3.4152 | dt: 160ms | tok/s: 25,645 | remaining: 1946s
step 124160 (91.0%) | loss: 9.3191 | gnorm: 1.4653 | dt: 157ms | tok/s: 26,069 | remaining: 1943s
step 124180 (91.0%) | loss: 8.9837 | gnorm: 4.8044 | dt: 158ms | tok/s: 25,881 | remaining: 1940s
step 124200 (91.0%) | loss: 8.5803 | gnorm: 1.8436 | dt: 159ms | tok/s: 25,759 | remaining: 1937s
step 124220 (91.0%) | loss: 9.1182 | gnorm: 4.7881 | dt: 160ms | tok/s: 25,666 | remaining: 1934s
step 124240 (91.1%) | loss: 8.5075 | gnorm: 1.5555 | dt: 160ms | tok/s: 25,654 | remaining: 1930s
step 124260 (91.1%) | loss: 8.5439 | gnorm: 3.5045 | dt: 163ms | tok/s: 25,069 | remaining: 1927s
step 124280 (91.1%) | loss: 9.7411 | gnorm: 1.5960 | dt: 183ms | tok/s: 22,337 | remaining: 1924s
step 124300 (91.1%) | loss: 9.5153 | gnorm: 3.0180 | dt: 162ms | tok/s: 25,308 | remaining: 1921s
step 124320 (91.1%) | loss: 9.0403 | gnorm: 1.5113 | dt: 158ms | tok/s: 25,913 | remaining: 1918s
step 124340 (91.1%) | loss: 9.0537 | gnorm: 3.8698 | dt: 157ms | tok/s: 26,148 | remaining: 1914s
step 124360 (91.2%) | loss: 9.2034 | gnorm: 1.6627 | dt: 157ms | tok/s: 26,008 | remaining: 1911s
step 124380 (91.2%) | loss: 9.6650 | gnorm: 4.1277 | dt: 160ms | tok/s: 25,563 | remaining: 1908s
step 124400 (91.2%) | loss: 9.8598 | gnorm: 1.6635 | dt: 159ms | tok/s: 25,707 | remaining: 1905s
step 124420 (91.2%) | loss: 9.3757 | gnorm: 3.6100 | dt: 160ms | tok/s: 25,598 | remaining: 1902s
step 124440 (91.2%) | loss: 8.7733 | gnorm: 1.4785 | dt: 164ms | tok/s: 25,005 | remaining: 1898s
step 124460 (91.2%) | loss: 9.7611 | gnorm: 3.7929 | dt: 159ms | tok/s: 25,836 | remaining: 1895s
step 124480 (91.2%) | loss: 8.5123 | gnorm: 1.5898 | dt: 157ms | tok/s: 26,126 | remaining: 1892s
step 124500 (91.3%) | loss: 8.5505 | gnorm: 3.4423 | dt: 158ms | tok/s: 25,976 | remaining: 1889s
step 124520 (91.3%) | loss: 9.2250 | gnorm: 1.5357 | dt: 160ms | tok/s: 25,625 | remaining: 1886s
step 124540 (91.3%) | loss: 8.8208 | gnorm: 2.7686 | dt: 159ms | tok/s: 25,696 | remaining: 1882s
step 124560 (91.3%) | loss: 9.7370 | gnorm: 1.5936 | dt: 168ms | tok/s: 24,331 | remaining: 1879s
step 124580 (91.3%) | loss: 9.4294 | gnorm: 3.7292 | dt: 163ms | tok/s: 25,060 | remaining: 1876s
step 124600 (91.3%) | loss: 9.1459 | gnorm: 1.5597 | dt: 160ms | tok/s: 25,637 | remaining: 1873s
step 124620 (91.3%) | loss: 9.3471 | gnorm: 2.9567 | dt: 157ms | tok/s: 26,092 | remaining: 1870s
step 124640 (91.4%) | loss: 8.9883 | gnorm: 1.5164 | dt: 158ms | tok/s: 25,943 | remaining: 1867s
step 124660 (91.4%) | loss: 9.1574 | gnorm: 2.9670 | dt: 158ms | tok/s: 25,879 | remaining: 1863s
step 124680 (91.4%) | loss: 8.5259 | gnorm: 2.0265 | dt: 159ms | tok/s: 25,758 | remaining: 1860s
step 124700 (91.4%) | loss: 8.8910 | gnorm: 3.8710 | dt: 161ms | tok/s: 25,495 | remaining: 1857s
step 124720 (91.4%) | loss: 9.1836 | gnorm: 1.6509 | dt: 169ms | tok/s: 24,233 | remaining: 1854s
step 124740 (91.4%) | loss: 8.7949 | gnorm: 3.6106 | dt: 163ms | tok/s: 25,145 | remaining: 1851s
step 124760 (91.4%) | loss: 8.9097 | gnorm: 1.3910 | dt: 162ms | tok/s: 25,269 | remaining: 1847s
step 124780 (91.5%) | loss: 9.8664 | gnorm: 3.4956 | dt: 157ms | tok/s: 26,142 | remaining: 1844s
step 124800 (91.5%) | loss: 8.9408 | gnorm: 1.7376 | dt: 159ms | tok/s: 25,839 | remaining: 1841s
step 124820 (91.5%) | loss: 8.3397 | gnorm: 4.1877 | dt: 159ms | tok/s: 25,839 | remaining: 1838s
step 124840 (91.5%) | loss: 8.8847 | gnorm: 1.3872 | dt: 159ms | tok/s: 25,798 | remaining: 1835s
step 124860 (91.5%) | loss: 8.9285 | gnorm: 2.9931 | dt: 160ms | tok/s: 25,605 | remaining: 1831s
step 124880 (91.5%) | loss: 10.1415 | gnorm: 1.9520 | dt: 161ms | tok/s: 25,422 | remaining: 1828s
step 124900 (91.5%) | loss: 9.4948 | gnorm: 3.6005 | dt: 161ms | tok/s: 25,436 | remaining: 1825s
step 124920 (91.6%) | loss: 8.6306 | gnorm: 1.5178 | dt: 157ms | tok/s: 26,117 | remaining: 1822s
step 124940 (91.6%) | loss: 8.9423 | gnorm: 3.5656 | dt: 154ms | tok/s: 26,555 | remaining: 1819s
step 124960 (91.6%) | loss: 9.0377 | gnorm: 1.5164 | dt: 161ms | tok/s: 25,519 | remaining: 1816s
step 124980 (91.6%) | loss: 9.3481 | gnorm: 3.2106 | dt: 159ms | tok/s: 25,799 | remaining: 1812s
step 125000 (91.6%) | loss: 9.3508 | gnorm: 1.3920 | dt: 160ms | tok/s: 25,657 | remaining: 1809s
step 125020 (91.6%) | loss: 8.7132 | gnorm: 4.3323 | dt: 162ms | tok/s: 25,299 | remaining: 1806s
step 125040 (91.7%) | loss: 8.4359 | gnorm: 1.6823 | dt: 157ms | tok/s: 26,094 | remaining: 1803s
step 125060 (91.7%) | loss: 8.8355 | gnorm: 3.6478 | dt: 157ms | tok/s: 26,011 | remaining: 1800s
step 125080 (91.7%) | loss: 9.0693 | gnorm: 1.3694 | dt: 157ms | tok/s: 26,109 | remaining: 1796s
step 125100 (91.7%) | loss: 9.2890 | gnorm: 2.8862 | dt: 160ms | tok/s: 25,670 | remaining: 1793s
step 125120 (91.7%) | loss: 8.9313 | gnorm: 1.4445 | dt: 159ms | tok/s: 25,758 | remaining: 1790s
step 125140 (91.7%) | loss: 9.0780 | gnorm: 3.4735 | dt: 161ms | tok/s: 25,508 | remaining: 1787s
step 125160 (91.7%) | loss: 9.1400 | gnorm: 1.3883 | dt: 160ms | tok/s: 25,553 | remaining: 1784s
step 125180 (91.8%) | loss: 8.4823 | gnorm: 3.2714 | dt: 157ms | tok/s: 26,085 | remaining: 1781s
step 125200 (91.8%) | loss: 8.9616 | gnorm: 1.6668 | dt: 157ms | tok/s: 26,046 | remaining: 1777s
step 125220 (91.8%) | loss: 8.7695 | gnorm: 3.7760 | dt: 159ms | tok/s: 25,841 | remaining: 1774s
step 125240 (91.8%) | loss: 9.0179 | gnorm: 1.5218 | dt: 159ms | tok/s: 25,749 | remaining: 1771s
step 125260 (91.8%) | loss: 9.0404 | gnorm: 3.1446 | dt: 160ms | tok/s: 25,646 | remaining: 1768s
step 125280 (91.8%) | loss: 8.4518 | gnorm: 2.0347 | dt: 161ms | tok/s: 25,410 | remaining: 1765s
step 125300 (91.8%) | loss: 9.1312 | gnorm: 3.8415 | dt: 159ms | tok/s: 25,821 | remaining: 1762s
step 125320 (91.9%) | loss: 9.0302 | gnorm: 1.6224 | dt: 155ms | tok/s: 26,363 | remaining: 1758s
step 125340 (91.9%) | loss: 9.0074 | gnorm: 3.5209 | dt: 157ms | tok/s: 26,013 | remaining: 1755s
step 125360 (91.9%) | loss: 8.7381 | gnorm: 1.3738 | dt: 158ms | tok/s: 25,846 | remaining: 1752s
step 125380 (91.9%) | loss: 9.4347 | gnorm: 3.3352 | dt: 159ms | tok/s: 25,744 | remaining: 1749s
step 125400 (91.9%) | loss: 9.3792 | gnorm: 1.9741 | dt: 161ms | tok/s: 25,479 | remaining: 1746s
step 125420 (91.9%) | loss: 9.8101 | gnorm: 4.0995 | dt: 161ms | tok/s: 25,386 | remaining: 1742s
step 125440 (91.9%) | loss: 8.9631 | gnorm: 1.6767 | dt: 156ms | tok/s: 26,207 | remaining: 1739s
step 125460 (92.0%) | loss: 10.2140 | gnorm: 3.5572 | dt: 158ms | tok/s: 25,944 | remaining: 1736s
step 125480 (92.0%) | loss: 9.2910 | gnorm: 1.5788 | dt: 159ms | tok/s: 25,790 | remaining: 1733s
step 125500 (92.0%) | loss: 8.9595 | gnorm: 3.6892 | dt: 159ms | tok/s: 25,748 | remaining: 1730s
step 125520 (92.0%) | loss: 9.2140 | gnorm: 1.3344 | dt: 159ms | tok/s: 25,687 | remaining: 1727s
step 125540 (92.0%) | loss: 8.8450 | gnorm: 3.1522 | dt: 162ms | tok/s: 25,294 | remaining: 1723s
step 125560 (92.0%) | loss: 8.6732 | gnorm: 1.5464 | dt: 156ms | tok/s: 26,272 | remaining: 1720s
step 125580 (92.1%) | loss: 8.9471 | gnorm: 3.6086 | dt: 158ms | tok/s: 25,930 | remaining: 1717s
step 125600 (92.1%) | loss: 8.9795 | gnorm: 1.3771 | dt: 157ms | tok/s: 26,019 | remaining: 1714s
step 125620 (92.1%) | loss: 9.2018 | gnorm: 2.9770 | dt: 158ms | tok/s: 25,902 | remaining: 1711s
step 125640 (92.1%) | loss: 9.3397 | gnorm: 1.4741 | dt: 159ms | tok/s: 25,688 | remaining: 1708s
step 125660 (92.1%) | loss: 9.1303 | gnorm: 3.0945 | dt: 162ms | tok/s: 25,278 | remaining: 1704s
step 125680 (92.1%) | loss: 9.0327 | gnorm: 1.7814 | dt: 156ms | tok/s: 26,200 | remaining: 1701s
step 125700 (92.1%) | loss: 10.2040 | gnorm: 3.3880 | dt: 158ms | tok/s: 25,847 | remaining: 1698s
step 125720 (92.2%) | loss: 8.5075 | gnorm: 1.3789 | dt: 158ms | tok/s: 25,952 | remaining: 1695s
step 125740 (92.2%) | loss: 8.9470 | gnorm: 2.8527 | dt: 159ms | tok/s: 25,828 | remaining: 1692s
step 125760 (92.2%) | loss: 9.2675 | gnorm: 1.3440 | dt: 160ms | tok/s: 25,622 | remaining: 1688s
step 125780 (92.2%) | loss: 8.8151 | gnorm: 3.3695 | dt: 161ms | tok/s: 25,412 | remaining: 1685s
step 125800 (92.2%) | loss: 8.2078 | gnorm: 3.1243 | dt: 158ms | tok/s: 25,883 | remaining: 1682s
step 125820 (92.2%) | loss: 8.7737 | gnorm: 3.5394 | dt: 157ms | tok/s: 26,122 | remaining: 1679s
step 125840 (92.2%) | loss: 8.3034 | gnorm: 1.6820 | dt: 156ms | tok/s: 26,177 | remaining: 1676s
step 125860 (92.3%) | loss: 9.2013 | gnorm: 3.7877 | dt: 152ms | tok/s: 26,890 | remaining: 1673s
step 125880 (92.3%) | loss: 8.9205 | gnorm: 1.5784 | dt: 159ms | tok/s: 25,762 | remaining: 1669s
step 125900 (92.3%) | loss: 9.3878 | gnorm: 3.4144 | dt: 160ms | tok/s: 25,662 | remaining: 1666s
step 125920 (92.3%) | loss: 8.7806 | gnorm: 1.4669 | dt: 162ms | tok/s: 25,300 | remaining: 1663s
step 125940 (92.3%) | loss: 8.2802 | gnorm: 2.8222 | dt: 160ms | tok/s: 25,617 | remaining: 1660s
step 125960 (92.3%) | loss: 8.6188 | gnorm: 1.5423 | dt: 156ms | tok/s: 26,266 | remaining: 1657s
step 125980 (92.3%) | loss: 9.1734 | gnorm: 2.9765 | dt: 158ms | tok/s: 25,892 | remaining: 1653s
step 126000 (92.4%) | loss: 9.2591 | gnorm: 1.5912 | dt: 159ms | tok/s: 25,754 | remaining: 1650s
step 126020 (92.4%) | loss: 8.7960 | gnorm: 3.9459 | dt: 159ms | tok/s: 25,736 | remaining: 1647s
step 126040 (92.4%) | loss: 9.0311 | gnorm: 1.4222 | dt: 160ms | tok/s: 25,582 | remaining: 1644s
step 126060 (92.4%) | loss: 9.5019 | gnorm: 3.6042 | dt: 163ms | tok/s: 25,120 | remaining: 1641s
step 126080 (92.4%) | loss: 8.9721 | gnorm: 1.4940 | dt: 160ms | tok/s: 25,568 | remaining: 1638s
step 126100 (92.4%) | loss: 9.4029 | gnorm: 3.3690 | dt: 157ms | tok/s: 26,118 | remaining: 1634s
step 126120 (92.4%) | loss: 9.2732 | gnorm: 1.4999 | dt: 158ms | tok/s: 25,987 | remaining: 1631s
step 126140 (92.5%) | loss: 9.7611 | gnorm: 3.3433 | dt: 159ms | tok/s: 25,722 | remaining: 1628s
step 126160 (92.5%) | loss: 9.1972 | gnorm: 1.7549 | dt: 159ms | tok/s: 25,819 | remaining: 1625s
step 126180 (92.5%) | loss: 8.9638 | gnorm: 3.8467 | dt: 159ms | tok/s: 25,700 | remaining: 1622s
step 126200 (92.5%) | loss: 8.9928 | gnorm: 1.4865 | dt: 164ms | tok/s: 24,900 | remaining: 1618s
step 126220 (92.5%) | loss: 8.3990 | gnorm: 3.1240 | dt: 158ms | tok/s: 25,927 | remaining: 1615s
step 126240 (92.5%) | loss: 9.1441 | gnorm: 1.5779 | dt: 158ms | tok/s: 25,945 | remaining: 1612s
step 126260 (92.6%) | loss: 9.7414 | gnorm: 4.2658 | dt: 160ms | tok/s: 25,550 | remaining: 1609s
step 126280 (92.6%) | loss: 8.8975 | gnorm: 1.4640 | dt: 159ms | tok/s: 25,718 | remaining: 1606s
step 126300 (92.6%) | loss: 9.4723 | gnorm: 4.0138 | dt: 159ms | tok/s: 25,703 | remaining: 1603s
step 126320 (92.6%) | loss: 8.6201 | gnorm: 1.2476 | dt: 162ms | tok/s: 25,349 | remaining: 1599s
step 126340 (92.6%) | loss: 8.9968 | gnorm: 2.8501 | dt: 161ms | tok/s: 25,510 | remaining: 1596s
step 126360 (92.6%) | loss: 8.2169 | gnorm: 1.5274 | dt: 157ms | tok/s: 26,167 | remaining: 1593s
step 126380 (92.6%) | loss: 8.6350 | gnorm: 3.8958 | dt: 157ms | tok/s: 26,007 | remaining: 1590s
step 126400 (92.7%) | loss: 8.9072 | gnorm: 1.4659 | dt: 158ms | tok/s: 25,844 | remaining: 1587s
step 126420 (92.7%) | loss: 9.8561 | gnorm: 3.9656 | dt: 159ms | tok/s: 25,767 | remaining: 1583s
step 126440 (92.7%) | loss: 9.3066 | gnorm: 1.4338 | dt: 160ms | tok/s: 25,554 | remaining: 1580s
step 126460 (92.7%) | loss: 9.2556 | gnorm: 4.1306 | dt: 161ms | tok/s: 25,492 | remaining: 1577s
step 126480 (92.7%) | loss: 9.1542 | gnorm: 1.3037 | dt: 157ms | tok/s: 26,162 | remaining: 1574s
step 126500 (92.7%) | loss: 8.5508 | gnorm: 3.1121 | dt: 158ms | tok/s: 25,871 | remaining: 1571s
step 126520 (92.7%) | loss: 9.5391 | gnorm: 1.1758 | dt: 158ms | tok/s: 25,985 | remaining: 1568s
step 126540 (92.8%) | loss: 9.1458 | gnorm: 3.9484 | dt: 159ms | tok/s: 25,795 | remaining: 1564s
step 126560 (92.8%) | loss: 9.4534 | gnorm: 1.5231 | dt: 160ms | tok/s: 25,608 | remaining: 1561s
step 126580 (92.8%) | loss: 9.6388 | gnorm: 3.1213 | dt: 161ms | tok/s: 25,385 | remaining: 1558s
step 126600 (92.8%) | loss: 9.0175 | gnorm: 1.4831 | dt: 157ms | tok/s: 26,130 | remaining: 1555s
step 126620 (92.8%) | loss: 9.0905 | gnorm: 3.7593 | dt: 158ms | tok/s: 25,907 | remaining: 1552s
step 126640 (92.8%) | loss: 8.6621 | gnorm: 1.6456 | dt: 160ms | tok/s: 25,592 | remaining: 1549s
step 126660 (92.8%) | loss: 8.3943 | gnorm: 3.1148 | dt: 159ms | tok/s: 25,828 | remaining: 1545s
step 126680 (92.9%) | loss: 9.0523 | gnorm: 1.4019 | dt: 161ms | tok/s: 25,434 | remaining: 1542s
step 126700 (92.9%) | loss: 9.1877 | gnorm: 3.7338 | dt: 160ms | tok/s: 25,596 | remaining: 1539s
step 126720 (92.9%) | loss: 9.2827 | gnorm: 1.5530 | dt: 158ms | tok/s: 25,979 | remaining: 1536s
step 126740 (92.9%) | loss: 8.8845 | gnorm: 2.9421 | dt: 158ms | tok/s: 25,898 | remaining: 1533s
step 126760 (92.9%) | loss: 8.6036 | gnorm: 1.4196 | dt: 159ms | tok/s: 25,726 | remaining: 1529s
step 126780 (92.9%) | loss: 8.5913 | gnorm: 2.6721 | dt: 160ms | tok/s: 25,680 | remaining: 1526s
step 126800 (92.9%) | loss: 9.0826 | gnorm: 1.6188 | dt: 160ms | tok/s: 25,551 | remaining: 1523s
step 126820 (93.0%) | loss: 9.1392 | gnorm: 4.2316 | dt: 161ms | tok/s: 25,439 | remaining: 1520s
step 126840 (93.0%) | loss: 8.8553 | gnorm: 1.6189 | dt: 161ms | tok/s: 25,477 | remaining: 1517s
step 126860 (93.0%) | loss: 8.5782 | gnorm: 3.1202 | dt: 156ms | tok/s: 26,224 | remaining: 1514s
step 126880 (93.0%) | loss: 8.8047 | gnorm: 1.2798 | dt: 158ms | tok/s: 25,934 | remaining: 1510s
step 126900 (93.0%) | loss: 8.7393 | gnorm: 3.5406 | dt: 158ms | tok/s: 25,871 | remaining: 1507s
step 126920 (93.0%) | loss: 9.0305 | gnorm: 1.5764 | dt: 159ms | tok/s: 25,778 | remaining: 1504s
step 126940 (93.1%) | loss: 9.1686 | gnorm: 2.7862 | dt: 160ms | tok/s: 25,576 | remaining: 1501s
step 126960 (93.1%) | loss: 8.8604 | gnorm: 1.4039 | dt: 162ms | tok/s: 25,297 | remaining: 1498s
step 126980 (93.1%) | loss: 8.4992 | gnorm: 3.2930 | dt: 158ms | tok/s: 25,901 | remaining: 1494s
step 127000 (93.1%) | loss: 8.9327 | gnorm: 1.5707 | dt: 157ms | tok/s: 26,027 | remaining: 1491s
step 127020 (93.1%) | loss: 9.5378 | gnorm: 4.2325 | dt: 154ms | tok/s: 26,664 | remaining: 1488s
step 127040 (93.1%) | loss: 9.6836 | gnorm: 1.5015 | dt: 159ms | tok/s: 25,727 | remaining: 1485s
step 127060 (93.1%) | loss: 9.3871 | gnorm: 4.0452 | dt: 159ms | tok/s: 25,767 | remaining: 1482s
step 127080 (93.2%) | loss: 8.5333 | gnorm: 1.4059 | dt: 160ms | tok/s: 25,554 | remaining: 1479s
step 127100 (93.2%) | loss: 8.3022 | gnorm: 3.3618 | dt: 162ms | tok/s: 25,220 | remaining: 1475s
step 127120 (93.2%) | loss: 8.6829 | gnorm: 1.4698 | dt: 156ms | tok/s: 26,181 | remaining: 1472s
step 127140 (93.2%) | loss: 9.8755 | gnorm: 2.7304 | dt: 158ms | tok/s: 25,972 | remaining: 1469s
step 127160 (93.2%) | loss: 9.1470 | gnorm: 1.4349 | dt: 158ms | tok/s: 25,935 | remaining: 1466s
step 127180 (93.2%) | loss: 9.2356 | gnorm: 2.8430 | dt: 158ms | tok/s: 25,907 | remaining: 1463s
step 127200 (93.2%) | loss: 9.0998 | gnorm: 1.6078 | dt: 159ms | tok/s: 25,764 | remaining: 1459s
step 127220 (93.3%) | loss: 8.9063 | gnorm: 3.5256 | dt: 159ms | tok/s: 25,695 | remaining: 1456s
step 127240 (93.3%) | loss: 8.6906 | gnorm: 1.4561 | dt: 162ms | tok/s: 25,224 | remaining: 1453s
step 127260 (93.3%) | loss: 8.6589 | gnorm: 3.8042 | dt: 157ms | tok/s: 26,021 | remaining: 1450s
step 127280 (93.3%) | loss: 9.1151 | gnorm: 1.4273 | dt: 158ms | tok/s: 25,930 | remaining: 1447s
step 127300 (93.3%) | loss: 9.9609 | gnorm: 3.7484 | dt: 158ms | tok/s: 25,874 | remaining: 1444s
step 127320 (93.3%) | loss: 8.7663 | gnorm: 1.5933 | dt: 159ms | tok/s: 25,695 | remaining: 1440s
step 127340 (93.3%) | loss: 8.0399 | gnorm: 2.8182 | dt: 158ms | tok/s: 25,854 | remaining: 1437s
step 127360 (93.4%) | loss: 8.6306 | gnorm: 1.3496 | dt: 161ms | tok/s: 25,455 | remaining: 1434s
step 127380 (93.4%) | loss: 8.9889 | gnorm: 3.3328 | dt: 164ms | tok/s: 24,938 | remaining: 1431s
step 127400 (93.4%) | loss: 8.1945 | gnorm: 1.3370 | dt: 158ms | tok/s: 25,976 | remaining: 1428s
step 127420 (93.4%) | loss: 8.0793 | gnorm: 2.8892 | dt: 157ms | tok/s: 26,051 | remaining: 1424s
step 127440 (93.4%) | loss: 9.0119 | gnorm: 1.7076 | dt: 158ms | tok/s: 25,989 | remaining: 1421s
step 127460 (93.4%) | loss: 8.8705 | gnorm: 3.6349 | dt: 157ms | tok/s: 26,008 | remaining: 1418s
step 127480 (93.4%) | loss: 8.5213 | gnorm: 1.2487 | dt: 160ms | tok/s: 25,608 | remaining: 1415s
step 127500 (93.5%) | loss: 8.2075 | gnorm: 3.4575 | dt: 160ms | tok/s: 25,633 | remaining: 1412s
step 127520 (93.5%) | loss: 8.4065 | gnorm: 1.5984 | dt: 163ms | tok/s: 25,178 | remaining: 1408s
step 127540 (93.5%) | loss: 8.9091 | gnorm: 3.6018 | dt: 162ms | tok/s: 25,267 | remaining: 1405s
step 127560 (93.5%) | loss: 9.2945 | gnorm: 1.6819 | dt: 157ms | tok/s: 26,161 | remaining: 1402s
step 127580 (93.5%) | loss: 7.9550 | gnorm: 3.1976 | dt: 157ms | tok/s: 26,037 | remaining: 1399s
step 127600 (93.5%) | loss: 8.4257 | gnorm: 1.4874 | dt: 159ms | tok/s: 25,825 | remaining: 1396s
step 127620 (93.6%) | loss: 8.4087 | gnorm: 2.9485 | dt: 160ms | tok/s: 25,640 | remaining: 1392s
step 127640 (93.6%) | loss: 8.5806 | gnorm: 2.0593 | dt: 158ms | tok/s: 25,864 | remaining: 1389s
step 127660 (93.6%) | loss: 7.8892 | gnorm: 2.9217 | dt: 161ms | tok/s: 25,475 | remaining: 1386s
step 127680 (93.6%) | loss: 8.5647 | gnorm: 1.7291 | dt: 162ms | tok/s: 25,250 | remaining: 1383s
step 127700 (93.6%) | loss: 8.3370 | gnorm: 3.2327 | dt: 161ms | tok/s: 25,372 | remaining: 1380s
step 127720 (93.6%) | loss: 8.8914 | gnorm: 1.6905 | dt: 157ms | tok/s: 26,113 | remaining: 1377s
step 127740 (93.6%) | loss: 8.1075 | gnorm: 3.0195 | dt: 159ms | tok/s: 25,820 | remaining: 1373s
step 127760 (93.7%) | loss: 8.3787 | gnorm: 1.5557 | dt: 159ms | tok/s: 25,790 | remaining: 1370s
step 127780 (93.7%) | loss: 8.2214 | gnorm: 3.3890 | dt: 161ms | tok/s: 25,503 | remaining: 1367s
step 127800 (93.7%) | loss: 8.6493 | gnorm: 1.6490 | dt: 159ms | tok/s: 25,811 | remaining: 1364s
step 127820 (93.7%) | loss: 8.6865 | gnorm: 3.3862 | dt: 160ms | tok/s: 25,652 | remaining: 1361s
step 127840 (93.7%) | loss: 8.6787 | gnorm: 1.6321 | dt: 163ms | tok/s: 25,110 | remaining: 1357s
step 127860 (93.7%) | loss: 9.0105 | gnorm: 2.7033 | dt: 158ms | tok/s: 25,890 | remaining: 1354s
step 127880 (93.7%) | loss: 9.1737 | gnorm: 1.5048 | dt: 158ms | tok/s: 26,005 | remaining: 1351s
step 127900 (93.8%) | loss: 8.7975 | gnorm: 3.1491 | dt: 159ms | tok/s: 25,723 | remaining: 1348s
step 127920 (93.8%) | loss: 8.2891 | gnorm: 1.3872 | dt: 162ms | tok/s: 25,348 | remaining: 1345s
step 127940 (93.8%) | loss: 8.7024 | gnorm: 3.4363 | dt: 160ms | tok/s: 25,608 | remaining: 1341s
step 127960 (93.8%) | loss: 10.2752 | gnorm: 1.5563 | dt: 170ms | tok/s: 24,095 | remaining: 1338s
step 127980 (93.8%) | loss: 9.2723 | gnorm: 2.5983 | dt: 160ms | tok/s: 25,599 | remaining: 1335s
step 128000 (93.8%) | loss: 8.6558 | gnorm: 1.9037 | dt: 162ms | tok/s: 25,359 | remaining: 1332s
step 128020 (93.8%) | loss: 8.4495 | gnorm: 3.1501 | dt: 162ms | tok/s: 25,211 | remaining: 1329s
step 128040 (93.9%) | loss: 8.2474 | gnorm: 1.4116 | dt: 159ms | tok/s: 25,734 | remaining: 1325s
step 128060 (93.9%) | loss: 8.8761 | gnorm: 3.5513 | dt: 157ms | tok/s: 26,041 | remaining: 1322s
step 128080 (93.9%) | loss: 8.4123 | gnorm: 1.4234 | dt: 159ms | tok/s: 25,710 | remaining: 1319s
step 128100 (93.9%) | loss: 9.4292 | gnorm: 3.4265 | dt: 159ms | tok/s: 25,830 | remaining: 1316s
step 128120 (93.9%) | loss: 8.6883 | gnorm: 1.4222 | dt: 160ms | tok/s: 25,566 | remaining: 1313s
step 128140 (93.9%) | loss: 8.8834 | gnorm: 4.1606 | dt: 161ms | tok/s: 25,463 | remaining: 1309s
step 128160 (94.0%) | loss: 8.5829 | gnorm: 1.5135 | dt: 162ms | tok/s: 25,324 | remaining: 1306s
step 128180 (94.0%) | loss: 8.5605 | gnorm: 2.8688 | dt: 162ms | tok/s: 25,262 | remaining: 1303s
step 128200 (94.0%) | loss: 8.4768 | gnorm: 1.6967 | dt: 162ms | tok/s: 25,258 | remaining: 1300s
step 128220 (94.0%) | loss: 8.6651 | gnorm: 3.7975 | dt: 162ms | tok/s: 25,272 | remaining: 1296s
step 128240 (94.0%) | loss: 8.9122 | gnorm: 1.5038 | dt: 164ms | tok/s: 24,904 | remaining: 1293s
step 128260 (94.0%) | loss: 9.2765 | gnorm: 3.2016 | dt: 161ms | tok/s: 25,416 | remaining: 1290s
step 128280 (94.0%) | loss: 9.0530 | gnorm: 1.3457 | dt: 160ms | tok/s: 25,649 | remaining: 1287s
step 128300 (94.1%) | loss: 8.4979 | gnorm: 3.9438 | dt: 158ms | tok/s: 25,855 | remaining: 1284s
step 128320 (94.1%) | loss: 9.5511 | gnorm: 1.4850 | dt: 159ms | tok/s: 25,812 | remaining: 1280s
step 128340 (94.1%) | loss: 8.1158 | gnorm: 3.3162 | dt: 163ms | tok/s: 25,198 | remaining: 1277s
step 128360 (94.1%) | loss: 8.6230 | gnorm: 2.1540 | dt: 160ms | tok/s: 25,616 | remaining: 1274s
step 128380 (94.1%) | loss: 9.3062 | gnorm: 3.3306 | dt: 161ms | tok/s: 25,470 | remaining: 1271s
step 128400 (94.1%) | loss: 8.4435 | gnorm: 1.6170 | dt: 162ms | tok/s: 25,235 | remaining: 1267s
step 128420 (94.1%) | loss: 8.6824 | gnorm: 3.5873 | dt: 161ms | tok/s: 25,491 | remaining: 1264s
step 128440 (94.2%) | loss: 7.5859 | gnorm: 1.5478 | dt: 161ms | tok/s: 25,416 | remaining: 1261s
step 128460 (94.2%) | loss: 7.8455 | gnorm: 4.0243 | dt: 162ms | tok/s: 25,332 | remaining: 1258s
step 128480 (94.2%) | loss: 8.2910 | gnorm: 1.4087 | dt: 162ms | tok/s: 25,345 | remaining: 1254s
step 128500 (94.2%) | loss: 8.9221 | gnorm: 3.7866 | dt: 163ms | tok/s: 25,153 | remaining: 1251s
step 128520 (94.2%) | loss: 8.3016 | gnorm: 1.3729 | dt: 173ms | tok/s: 23,673 | remaining: 1248s
step 128540 (94.2%) | loss: 7.9644 | gnorm: 3.7557 | dt: 162ms | tok/s: 25,310 | remaining: 1245s
step 128560 (94.3%) | loss: 8.1230 | gnorm: 1.7209 | dt: 159ms | tok/s: 25,841 | remaining: 1242s
step 128580 (94.3%) | loss: 8.2463 | gnorm: 3.3397 | dt: 158ms | tok/s: 25,909 | remaining: 1238s
step 128600 (94.3%) | loss: 8.5086 | gnorm: 1.4202 | dt: 159ms | tok/s: 25,707 | remaining: 1235s
step 128620 (94.3%) | loss: 8.4023 | gnorm: 3.0089 | dt: 158ms | tok/s: 25,933 | remaining: 1232s
step 128640 (94.3%) | loss: 8.1586 | gnorm: 1.5565 | dt: 160ms | tok/s: 25,645 | remaining: 1229s
step 128660 (94.3%) | loss: 7.1910 | gnorm: 3.0629 | dt: 160ms | tok/s: 25,649 | remaining: 1226s
step 128680 (94.3%) | loss: 7.7779 | gnorm: 1.3743 | dt: 161ms | tok/s: 25,518 | remaining: 1222s
step 128700 (94.4%) | loss: 8.6129 | gnorm: 2.8072 | dt: 161ms | tok/s: 25,396 | remaining: 1219s
step 128720 (94.4%) | loss: 8.5246 | gnorm: 1.5375 | dt: 163ms | tok/s: 25,203 | remaining: 1216s
step 128740 (94.4%) | loss: 9.0903 | gnorm: 3.8536 | dt: 162ms | tok/s: 25,231 | remaining: 1213s
step 128760 (94.4%) | loss: 8.8113 | gnorm: 1.6049 | dt: 161ms | tok/s: 25,503 | remaining: 1209s
step 128780 (94.4%) | loss: 8.7931 | gnorm: 2.9799 | dt: 159ms | tok/s: 25,837 | remaining: 1206s
step 128800 (94.4%) | loss: 8.8792 | gnorm: 1.2642 | dt: 159ms | tok/s: 25,794 | remaining: 1203s
step 128820 (94.4%) | loss: 7.9221 | gnorm: 2.7776 | dt: 163ms | tok/s: 25,154 | remaining: 1200s
step 128840 (94.5%) | loss: 8.2414 | gnorm: 1.6859 | dt: 159ms | tok/s: 25,790 | remaining: 1197s
step 128860 (94.5%) | loss: 8.1764 | gnorm: 3.2595 | dt: 159ms | tok/s: 25,703 | remaining: 1193s
step 128880 (94.5%) | loss: 7.5681 | gnorm: 1.6084 | dt: 160ms | tok/s: 25,613 | remaining: 1190s
step 128900 (94.5%) | loss: 8.9113 | gnorm: 3.4940 | dt: 162ms | tok/s: 25,254 | remaining: 1187s
step 128920 (94.5%) | loss: 8.5180 | gnorm: 1.4253 | dt: 160ms | tok/s: 25,557 | remaining: 1184s
step 128940 (94.5%) | loss: 8.9746 | gnorm: 3.5323 | dt: 163ms | tok/s: 25,114 | remaining: 1181s
step 128960 (94.5%) | loss: 8.6727 | gnorm: 1.4295 | dt: 162ms | tok/s: 25,349 | remaining: 1177s
step 128980 (94.6%) | loss: 8.1917 | gnorm: 3.2409 | dt: 158ms | tok/s: 25,874 | remaining: 1174s
step 129000 (94.6%) | loss: 8.3175 | gnorm: 1.6452 | dt: 159ms | tok/s: 25,744 | remaining: 1171s
step 129020 (94.6%) | loss: 8.8300 | gnorm: 3.6456 | dt: 158ms | tok/s: 25,870 | remaining: 1168s
step 129040 (94.6%) | loss: 10.6666 | gnorm: 1.4834 | dt: 158ms | tok/s: 25,934 | remaining: 1165s
step 129060 (94.6%) | loss: 9.3361 | gnorm: 3.3479 | dt: 161ms | tok/s: 25,503 | remaining: 1161s
step 129080 (94.6%) | loss: 9.2290 | gnorm: 1.7504 | dt: 161ms | tok/s: 25,486 | remaining: 1158s
step 129100 (94.7%) | loss: 9.5872 | gnorm: 3.3894 | dt: 161ms | tok/s: 25,426 | remaining: 1155s
step 129120 (94.7%) | loss: 8.5171 | gnorm: 1.4825 | dt: 163ms | tok/s: 25,120 | remaining: 1152s
step 129140 (94.7%) | loss: 8.9819 | gnorm: 3.1489 | dt: 162ms | tok/s: 25,342 | remaining: 1149s
step 129160 (94.7%) | loss: 7.9441 | gnorm: 1.4453 | dt: 158ms | tok/s: 25,998 | remaining: 1145s
step 129180 (94.7%) | loss: 8.6211 | gnorm: 3.4898 | dt: 158ms | tok/s: 25,864 | remaining: 1142s
step 129200 (94.7%) | loss: 8.8726 | gnorm: 1.3047 | dt: 159ms | tok/s: 25,769 | remaining: 1139s
step 129220 (94.7%) | loss: 8.5637 | gnorm: 3.5857 | dt: 160ms | tok/s: 25,620 | remaining: 1136s
step 129240 (94.8%) | loss: 8.7727 | gnorm: 1.5766 | dt: 160ms | tok/s: 25,614 | remaining: 1133s
step 129260 (94.8%) | loss: 9.2783 | gnorm: 3.1572 | dt: 160ms | tok/s: 25,573 | remaining: 1129s
step 129280 (94.8%) | loss: 9.1909 | gnorm: 1.2105 | dt: 162ms | tok/s: 25,346 | remaining: 1126s
step 129300 (94.8%) | loss: 8.2868 | gnorm: 3.6245 | dt: 160ms | tok/s: 25,629 | remaining: 1123s
step 129320 (94.8%) | loss: 8.3366 | gnorm: 1.8727 | dt: 157ms | tok/s: 26,013 | remaining: 1120s
step 129340 (94.8%) | loss: 8.3340 | gnorm: 2.9959 | dt: 158ms | tok/s: 25,854 | remaining: 1117s
step 129360 (94.8%) | loss: 8.3982 | gnorm: 1.4184 | dt: 158ms | tok/s: 25,874 | remaining: 1114s
step 129380 (94.9%) | loss: 8.9024 | gnorm: 3.7191 | dt: 160ms | tok/s: 25,591 | remaining: 1110s
step 129400 (94.9%) | loss: 8.3082 | gnorm: 1.4743 | dt: 160ms | tok/s: 25,635 | remaining: 1107s
step 129420 (94.9%) | loss: 8.8068 | gnorm: 3.8177 | dt: 161ms | tok/s: 25,445 | remaining: 1104s
step 129440 (94.9%) | loss: 8.5361 | gnorm: 1.4322 | dt: 162ms | tok/s: 25,352 | remaining: 1101s
step 129460 (94.9%) | loss: 9.3486 | gnorm: 3.6259 | dt: 158ms | tok/s: 25,898 | remaining: 1098s
step 129480 (94.9%) | loss: 8.6396 | gnorm: 1.4752 | dt: 158ms | tok/s: 25,984 | remaining: 1094s
step 129500 (94.9%) | loss: 8.6742 | gnorm: 3.7568 | dt: 158ms | tok/s: 25,907 | remaining: 1091s
step 129520 (95.0%) | loss: 8.5900 | gnorm: 1.6559 | dt: 159ms | tok/s: 25,804 | remaining: 1088s
step 129540 (95.0%) | loss: 8.5345 | gnorm: 3.8076 | dt: 158ms | tok/s: 25,995 | remaining: 1085s
step 129560 (95.0%) | loss: 9.0136 | gnorm: 1.2250 | dt: 158ms | tok/s: 25,976 | remaining: 1082s
step 129580 (95.0%) | loss: 10.0711 | gnorm: 3.3323 | dt: 162ms | tok/s: 25,322 | remaining: 1078s
step 129600 (95.0%) | loss: 9.0909 | gnorm: 1.4682 | dt: 157ms | tok/s: 26,133 | remaining: 1075s
step 129620 (95.0%) | loss: 8.9304 | gnorm: 3.4648 | dt: 159ms | tok/s: 25,838 | remaining: 1072s
step 129640 (95.1%) | loss: 8.5023 | gnorm: 1.6001 | dt: 158ms | tok/s: 25,989 | remaining: 1069s
step 129660 (95.1%) | loss: 7.7629 | gnorm: 2.9477 | dt: 158ms | tok/s: 25,893 | remaining: 1066s
step 129680 (95.1%) | loss: 8.8687 | gnorm: 1.4389 | dt: 160ms | tok/s: 25,657 | remaining: 1063s
step 129700 (95.1%) | loss: 9.3215 | gnorm: 3.8116 | dt: 161ms | tok/s: 25,384 | remaining: 1059s
step 129720 (95.1%) | loss: 8.9309 | gnorm: 1.5554 | dt: 160ms | tok/s: 25,563 | remaining: 1056s
step 129740 (95.1%) | loss: 9.3661 | gnorm: 3.4707 | dt: 157ms | tok/s: 26,145 | remaining: 1053s
step 129760 (95.1%) | loss: 8.7248 | gnorm: 1.5759 | dt: 156ms | tok/s: 26,234 | remaining: 1050s
step 129780 (95.2%) | loss: 10.0001 | gnorm: 3.8064 | dt: 159ms | tok/s: 25,806 | remaining: 1047s
step 129800 (95.2%) | loss: 11.1664 | gnorm: 1.6836 | dt: 159ms | tok/s: 25,764 | remaining: 1044s
step 129820 (95.2%) | loss: 11.8653 | gnorm: 3.9979 | dt: 160ms | tok/s: 25,587 | remaining: 1040s
step 129840 (95.2%) | loss: 9.2329 | gnorm: 1.2882 | dt: 157ms | tok/s: 26,016 | remaining: 1037s
step 129860 (95.2%) | loss: 8.9217 | gnorm: 3.0613 | dt: 160ms | tok/s: 25,647 | remaining: 1034s
step 129880 (95.2%) | loss: 8.5508 | gnorm: 1.6111 | dt: 157ms | tok/s: 26,152 | remaining: 1031s
step 129900 (95.2%) | loss: 8.1512 | gnorm: 2.8147 | dt: 159ms | tok/s: 25,805 | remaining: 1028s
step 129920 (95.3%) | loss: 9.3719 | gnorm: 1.3559 | dt: 159ms | tok/s: 25,706 | remaining: 1024s
step 129940 (95.3%) | loss: 8.9686 | gnorm: 2.9643 | dt: 159ms | tok/s: 25,774 | remaining: 1021s
step 129960 (95.3%) | loss: 8.0144 | gnorm: 1.3532 | dt: 162ms | tok/s: 25,341 | remaining: 1018s
step 129980 (95.3%) | loss: 8.3689 | gnorm: 4.0453 | dt: 160ms | tok/s: 25,599 | remaining: 1015s
step 130000 (95.3%) | loss: 9.0389 | gnorm: 1.3423 | dt: 156ms | tok/s: 26,196 | remaining: 1012s
step 130020 (95.3%) | loss: 8.3846 | gnorm: 4.1070 | dt: 158ms | tok/s: 25,954 | remaining: 1009s
step 130040 (95.3%) | loss: 8.7031 | gnorm: 1.4847 | dt: 158ms | tok/s: 25,889 | remaining: 1005s
step 130060 (95.4%) | loss: 8.2845 | gnorm: 3.8466 | dt: 159ms | tok/s: 25,745 | remaining: 1002s
step 130080 (95.4%) | loss: 8.4534 | gnorm: 1.3431 | dt: 159ms | tok/s: 25,748 | remaining: 999s
step 130100 (95.4%) | loss: 8.7297 | gnorm: 3.2026 | dt: 161ms | tok/s: 25,378 | remaining: 996s
step 130120 (95.4%) | loss: 8.6500 | gnorm: 1.4772 | dt: 157ms | tok/s: 26,095 | remaining: 993s
step 130140 (95.4%) | loss: 10.0966 | gnorm: 4.4253 | dt: 158ms | tok/s: 25,917 | remaining: 989s
step 130160 (95.4%) | loss: 8.3036 | gnorm: 1.5142 | dt: 158ms | tok/s: 25,874 | remaining: 986s
step 130180 (95.4%) | loss: 8.7843 | gnorm: 3.1199 | dt: 159ms | tok/s: 25,779 | remaining: 983s
step 130200 (95.5%) | loss: 8.5186 | gnorm: 1.5420 | dt: 160ms | tok/s: 25,608 | remaining: 980s
step 130220 (95.5%) | loss: 9.3354 | gnorm: 3.1359 | dt: 161ms | tok/s: 25,435 | remaining: 977s
step 130240 (95.5%) | loss: 8.3418 | gnorm: 1.5196 | dt: 158ms | tok/s: 25,944 | remaining: 974s
step 130260 (95.5%) | loss: 8.3498 | gnorm: 3.7929 | dt: 157ms | tok/s: 26,135 | remaining: 970s
step 130280 (95.5%) | loss: 8.9670 | gnorm: 1.6983 | dt: 157ms | tok/s: 26,052 | remaining: 967s
step 130300 (95.5%) | loss: 10.5403 | gnorm: 3.9427 | dt: 158ms | tok/s: 25,847 | remaining: 964s
step 130320 (95.6%) | loss: 9.8737 | gnorm: 1.5090 | dt: 159ms | tok/s: 25,722 | remaining: 961s
step 130340 (95.6%) | loss: 9.9093 | gnorm: 3.1217 | dt: 161ms | tok/s: 25,373 | remaining: 958s
step 130360 (95.6%) | loss: 8.5869 | gnorm: 1.6812 | dt: 159ms | tok/s: 25,716 | remaining: 955s
step 130380 (95.6%) | loss: 8.8646 | gnorm: 3.3426 | dt: 157ms | tok/s: 26,121 | remaining: 951s
step 130400 (95.6%) | loss: 8.7350 | gnorm: 1.4895 | dt: 158ms | tok/s: 25,876 | remaining: 948s
step 130420 (95.6%) | loss: 10.0048 | gnorm: 3.3287 | dt: 158ms | tok/s: 25,873 | remaining: 945s
step 130440 (95.6%) | loss: 8.5156 | gnorm: 1.4145 | dt: 159ms | tok/s: 25,736 | remaining: 942s
step 130460 (95.7%) | loss: 8.9244 | gnorm: 2.8849 | dt: 160ms | tok/s: 25,623 | remaining: 939s
step 130480 (95.7%) | loss: 7.4897 | gnorm: 1.2914 | dt: 162ms | tok/s: 25,262 | remaining: 935s
step 130500 (95.7%) | loss: 8.4057 | gnorm: 3.4245 | dt: 157ms | tok/s: 26,141 | remaining: 932s
step 130520 (95.7%) | loss: 8.9301 | gnorm: 2.2359 | dt: 155ms | tok/s: 26,491 | remaining: 929s
step 130540 (95.7%) | loss: 8.5243 | gnorm: 2.7645 | dt: 158ms | tok/s: 25,866 | remaining: 926s
step 130560 (95.7%) | loss: 8.7149 | gnorm: 1.4751 | dt: 158ms | tok/s: 25,857 | remaining: 923s
step 130580 (95.7%) | loss: 8.2972 | gnorm: 2.9668 | dt: 160ms | tok/s: 25,601 | remaining: 920s
step 130600 (95.8%) | loss: 8.5285 | gnorm: 1.6765 | dt: 162ms | tok/s: 25,285 | remaining: 916s
step 130620 (95.8%) | loss: 9.8471 | gnorm: 3.5127 | dt: 161ms | tok/s: 25,445 | remaining: 913s
step 130640 (95.8%) | loss: 8.5778 | gnorm: 1.5663 | dt: 158ms | tok/s: 25,977 | remaining: 910s
step 130660 (95.8%) | loss: 9.0377 | gnorm: 3.0561 | dt: 158ms | tok/s: 25,927 | remaining: 907s
step 130680 (95.8%) | loss: 8.3916 | gnorm: 1.6925 | dt: 159ms | tok/s: 25,808 | remaining: 904s
step 130700 (95.8%) | loss: 8.3571 | gnorm: 3.3130 | dt: 160ms | tok/s: 25,611 | remaining: 900s
step 130720 (95.8%) | loss: 8.5961 | gnorm: 1.6671 | dt: 160ms | tok/s: 25,613 | remaining: 897s
step 130740 (95.9%) | loss: 8.7270 | gnorm: 2.7842 | dt: 160ms | tok/s: 25,529 | remaining: 894s
step 130760 (95.9%) | loss: 9.0863 | gnorm: 1.6157 | dt: 156ms | tok/s: 26,288 | remaining: 891s
step 130780 (95.9%) | loss: 9.4096 | gnorm: 3.2910 | dt: 158ms | tok/s: 25,858 | remaining: 888s
step 130800 (95.9%) | loss: 8.8818 | gnorm: 1.5059 | dt: 157ms | tok/s: 26,085 | remaining: 885s
step 130820 (95.9%) | loss: 9.0191 | gnorm: 3.5789 | dt: 159ms | tok/s: 25,822 | remaining: 881s
step 130840 (95.9%) | loss: 9.1124 | gnorm: 1.3409 | dt: 159ms | tok/s: 25,691 | remaining: 878s
step 130860 (95.9%) | loss: 9.0514 | gnorm: 3.5543 | dt: 162ms | tok/s: 25,311 | remaining: 875s
step 130880 (96.0%) | loss: 8.2064 | gnorm: 1.2976 | dt: 161ms | tok/s: 25,503 | remaining: 872s
step 130900 (96.0%) | loss: 9.6503 | gnorm: 3.6231 | dt: 157ms | tok/s: 26,125 | remaining: 869s
step 130920 (96.0%) | loss: 8.7683 | gnorm: 1.4793 | dt: 158ms | tok/s: 25,966 | remaining: 866s
step 130940 (96.0%) | loss: 9.4757 | gnorm: 3.7394 | dt: 159ms | tok/s: 25,769 | remaining: 862s
step 130960 (96.0%) | loss: 8.9836 | gnorm: 1.5618 | dt: 159ms | tok/s: 25,730 | remaining: 859s
step 130980 (96.0%) | loss: 7.9386 | gnorm: 2.7073 | dt: 161ms | tok/s: 25,496 | remaining: 856s
step 131000 (96.1%) | loss: 8.5737 | gnorm: 1.3961 | dt: 161ms | tok/s: 25,473 | remaining: 853s
step 131020 (96.1%) | loss: 8.6734 | gnorm: 2.9285 | dt: 156ms | tok/s: 26,300 | remaining: 850s
step 131040 (96.1%) | loss: 8.5325 | gnorm: 1.3797 | dt: 158ms | tok/s: 25,910 | remaining: 846s
step 131060 (96.1%) | loss: 8.8659 | gnorm: 3.6379 | dt: 158ms | tok/s: 25,897 | remaining: 843s
step 131080 (96.1%) | loss: 8.9447 | gnorm: 1.3052 | dt: 175ms | tok/s: 23,387 | remaining: 840s
step 131100 (96.1%) | loss: 9.0312 | gnorm: 3.1174 | dt: 160ms | tok/s: 25,645 | remaining: 837s
step 131120 (96.1%) | loss: 8.4990 | gnorm: 1.1837 | dt: 161ms | tok/s: 25,365 | remaining: 834s
step 131140 (96.2%) | loss: 8.8611 | gnorm: 3.3430 | dt: 157ms | tok/s: 26,108 | remaining: 831s
step 131160 (96.2%) | loss: 10.0395 | gnorm: 1.4805 | dt: 159ms | tok/s: 25,715 | remaining: 827s
step 131180 (96.2%) | loss: 9.4763 | gnorm: 3.1570 | dt: 156ms | tok/s: 26,206 | remaining: 824s
step 131200 (96.2%) | loss: 9.9257 | gnorm: 1.3579 | dt: 158ms | tok/s: 25,863 | remaining: 821s
step 131220 (96.2%) | loss: 8.9289 | gnorm: 3.3959 | dt: 160ms | tok/s: 25,591 | remaining: 818s
step 131240 (96.2%) | loss: 8.4660 | gnorm: 1.3892 | dt: 158ms | tok/s: 25,852 | remaining: 815s
step 131260 (96.2%) | loss: 8.2689 | gnorm: 3.7827 | dt: 165ms | tok/s: 24,856 | remaining: 811s
step 131280 (96.3%) | loss: 8.7188 | gnorm: 1.3479 | dt: 160ms | tok/s: 25,616 | remaining: 808s
step 131300 (96.3%) | loss: 9.8241 | gnorm: 3.2061 | dt: 157ms | tok/s: 26,120 | remaining: 805s
step 131320 (96.3%) | loss: 8.8508 | gnorm: 1.2469 | dt: 159ms | tok/s: 25,792 | remaining: 802s
step 131340 (96.3%) | loss: 8.9463 | gnorm: 3.5273 | dt: 159ms | tok/s: 25,734 | remaining: 799s
step 131360 (96.3%) | loss: 8.0928 | gnorm: 1.5818 | dt: 159ms | tok/s: 25,693 | remaining: 795s
step 131380 (96.3%) | loss: 8.6622 | gnorm: 3.3629 | dt: 160ms | tok/s: 25,636 | remaining: 792s
step 131400 (96.3%) | loss: 8.8241 | gnorm: 1.3393 | dt: 167ms | tok/s: 24,490 | remaining: 789s
step 131420 (96.4%) | loss: 9.4992 | gnorm: 3.4332 | dt: 160ms | tok/s: 25,611 | remaining: 786s
step 131440 (96.4%) | loss: 8.3478 | gnorm: 1.3706 | dt: 163ms | tok/s: 25,097 | remaining: 783s
step 131460 (96.4%) | loss: 7.9939 | gnorm: 3.1214 | dt: 158ms | tok/s: 25,902 | remaining: 779s
step 131480 (96.4%) | loss: 8.0943 | gnorm: 1.5324 | dt: 157ms | tok/s: 26,169 | remaining: 776s
step 131500 (96.4%) | loss: 8.7099 | gnorm: 2.9029 | dt: 159ms | tok/s: 25,774 | remaining: 773s
step 131520 (96.4%) | loss: 8.7184 | gnorm: 1.2963 | dt: 159ms | tok/s: 25,687 | remaining: 770s
step 131540 (96.4%) | loss: 9.1178 | gnorm: 3.1369 | dt: 155ms | tok/s: 26,471 | remaining: 767s
step 131560 (96.5%) | loss: 8.7697 | gnorm: 1.2503 | dt: 160ms | tok/s: 25,531 | remaining: 763s
step 131580 (96.5%) | loss: 8.8175 | gnorm: 3.0594 | dt: 161ms | tok/s: 25,495 | remaining: 760s
step 131600 (96.5%) | loss: 8.0978 | gnorm: 1.3634 | dt: 162ms | tok/s: 25,251 | remaining: 757s
step 131620 (96.5%) | loss: 8.6116 | gnorm: 2.9716 | dt: 161ms | tok/s: 25,444 | remaining: 754s
step 131640 (96.5%) | loss: 8.4172 | gnorm: 1.3770 | dt: 159ms | tok/s: 25,841 | remaining: 751s
step 131660 (96.5%) | loss: 8.5531 | gnorm: 2.6450 | dt: 159ms | tok/s: 25,831 | remaining: 747s
step 131680 (96.6%) | loss: 8.6732 | gnorm: 1.3270 | dt: 158ms | tok/s: 25,955 | remaining: 744s
step 131700 (96.6%) | loss: 8.7973 | gnorm: 2.9996 | dt: 160ms | tok/s: 25,680 | remaining: 741s
step 131720 (96.6%) | loss: 8.3414 | gnorm: 1.4288 | dt: 160ms | tok/s: 25,668 | remaining: 738s
step 131740 (96.6%) | loss: 10.1148 | gnorm: 3.6180 | dt: 161ms | tok/s: 25,443 | remaining: 735s
step 131760 (96.6%) | loss: 8.7184 | gnorm: 1.2711 | dt: 162ms | tok/s: 25,250 | remaining: 732s
step 131780 (96.6%) | loss: 8.9668 | gnorm: 2.6992 | dt: 162ms | tok/s: 25,230 | remaining: 728s
step 131800 (96.6%) | loss: 8.2130 | gnorm: 1.3293 | dt: 158ms | tok/s: 26,002 | remaining: 725s
step 131820 (96.7%) | loss: 9.0533 | gnorm: 3.3807 | dt: 157ms | tok/s: 26,043 | remaining: 722s
step 131840 (96.7%) | loss: 8.7149 | gnorm: 1.4951 | dt: 158ms | tok/s: 25,880 | remaining: 719s
step 131860 (96.7%) | loss: 8.8215 | gnorm: 3.1879 | dt: 159ms | tok/s: 25,694 | remaining: 716s
step 131880 (96.7%) | loss: 8.3712 | gnorm: 1.6655 | dt: 160ms | tok/s: 25,652 | remaining: 712s
step 131900 (96.7%) | loss: 9.6180 | gnorm: 4.0650 | dt: 161ms | tok/s: 25,442 | remaining: 709s
step 131920 (96.7%) | loss: 8.0994 | gnorm: 1.3671 | dt: 163ms | tok/s: 25,147 | remaining: 706s
step 131940 (96.7%) | loss: 9.2398 | gnorm: 3.8771 | dt: 159ms | tok/s: 25,811 | remaining: 703s
step 131960 (96.8%) | loss: 8.4656 | gnorm: 1.4951 | dt: 158ms | tok/s: 25,911 | remaining: 700s
step 131980 (96.8%) | loss: 8.4982 | gnorm: 3.0554 | dt: 158ms | tok/s: 25,863 | remaining: 696s
step 132000 (96.8%) | loss: 8.1876 | gnorm: 1.5838 | dt: 159ms | tok/s: 25,808 | remaining: 693s
step 132020 (96.8%) | loss: 7.7678 | gnorm: 3.1084 | dt: 160ms | tok/s: 25,530 | remaining: 690s
step 132040 (96.8%) | loss: 7.9502 | gnorm: 1.6488 | dt: 161ms | tok/s: 25,466 | remaining: 687s
step 132060 (96.8%) | loss: 8.5457 | gnorm: 3.5674 | dt: 160ms | tok/s: 25,525 | remaining: 684s
step 132080 (96.8%) | loss: 8.1692 | gnorm: 1.4367 | dt: 162ms | tok/s: 25,239 | remaining: 680s
step 132100 (96.9%) | loss: 8.2859 | gnorm: 3.4703 | dt: 158ms | tok/s: 25,858 | remaining: 677s
step 132120 (96.9%) | loss: 9.1314 | gnorm: 1.5597 | dt: 157ms | tok/s: 26,007 | remaining: 674s
step 132140 (96.9%) | loss: 8.6314 | gnorm: 3.0873 | dt: 158ms | tok/s: 25,868 | remaining: 671s
step 132160 (96.9%) | loss: 9.3316 | gnorm: 1.6392 | dt: 159ms | tok/s: 25,727 | remaining: 668s
step 132180 (96.9%) | loss: 9.1236 | gnorm: 3.0460 | dt: 159ms | tok/s: 25,820 | remaining: 664s
step 132200 (96.9%) | loss: 8.2502 | gnorm: 1.3871 | dt: 160ms | tok/s: 25,642 | remaining: 661s
step 132220 (97.0%) | loss: 8.5336 | gnorm: 3.9628 | dt: 162ms | tok/s: 25,239 | remaining: 658s
step 132240 (97.0%) | loss: 8.8409 | gnorm: 1.3451 | dt: 161ms | tok/s: 25,475 | remaining: 655s
step 132260 (97.0%) | loss: 8.2616 | gnorm: 2.7628 | dt: 157ms | tok/s: 26,007 | remaining: 652s
step 132280 (97.0%) | loss: 8.5041 | gnorm: 1.5622 | dt: 158ms | tok/s: 25,876 | remaining: 649s
step 132300 (97.0%) | loss: 8.2811 | gnorm: 2.9242 | dt: 157ms | tok/s: 26,011 | remaining: 645s
step 132320 (97.0%) | loss: 8.5495 | gnorm: 1.5643 | dt: 159ms | tok/s: 25,697 | remaining: 642s
step 132340 (97.0%) | loss: 7.9306 | gnorm: 2.4954 | dt: 159ms | tok/s: 25,840 | remaining: 639s
step 132360 (97.1%) | loss: 8.0671 | gnorm: 1.2978 | dt: 160ms | tok/s: 25,673 | remaining: 636s
step 132380 (97.1%) | loss: 8.2276 | gnorm: 3.2761 | dt: 163ms | tok/s: 25,121 | remaining: 633s
step 132400 (97.1%) | loss: 8.5977 | gnorm: 1.3870 | dt: 159ms | tok/s: 25,749 | remaining: 629s
step 132420 (97.1%) | loss: 8.6245 | gnorm: 3.2854 | dt: 158ms | tok/s: 25,999 | remaining: 626s
step 132440 (97.1%) | loss: 7.9238 | gnorm: 1.4115 | dt: 158ms | tok/s: 25,934 | remaining: 623s
step 132460 (97.1%) | loss: 8.1584 | gnorm: 3.0184 | dt: 159ms | tok/s: 25,754 | remaining: 620s
step 132480 (97.1%) | loss: 8.1317 | gnorm: 1.3273 | dt: 159ms | tok/s: 25,766 | remaining: 617s
step 132500 (97.2%) | loss: 8.2066 | gnorm: 3.1911 | dt: 160ms | tok/s: 25,678 | remaining: 613s
step 132520 (97.2%) | loss: 7.9006 | gnorm: 1.2659 | dt: 163ms | tok/s: 25,133 | remaining: 610s
step 132540 (97.2%) | loss: 8.0811 | gnorm: 3.8454 | dt: 158ms | tok/s: 25,845 | remaining: 607s
step 132560 (97.2%) | loss: 8.5359 | gnorm: 1.6356 | dt: 158ms | tok/s: 25,987 | remaining: 604s
step 132580 (97.2%) | loss: 8.8911 | gnorm: 3.6990 | dt: 158ms | tok/s: 25,938 | remaining: 601s
step 132600 (97.2%) | loss: 7.7959 | gnorm: 1.3388 | dt: 159ms | tok/s: 25,793 | remaining: 598s
step 132620 (97.2%) | loss: 8.5435 | gnorm: 3.3736 | dt: 159ms | tok/s: 25,727 | remaining: 594s
step 132640 (97.3%) | loss: 8.1647 | gnorm: 1.3645 | dt: 160ms | tok/s: 25,647 | remaining: 591s
step 132660 (97.3%) | loss: 9.3943 | gnorm: 3.0756 | dt: 163ms | tok/s: 25,204 | remaining: 588s
step 132680 (97.3%) | loss: 8.6464 | gnorm: 1.3959 | dt: 159ms | tok/s: 25,723 | remaining: 585s
step 132700 (97.3%) | loss: 8.3659 | gnorm: 3.3285 | dt: 158ms | tok/s: 25,998 | remaining: 582s
step 132720 (97.3%) | loss: 8.3069 | gnorm: 1.4498 | dt: 157ms | tok/s: 26,027 | remaining: 578s
step 132740 (97.3%) | loss: 8.5955 | gnorm: 3.1378 | dt: 159ms | tok/s: 25,712 | remaining: 575s
step 132760 (97.4%) | loss: 8.7233 | gnorm: 1.5499 | dt: 159ms | tok/s: 25,728 | remaining: 572s
step 132780 (97.4%) | loss: 8.1230 | gnorm: 3.4242 | dt: 159ms | tok/s: 25,782 | remaining: 569s
step 132800 (97.4%) | loss: 8.0146 | gnorm: 1.6480 | dt: 161ms | tok/s: 25,387 | remaining: 566s
step 132820 (97.4%) | loss: 8.1354 | gnorm: 3.9211 | dt: 159ms | tok/s: 25,750 | remaining: 563s
step 132840 (97.4%) | loss: 8.3035 | gnorm: 1.4791 | dt: 157ms | tok/s: 26,057 | remaining: 559s
step 132860 (97.4%) | loss: 8.4907 | gnorm: 3.3844 | dt: 156ms | tok/s: 26,310 | remaining: 556s
step 132880 (97.4%) | loss: 7.9052 | gnorm: 1.8226 | dt: 159ms | tok/s: 25,781 | remaining: 553s
step 132900 (97.5%) | loss: 7.8482 | gnorm: 2.8761 | dt: 159ms | tok/s: 25,834 | remaining: 550s
step 132920 (97.5%) | loss: 8.3441 | gnorm: 1.2277 | dt: 159ms | tok/s: 25,745 | remaining: 547s
step 132940 (97.5%) | loss: 8.1955 | gnorm: 3.1411 | dt: 163ms | tok/s: 25,186 | remaining: 543s
step 132960 (97.5%) | loss: 8.0813 | gnorm: 1.6412 | dt: 157ms | tok/s: 26,032 | remaining: 540s
step 132980 (97.5%) | loss: 8.5180 | gnorm: 3.8951 | dt: 157ms | tok/s: 26,024 | remaining: 537s
step 133000 (97.5%) | loss: 8.4131 | gnorm: 1.4286 | dt: 158ms | tok/s: 25,921 | remaining: 534s
step 133020 (97.5%) | loss: 8.8322 | gnorm: 3.6932 | dt: 159ms | tok/s: 25,721 | remaining: 531s
step 133040 (97.6%) | loss: 8.0920 | gnorm: 1.6370 | dt: 159ms | tok/s: 25,797 | remaining: 528s
step 133060 (97.6%) | loss: 7.5366 | gnorm: 2.7846 | dt: 157ms | tok/s: 26,059 | remaining: 524s
step 133080 (97.6%) | loss: 7.9304 | gnorm: 1.3105 | dt: 162ms | tok/s: 25,317 | remaining: 521s
step 133100 (97.6%) | loss: 8.0471 | gnorm: 2.7921 | dt: 158ms | tok/s: 25,971 | remaining: 518s
step 133120 (97.6%) | loss: 8.4433 | gnorm: 1.5002 | dt: 159ms | tok/s: 25,807 | remaining: 515s
step 133140 (97.6%) | loss: 8.9957 | gnorm: 3.3174 | dt: 158ms | tok/s: 25,871 | remaining: 512s
step 133160 (97.6%) | loss: 8.3802 | gnorm: 1.3933 | dt: 154ms | tok/s: 26,670 | remaining: 508s
step 133180 (97.7%) | loss: 11.6219 | gnorm: 3.3611 | dt: 159ms | tok/s: 25,742 | remaining: 505s
step 133200 (97.7%) | loss: 8.1127 | gnorm: 1.3144 | dt: 161ms | tok/s: 25,471 | remaining: 502s
step 133220 (97.7%) | loss: 8.7346 | gnorm: 3.3803 | dt: 162ms | tok/s: 25,344 | remaining: 499s
step 133240 (97.7%) | loss: 7.9560 | gnorm: 1.3150 | dt: 168ms | tok/s: 24,378 | remaining: 496s
step 133260 (97.7%) | loss: 7.8462 | gnorm: 2.6690 | dt: 153ms | tok/s: 26,722 | remaining: 493s
step 133280 (97.7%) | loss: 8.9339 | gnorm: 1.6585 | dt: 157ms | tok/s: 26,095 | remaining: 489s
step 133300 (97.7%) | loss: 7.2607 | gnorm: 3.0144 | dt: 157ms | tok/s: 26,054 | remaining: 486s
step 133320 (97.8%) | loss: 8.6133 | gnorm: 1.6358 | dt: 159ms | tok/s: 25,775 | remaining: 483s
step 133340 (97.8%) | loss: 8.7679 | gnorm: 3.5585 | dt: 159ms | tok/s: 25,790 | remaining: 480s
step 133360 (97.8%) | loss: 8.1720 | gnorm: 1.3646 | dt: 160ms | tok/s: 25,589 | remaining: 477s
step 133380 (97.8%) | loss: 8.1298 | gnorm: 3.6146 | dt: 161ms | tok/s: 25,483 | remaining: 473s
step 133400 (97.8%) | loss: 8.4215 | gnorm: 1.6284 | dt: 156ms | tok/s: 26,266 | remaining: 470s
step 133420 (97.8%) | loss: 8.4973 | gnorm: 2.6856 | dt: 158ms | tok/s: 25,852 | remaining: 467s
step 133440 (97.9%) | loss: 8.0296 | gnorm: 1.4093 | dt: 158ms | tok/s: 25,937 | remaining: 464s
step 133460 (97.9%) | loss: 8.4478 | gnorm: 3.1609 | dt: 159ms | tok/s: 25,716 | remaining: 461s
step 133480 (97.9%) | loss: 7.8867 | gnorm: 1.2159 | dt: 160ms | tok/s: 25,606 | remaining: 458s
step 133500 (97.9%) | loss: 8.6051 | gnorm: 3.3616 | dt: 162ms | tok/s: 25,282 | remaining: 454s
step 133520 (97.9%) | loss: 8.2937 | gnorm: 1.3614 | dt: 160ms | tok/s: 25,592 | remaining: 451s
step 133540 (97.9%) | loss: 7.8716 | gnorm: 3.4482 | dt: 158ms | tok/s: 25,900 | remaining: 448s
step 133560 (97.9%) | loss: 8.1922 | gnorm: 1.3927 | dt: 159ms | tok/s: 25,699 | remaining: 445s
step 133580 (98.0%) | loss: 8.4228 | gnorm: 3.2265 | dt: 158ms | tok/s: 25,847 | remaining: 442s
step 133600 (98.0%) | loss: 8.4298 | gnorm: 1.3546 | dt: 159ms | tok/s: 25,686 | remaining: 438s
step 133620 (98.0%) | loss: 7.7412 | gnorm: 2.8915 | dt: 160ms | tok/s: 25,523 | remaining: 435s
step 133640 (98.0%) | loss: 7.8960 | gnorm: 1.3787 | dt: 162ms | tok/s: 25,245 | remaining: 432s
step 133660 (98.0%) | loss: 8.1855 | gnorm: 3.3660 | dt: 160ms | tok/s: 25,573 | remaining: 429s
step 133680 (98.0%) | loss: 8.1523 | gnorm: 1.3836 | dt: 157ms | tok/s: 26,064 | remaining: 426s
step 133700 (98.0%) | loss: 7.2282 | gnorm: 2.6101 | dt: 160ms | tok/s: 25,615 | remaining: 423s
step 133720 (98.1%) | loss: 8.2426 | gnorm: 1.4225 | dt: 158ms | tok/s: 25,865 | remaining: 419s
step 133740 (98.1%) | loss: 7.9670 | gnorm: 3.1843 | dt: 159ms | tok/s: 25,737 | remaining: 416s
step 133760 (98.1%) | loss: 7.6939 | gnorm: 1.4401 | dt: 159ms | tok/s: 25,686 | remaining: 413s
step 133780 (98.1%) | loss: 8.5186 | gnorm: 3.0741 | dt: 162ms | tok/s: 25,314 | remaining: 410s
step 133800 (98.1%) | loss: 8.6857 | gnorm: 1.4600 | dt: 161ms | tok/s: 25,466 | remaining: 407s
step 133820 (98.1%) | loss: 8.5396 | gnorm: 2.9446 | dt: 156ms | tok/s: 26,184 | remaining: 403s
step 133840 (98.1%) | loss: 8.3654 | gnorm: 1.4017 | dt: 158ms | tok/s: 25,919 | remaining: 400s
step 133860 (98.2%) | loss: 8.6421 | gnorm: 3.6568 | dt: 158ms | tok/s: 25,857 | remaining: 397s
step 133880 (98.2%) | loss: 8.5047 | gnorm: 1.4586 | dt: 159ms | tok/s: 25,752 | remaining: 394s
step 133900 (98.2%) | loss: 9.0987 | gnorm: 2.6690 | dt: 160ms | tok/s: 25,611 | remaining: 391s
step 133920 (98.2%) | loss: 8.4514 | gnorm: 1.4230 | dt: 163ms | tok/s: 25,101 | remaining: 388s
step 133940 (98.2%) | loss: 8.6278 | gnorm: 3.6594 | dt: 158ms | tok/s: 25,871 | remaining: 384s
step 133960 (98.2%) | loss: 8.0832 | gnorm: 1.4761 | dt: 157ms | tok/s: 26,060 | remaining: 381s
step 133980 (98.2%) | loss: 8.7902 | gnorm: 2.9069 | dt: 158ms | tok/s: 25,959 | remaining: 378s
step 134000 (98.3%) | loss: 7.9711 | gnorm: 1.4211 | dt: 159ms | tok/s: 25,815 | remaining: 375s
step 134020 (98.3%) | loss: 8.3448 | gnorm: 2.8764 | dt: 159ms | tok/s: 25,713 | remaining: 372s
step 134040 (98.3%) | loss: 8.6304 | gnorm: 1.3421 | dt: 160ms | tok/s: 25,570 | remaining: 368s
step 134060 (98.3%) | loss: 9.1420 | gnorm: 4.0777 | dt: 163ms | tok/s: 25,157 | remaining: 365s
step 134080 (98.3%) | loss: 8.8466 | gnorm: 1.3536 | dt: 159ms | tok/s: 25,750 | remaining: 362s
step 134100 (98.3%) | loss: 9.7932 | gnorm: 4.1772 | dt: 158ms | tok/s: 25,914 | remaining: 359s
step 134120 (98.4%) | loss: 8.9558 | gnorm: 1.5074 | dt: 158ms | tok/s: 25,994 | remaining: 356s
step 134140 (98.4%) | loss: 7.7416 | gnorm: 3.4608 | dt: 159ms | tok/s: 25,731 | remaining: 353s
step 134160 (98.4%) | loss: 8.6051 | gnorm: 1.2882 | dt: 160ms | tok/s: 25,674 | remaining: 349s
step 134180 (98.4%) | loss: 8.8261 | gnorm: 3.3509 | dt: 160ms | tok/s: 25,553 | remaining: 346s
step 134200 (98.4%) | loss: 8.2085 | gnorm: 1.2829 | dt: 163ms | tok/s: 25,142 | remaining: 343s
step 134220 (98.4%) | loss: 8.7714 | gnorm: 3.2913 | dt: 158ms | tok/s: 25,871 | remaining: 340s
step 134240 (98.4%) | loss: 8.7837 | gnorm: 1.2725 | dt: 157ms | tok/s: 26,060 | remaining: 337s
step 134260 (98.5%) | loss: 8.4147 | gnorm: 3.5665 | dt: 159ms | tok/s: 25,828 | remaining: 333s
step 134280 (98.5%) | loss: 8.7514 | gnorm: 1.4270 | dt: 159ms | tok/s: 25,718 | remaining: 330s
step 134300 (98.5%) | loss: 9.3993 | gnorm: 3.4931 | dt: 159ms | tok/s: 25,734 | remaining: 327s
step 134320 (98.5%) | loss: 8.9096 | gnorm: 1.3398 | dt: 159ms | tok/s: 25,699 | remaining: 324s
step 134340 (98.5%) | loss: 9.2620 | gnorm: 3.5898 | dt: 162ms | tok/s: 25,261 | remaining: 321s
step 134360 (98.5%) | loss: 8.9653 | gnorm: 1.4475 | dt: 158ms | tok/s: 25,887 | remaining: 317s
step 134380 (98.5%) | loss: 8.8493 | gnorm: 3.6010 | dt: 157ms | tok/s: 26,022 | remaining: 314s
step 134400 (98.6%) | loss: 8.5620 | gnorm: 1.4647 | dt: 158ms | tok/s: 25,975 | remaining: 311s
step 134420 (98.6%) | loss: 9.2471 | gnorm: 3.3817 | dt: 159ms | tok/s: 25,775 | remaining: 308s
step 134440 (98.6%) | loss: 8.1534 | gnorm: 1.2962 | dt: 160ms | tok/s: 25,676 | remaining: 305s
step 134460 (98.6%) | loss: 9.0938 | gnorm: 3.3844 | dt: 159ms | tok/s: 25,821 | remaining: 302s
step 134480 (98.6%) | loss: 8.7473 | gnorm: 1.3580 | dt: 162ms | tok/s: 25,249 | remaining: 298s
step 134500 (98.6%) | loss: 8.6036 | gnorm: 3.2981 | dt: 158ms | tok/s: 25,861 | remaining: 295s
step 134520 (98.6%) | loss: 8.2616 | gnorm: 1.5409 | dt: 159ms | tok/s: 25,766 | remaining: 292s
step 134540 (98.7%) | loss: 8.8998 | gnorm: 2.9128 | dt: 158ms | tok/s: 25,990 | remaining: 289s
step 134560 (98.7%) | loss: 8.4056 | gnorm: 1.2359 | dt: 156ms | tok/s: 26,175 | remaining: 286s
step 134580 (98.7%) | loss: 7.9716 | gnorm: 3.1676 | dt: 158ms | tok/s: 25,888 | remaining: 282s
step 134600 (98.7%) | loss: 8.7469 | gnorm: 1.4512 | dt: 160ms | tok/s: 25,649 | remaining: 279s
step 134620 (98.7%) | loss: 7.9236 | gnorm: 4.1963 | dt: 161ms | tok/s: 25,477 | remaining: 276s
step 134640 (98.7%) | loss: 8.7582 | gnorm: 1.4871 | dt: 157ms | tok/s: 26,112 | remaining: 273s
step 134660 (98.8%) | loss: 8.9855 | gnorm: 3.2919 | dt: 158ms | tok/s: 25,956 | remaining: 270s
step 134680 (98.8%) | loss: 8.9926 | gnorm: 1.5573 | dt: 158ms | tok/s: 25,934 | remaining: 267s
step 134700 (98.8%) | loss: 8.1536 | gnorm: 3.4366 | dt: 158ms | tok/s: 25,935 | remaining: 263s
step 134720 (98.8%) | loss: 8.5296 | gnorm: 1.2790 | dt: 159ms | tok/s: 25,701 | remaining: 260s
step 134740 (98.8%) | loss: 7.8866 | gnorm: 3.0743 | dt: 160ms | tok/s: 25,665 | remaining: 257s
step 134760 (98.8%) | loss: 8.0607 | gnorm: 1.2428 | dt: 159ms | tok/s: 25,751 | remaining: 254s
step 134780 (98.8%) | loss: 8.5423 | gnorm: 3.0187 | dt: 158ms | tok/s: 25,879 | remaining: 251s
step 134800 (98.9%) | loss: 8.8832 | gnorm: 1.6226 | dt: 158ms | tok/s: 25,986 | remaining: 247s
step 134820 (98.9%) | loss: 9.1015 | gnorm: 3.3640 | dt: 158ms | tok/s: 25,923 | remaining: 244s
step 134840 (98.9%) | loss: 8.5729 | gnorm: 1.4700 | dt: 159ms | tok/s: 25,807 | remaining: 241s
step 134860 (98.9%) | loss: 8.9863 | gnorm: 3.1475 | dt: 161ms | tok/s: 25,477 | remaining: 238s
step 134880 (98.9%) | loss: 8.2133 | gnorm: 1.3974 | dt: 161ms | tok/s: 25,518 | remaining: 235s
step 134900 (98.9%) | loss: 9.0105 | gnorm: 3.2663 | dt: 162ms | tok/s: 25,320 | remaining: 231s
step 134920 (98.9%) | loss: 8.3381 | gnorm: 1.4159 | dt: 161ms | tok/s: 25,408 | remaining: 228s
step 134940 (99.0%) | loss: 8.5007 | gnorm: 4.0206 | dt: 159ms | tok/s: 25,754 | remaining: 225s
step 134960 (99.0%) | loss: 8.2065 | gnorm: 1.5722 | dt: 158ms | tok/s: 25,874 | remaining: 222s
step 134980 (99.0%) | loss: 9.0946 | gnorm: 3.0813 | dt: 159ms | tok/s: 25,753 | remaining: 219s
step 135000 (99.0%) | loss: 7.9991 | gnorm: 1.3412 | dt: 160ms | tok/s: 25,590 | remaining: 215s
step 135020 (99.0%) | loss: 8.1347 | gnorm: 2.6180 | dt: 160ms | tok/s: 25,648 | remaining: 212s
step 135040 (99.0%) | loss: 8.7120 | gnorm: 1.1049 | dt: 159ms | tok/s: 25,824 | remaining: 209s
step 135060 (99.0%) | loss: 8.6107 | gnorm: 3.5669 | dt: 161ms | tok/s: 25,474 | remaining: 206s
step 135080 (99.1%) | loss: 8.8319 | gnorm: 1.3302 | dt: 164ms | tok/s: 24,952 | remaining: 203s
step 135100 (99.1%) | loss: 7.9756 | gnorm: 3.4459 | dt: 161ms | tok/s: 25,408 | remaining: 199s
step 135120 (99.1%) | loss: 8.1187 | gnorm: 1.6235 | dt: 157ms | tok/s: 26,030 | remaining: 196s
step 135140 (99.1%) | loss: 7.6770 | gnorm: 3.2158 | dt: 157ms | tok/s: 26,066 | remaining: 193s
step 135160 (99.1%) | loss: 7.7513 | gnorm: 1.2332 | dt: 158ms | tok/s: 25,894 | remaining: 190s
step 135180 (99.1%) | loss: 8.7436 | gnorm: 4.0902 | dt: 158ms | tok/s: 25,930 | remaining: 187s
step 135200 (99.1%) | loss: 8.6337 | gnorm: 1.2404 | dt: 159ms | tok/s: 25,762 | remaining: 183s
step 135220 (99.2%) | loss: 8.0666 | gnorm: 2.9190 | dt: 160ms | tok/s: 25,592 | remaining: 180s
step 135240 (99.2%) | loss: 8.2105 | gnorm: 1.4477 | dt: 160ms | tok/s: 25,550 | remaining: 177s
step 135260 (99.2%) | loss: 9.0588 | gnorm: 4.1905 | dt: 164ms | tok/s: 24,939 | remaining: 174s
step 135280 (99.2%) | loss: 8.2908 | gnorm: 1.2432 | dt: 158ms | tok/s: 25,932 | remaining: 171s
step 135300 (99.2%) | loss: 9.4807 | gnorm: 3.2627 | dt: 157ms | tok/s: 26,126 | remaining: 168s
step 135320 (99.2%) | loss: 8.5956 | gnorm: 1.4235 | dt: 158ms | tok/s: 25,983 | remaining: 164s
step 135340 (99.3%) | loss: 8.7088 | gnorm: 3.8676 | dt: 160ms | tok/s: 25,676 | remaining: 161s
step 135360 (99.3%) | loss: 8.8786 | gnorm: 1.2832 | dt: 158ms | tok/s: 25,867 | remaining: 158s
step 135380 (99.3%) | loss: 10.0161 | gnorm: 4.1560 | dt: 161ms | tok/s: 25,438 | remaining: 155s
step 135400 (99.3%) | loss: 8.5135 | gnorm: 1.7616 | dt: 163ms | tok/s: 25,206 | remaining: 152s
step 135420 (99.3%) | loss: 8.6101 | gnorm: 3.2431 | dt: 163ms | tok/s: 25,127 | remaining: 148s
step 135440 (99.3%) | loss: 8.3432 | gnorm: 1.8387 | dt: 159ms | tok/s: 25,766 | remaining: 145s
step 135460 (99.3%) | loss: 8.2738 | gnorm: 2.9328 | dt: 158ms | tok/s: 25,882 | remaining: 142s
step 135480 (99.4%) | loss: 8.4764 | gnorm: 1.4875 | dt: 159ms | tok/s: 25,809 | remaining: 139s
step 135500 (99.4%) | loss: 9.1206 | gnorm: 3.3060 | dt: 155ms | tok/s: 26,384 | remaining: 136s
step 135520 (99.4%) | loss: 7.8166 | gnorm: 1.9504 | dt: 159ms | tok/s: 25,838 | remaining: 132s
step 135540 (99.4%) | loss: 8.7837 | gnorm: 3.2433 | dt: 161ms | tok/s: 25,479 | remaining: 129s
step 135560 (99.4%) | loss: 8.0342 | gnorm: 1.4168 | dt: 160ms | tok/s: 25,623 | remaining: 126s
step 135580 (99.4%) | loss: 8.5003 | gnorm: 2.7847 | dt: 162ms | tok/s: 25,311 | remaining: 123s
step 135600 (99.4%) | loss: 8.1538 | gnorm: 1.4847 | dt: 158ms | tok/s: 25,850 | remaining: 120s
step 135620 (99.5%) | loss: 8.6905 | gnorm: 3.7118 | dt: 157ms | tok/s: 26,069 | remaining: 116s
step 135640 (99.5%) | loss: 8.2696 | gnorm: 1.5610 | dt: 158ms | tok/s: 25,907 | remaining: 113s
step 135660 (99.5%) | loss: 8.4429 | gnorm: 3.0289 | dt: 160ms | tok/s: 25,650 | remaining: 110s
step 135680 (99.5%) | loss: 7.9812 | gnorm: 1.3425 | dt: 159ms | tok/s: 25,732 | remaining: 107s
step 135700 (99.5%) | loss: 8.6698 | gnorm: 3.6509 | dt: 160ms | tok/s: 25,570 | remaining: 104s
step 135720 (99.5%) | loss: 8.1516 | gnorm: 1.5111 | dt: 160ms | tok/s: 25,638 | remaining: 100s
step 135740 (99.5%) | loss: 8.2047 | gnorm: 3.3528 | dt: 160ms | tok/s: 25,537 | remaining: 97s
step 135760 (99.6%) | loss: 8.9352 | gnorm: 1.2305 | dt: 157ms | tok/s: 26,065 | remaining: 94s
step 135780 (99.6%) | loss: 8.3605 | gnorm: 3.6422 | dt: 158ms | tok/s: 26,001 | remaining: 91s
step 135800 (99.6%) | loss: 8.0011 | gnorm: 1.2507 | dt: 158ms | tok/s: 25,908 | remaining: 88s
step 135820 (99.6%) | loss: 8.5102 | gnorm: 3.7446 | dt: 159ms | tok/s: 25,696 | remaining: 85s
step 135840 (99.6%) | loss: 8.4653 | gnorm: 1.5064 | dt: 159ms | tok/s: 25,698 | remaining: 81s
step 135860 (99.6%) | loss: 8.3618 | gnorm: 3.7584 | dt: 160ms | tok/s: 25,659 | remaining: 78s
step 135880 (99.7%) | loss: 8.5463 | gnorm: 1.2647 | dt: 162ms | tok/s: 25,218 | remaining: 75s
step 135900 (99.7%) | loss: 8.3943 | gnorm: 3.1837 | dt: 157ms | tok/s: 26,083 | remaining: 72s
step 135920 (99.7%) | loss: 8.1687 | gnorm: 1.3399 | dt: 158ms | tok/s: 25,888 | remaining: 69s
step 135940 (99.7%) | loss: 8.8024 | gnorm: 2.8518 | dt: 158ms | tok/s: 25,956 | remaining: 65s
step 135960 (99.7%) | loss: 8.0865 | gnorm: 1.3749 | dt: 159ms | tok/s: 25,736 | remaining: 62s
step 135980 (99.7%) | loss: 8.1724 | gnorm: 2.6413 | dt: 159ms | tok/s: 25,699 | remaining: 59s
step 136000 (99.7%) | loss: 8.1312 | gnorm: 1.3786 | dt: 160ms | tok/s: 25,602 | remaining: 56s
step 136020 (99.8%) | loss: 7.8161 | gnorm: 3.2790 | dt: 162ms | tok/s: 25,351 | remaining: 53s
step 136040 (99.8%) | loss: 7.7337 | gnorm: 1.4298 | dt: 157ms | tok/s: 26,072 | remaining: 49s
step 136060 (99.8%) | loss: 8.4317 | gnorm: 3.6698 | dt: 158ms | tok/s: 25,924 | remaining: 46s
step 136080 (99.8%) | loss: 8.5351 | gnorm: 1.3175 | dt: 158ms | tok/s: 25,901 | remaining: 43s
step 136100 (99.8%) | loss: 9.2456 | gnorm: 3.0738 | dt: 171ms | tok/s: 23,910 | remaining: 40s
step 136120 (99.8%) | loss: 8.0590 | gnorm: 1.1833 | dt: 160ms | tok/s: 25,584 | remaining: 37s
step 136140 (99.8%) | loss: 9.0834 | gnorm: 2.7524 | dt: 159ms | tok/s: 25,681 | remaining: 33s
step 136160 (99.9%) | loss: 8.7232 | gnorm: 1.4157 | dt: 159ms | tok/s: 25,721 | remaining: 30s
step 136180 (99.9%) | loss: 8.5420 | gnorm: 3.2729 | dt: 163ms | tok/s: 25,059 | remaining: 27s
step 136200 (99.9%) | loss: 8.0970 | gnorm: 1.1517 | dt: 159ms | tok/s: 25,740 | remaining: 24s
step 136220 (99.9%) | loss: 8.5350 | gnorm: 3.5520 | dt: 158ms | tok/s: 26,000 | remaining: 21s
step 136240 (99.9%) | loss: 8.5065 | gnorm: 1.3736 | dt: 158ms | tok/s: 25,980 | remaining: 18s
step 136260 (99.9%) | loss: 8.8567 | gnorm: 3.1964 | dt: 159ms | tok/s: 25,731 | remaining: 14s
step 136280 (99.9%) | loss: 9.1902 | gnorm: 1.4543 | dt: 159ms | tok/s: 25,755 | remaining: 11s
step 136300 (100.0%) | loss: 8.0904 | gnorm: 3.3931 | dt: 160ms | tok/s: 25,536 | remaining: 8s
step 136320 (100.0%) | loss: 7.7400 | gnorm: 1.2876 | dt: 163ms | tok/s: 25,163 | remaining: 5s
step 136340 (100.0%) | loss: 8.6131 | gnorm: 3.6858 | dt: 159ms | tok/s: 25,841 | remaining: 2s

--- Per-t diagnostics ---
  t=0.05: mask_prob=0.008, n_masked=29, avg_CE_masked=0.7146
  t=0.10: mask_prob=0.028, n_masked=113, avg_CE_masked=0.6689
  t=0.20: mask_prob=0.101, n_masked=400, avg_CE_masked=0.8630
  t=0.30: mask_prob=0.213, n_masked=850, avg_CE_masked=1.4321
  t=0.50: mask_prob=0.506, n_masked=2088, avg_CE_masked=2.7685
  t=0.70: mask_prob=0.797, n_masked=3271, avg_CE_masked=4.7676
  t=0.90: mask_prob=0.976, n_masked=4005, avg_CE_masked=5.9864

ELBO eval (64 levels x 8 batches)...
  ELBO eval 4/8
  ELBO eval 8/8
  [checkpoint saved at step 136352, time=21600s]
---
val_bpb:          1.781332
training_seconds: 21600.1
total_seconds:    21618.4
num_steps:        136352
num_params_M:     16.8
model_dim:        512
num_layers:       6
noise_schedule:   cosine
elbo_steps:       64

==================================================
RUN SUMMARY — copy everything below this line
==================================================
val_bpb: 1.781332
steps: 136352 | time: 21600s | params: 16.8M
per-t: t0.05=0.71 | t0.1=0.67 | t0.2=0.86 | t0.3=1.43 | t0.5=2.77 | t0.7=4.77 | t0.9=5.99
final_smooth_loss: 8.1627
==================================================
